session_id	session_ts	minutes_logged	session_type	modality	rating_1_5	no_show
S05-000000	2024-03-13 16:57:00	20	INTERVIEW	IN_PERSON	5	0
S05-000001	2023-12-31 18:25:00	41	WORKSHOP	ASYNC	2	0
S05-000002	2023-10-10 22:10:00	79	INTERVIEW	IN_PERSON	4	0
S05-000003	2024-06-16 01:53:00	62	INTAKE	PHONE	5	1
S05-000004	2023-10-11 21:18:00	46	INTERVIEW	VIDEO	3	0
S05-000005	2024-05-08 18:23:00	93	RESUME	IN_PERSON	5	0
S05-000006	2023-10-09 10:39:00	77	RESUME	VIDEO	2	0
S05-000007	2024-06-15 23:04:00	83	NETWORK	IN_PERSON	2	0
S05-000008	2024-06-26 11:35:00	90	INTERVIEW	IN_PERSON	5	0
S05-000009	2024-03-26 20:50:00	21	WORKSHOP	VIDEO	5	0
S05-000010	2024-01-06 14:20:00	60	INTAKE	VIDEO	4	0
S05-000011	2023-09-06 16:09:00	44	NETWORK	VIDEO	2	0
S05-000012	2024-06-03 21:51:00	32	RESUME	VIDEO	3	0
S05-000013	2024-01-04 01:53:00	44	FOLLOWUP	IN_PERSON	4	0
S05-000014	2024-08-28 07:33:00	68	FOLLOWUP	VIDEO	5	0
S05-000015	2023-10-22 22:15:00	26	RESUME	ASYNC	3	1
S05-000016	2023-11-19 22:08:00	48	WORKSHOP	IN_PERSON	5	0
S05-000017	2023-10-08 06:47:00	60	NETWORK	PHONE	3	0
S05-000018	2023-09-23 10:57:00	93	INTAKE	VIDEO	5	0
S05-000019	2024-04-12 18:35:00	65	NETWORK	VIDEO	4	0
S05-000020	2024-08-21 04:50:00	52	WORKSHOP	VIDEO	5	0
S05-000021	2024-05-02 16:48:00	85	WORKSHOP	IN_PERSON	5	0
S05-000022	2023-11-16 04:59:00	21	INTAKE	VIDEO	3	0
S05-000023	2024-08-10 00:24:00	31	FOLLOWUP	VIDEO	4	1
S05-000024	2024-02-29 04:04:00	26	INTERVIEW	VIDEO	3	0
S05-000025	2024-06-27 04:26:00	42	NETWORK	VIDEO	4	0
S05-000026	2024-01-16 04:22:00	81	INTERVIEW	IN_PERSON	4	0
S05-000027	2023-09-17 05:09:00	28	WORKSHOP	IN_PERSON	4	1
S05-000028	2024-02-05 02:51:00	74	INTAKE	VIDEO	5	0
S05-000029	2024-03-09 16:33:00	51	INTERVIEW	VIDEO	5	0
S05-000030	2024-03-07 14:30:00	72	NETWORK	VIDEO	2	1
S05-000031	2023-09-13 14:18:00	46	INTAKE	IN_PERSON	5	0
S05-000032	2023-10-20 00:34:00	73	WORKSHOP	IN_PERSON	3	0
S05-000033	2024-01-07 12:25:00	73	WORKSHOP	VIDEO	5	1
S05-000034	2024-07-03 00:54:00	94	INTAKE	VIDEO	5	0
S05-000035	2023-12-29 10:34:00	43	NETWORK	IN_PERSON	3	0
S05-000036	2024-01-14 22:48:00	68	FOLLOWUP	IN_PERSON	5	0
S05-000037	2023-09-08 16:49:00	29	INTERVIEW	VIDEO	5	0
S05-000038	2024-06-26 23:50:00	73	WORKSHOP	VIDEO	4	1
S05-000039	2024-04-11 10:11:00	91	INTAKE	VIDEO	5	0
S05-000040	2024-07-12 00:14:00	34	INTERVIEW	VIDEO	5	0
S05-000041	2024-01-18 10:48:00	42	INTAKE	VIDEO	3	0
S05-000042	2023-11-04 02:24:00	92	WORKSHOP	IN_PERSON	4	0
S05-000043	2024-02-16 23:21:00	68	RESUME	IN_PERSON	5	0
S05-000044	2024-06-15 12:36:00	53	NETWORK	VIDEO	4	0
S05-000045	2023-09-02 05:38:00	62	FOLLOWUP	VIDEO	5	0
S05-000046	2024-01-22 16:40:00	73	WORKSHOP	VIDEO	4	0
S05-000047	2024-06-02 23:58:00	86	NETWORK	IN_PERSON	4	0
S05-000048	2024-06-18 14:21:00	64	NETWORK	IN_PERSON	5	0
S05-000049	2024-02-03 18:58:00	77	FOLLOWUP	IN_PERSON	2	0
S05-000050	2023-12-10 18:09:00	80	WORKSHOP	VIDEO	4	0
S05-000051	2023-09-02 22:54:00	78	INTERVIEW	VIDEO	4	0
S05-000052	2024-07-15 06:01:00	69	NETWORK	IN_PERSON	5	0
S05-000053	2024-02-22 11:54:00	66	RESUME	VIDEO	5	0
S05-000054	2024-07-23 20:28:00	33	INTAKE	VIDEO	3	0
S05-000055	2024-07-04 06:12:00	44	NETWORK	PHONE	4	0
S05-000056	2024-08-30 02:37:00	88	RESUME	VIDEO	2	0
S05-000057	2024-03-05 08:53:00	59	FOLLOWUP	ASYNC	5	0
S05-000058	2024-01-09 22:43:00	60	WORKSHOP	VIDEO	4	0
S05-000059	2023-12-20 04:10:00	22	WORKSHOP	PHONE	3	1
S05-000060	2023-10-24 09:42:00	33	WORKSHOP	VIDEO	4	0
S05-000061	2023-09-07 03:10:00	85	WORKSHOP	VIDEO	3	0
S05-000062	2024-04-08 18:15:00	78	INTAKE	ASYNC	3	0
S05-000063	2024-03-11 03:50:00	82	RESUME	PHONE	3	0
S05-000064	2023-12-30 09:59:00	33	RESUME	VIDEO	4	1
S05-000065	2024-05-25 02:33:00	71	FOLLOWUP	VIDEO	3	0
S05-000066	2024-08-21 14:00:00	91	INTAKE	IN_PERSON	4	0
S05-000067	2023-11-06 04:08:00	31	NETWORK	PHONE	3	0
S05-000068	2024-06-27 19:19:00	65	WORKSHOP	ASYNC	5	0
S05-000069	2024-05-25 07:51:00	64	NETWORK	VIDEO	4	0
S05-000070	2024-04-21 17:15:00	65	FOLLOWUP	IN_PERSON	4	0
S05-000071	2024-02-08 02:40:00	86	RESUME	ASYNC	4	0
S05-000072	2024-02-27 20:22:00	39	FOLLOWUP	IN_PERSON	5	0
S05-000073	2023-09-07 16:54:00	53	NETWORK	VIDEO	2	0
S05-000074	2023-11-22 23:44:00	71	NETWORK	PHONE	5	0
S05-000075	2024-06-14 16:17:00	61	INTAKE	VIDEO	4	0
S05-000076	2024-02-28 04:12:00	94	INTAKE	IN_PERSON	5	0
S05-000077	2024-06-29 04:28:00	23	INTAKE	IN_PERSON	3	0
S05-000078	2023-11-17 18:23:00	89	NETWORK	ASYNC	2	0
S05-000079	2024-06-09 08:30:00	26	WORKSHOP	IN_PERSON	3	0
S05-000080	2023-10-01 19:01:00	89	RESUME	IN_PERSON	3	0
S05-000081	2023-10-01 07:46:00	90	WORKSHOP	VIDEO	4	0
S05-000082	2024-03-24 13:20:00	58	WORKSHOP	IN_PERSON	4	0
S05-000083	2023-10-07 00:15:00	79	INTERVIEW	ASYNC	5	1
S05-000084	2024-02-14 13:16:00	26	INTERVIEW	IN_PERSON	4	0
S05-000085	2023-10-22 16:32:00	74	INTAKE	VIDEO	5	1
S05-000086	2023-10-16 02:50:00	46	WORKSHOP	IN_PERSON	4	0
S05-000087	2024-03-03 02:20:00	85	INTERVIEW	IN_PERSON	4	0
S05-000088	2024-04-12 19:14:00	33	INTAKE	IN_PERSON	5	0
S05-000089	2024-02-09 12:45:00	33	INTAKE	VIDEO	5	0
S05-000090	2024-04-13 19:45:00	56	NETWORK	IN_PERSON	5	0
S05-000091	2024-05-20 04:26:00	50	INTAKE	VIDEO	5	0
S05-000092	2024-05-10 17:34:00	84	NETWORK	IN_PERSON	3	0
S05-000093	2024-05-20 03:46:00	33	NETWORK	ASYNC	4	0
S05-000094	2023-12-10 17:53:00	34	FOLLOWUP	IN_PERSON	4	0
S05-000095	2024-05-04 09:29:00	80	RESUME	VIDEO	2	0
S05-000096	2023-10-25 09:22:00	76	NETWORK	VIDEO	3	0
S05-000097	2024-05-13 10:14:00	23	RESUME	VIDEO	5	0
S05-000098	2024-01-08 04:32:00	54	NETWORK	PHONE	3	0
S05-000099	2024-03-02 20:01:00	23	WORKSHOP	VIDEO	3	0
S05-000100	2023-09-10 00:15:00	22	WORKSHOP	IN_PERSON	5	0
S05-000101	2024-02-01 06:41:00	34	RESUME	IN_PERSON	4	0
S05-000102	2024-08-13 01:32:00	76	RESUME	VIDEO	4	0
S05-000103	2024-03-15 02:00:00	32	NETWORK	VIDEO	2	0
S05-000104	2024-03-12 02:26:00	63	INTAKE	VIDEO	5	1
S05-000105	2024-01-11 14:23:00	41	INTAKE	IN_PERSON	4	0
S05-000106	2024-07-29 19:44:00	84	RESUME	PHONE	3	0
S05-000107	2023-11-14 06:51:00	39	INTERVIEW	VIDEO	2	0
S05-000108	2024-02-06 03:36:00	30	RESUME	IN_PERSON	3	0
S05-000109	2023-09-17 21:14:00	43	RESUME	IN_PERSON	3	0
S05-000110	2023-12-01 05:53:00	72	INTAKE	IN_PERSON	3	0
S05-000111	2023-10-20 03:10:00	61	WORKSHOP	IN_PERSON	5	0
S05-000112	2023-10-15 10:23:00	70	NETWORK	VIDEO	3	0
S05-000113	2023-09-23 14:51:00	60	INTERVIEW	IN_PERSON	5	0
S05-000114	2024-02-27 21:45:00	49	NETWORK	VIDEO	4	0
S05-000115	2024-07-04 22:49:00	83	WORKSHOP	PHONE	3	1
S05-000116	2023-11-04 17:29:00	59	INTERVIEW	VIDEO	2	0
S05-000117	2023-09-27 20:28:00	36	INTERVIEW	IN_PERSON	4	0
S05-000118	2024-04-05 02:06:00	62	WORKSHOP	IN_PERSON	5	0
S05-000119	2024-05-11 11:52:00	21	INTERVIEW	VIDEO	4	0
S05-000120	2024-02-16 19:39:00	53	FOLLOWUP	VIDEO	3	0
S05-000121	2023-10-21 21:00:00	88	RESUME	IN_PERSON	5	0
S05-000122	2024-06-10 19:17:00	81	NETWORK	IN_PERSON	4	0
S05-000123	2023-11-28 11:23:00	36	INTERVIEW	IN_PERSON	2	0
S05-000124	2024-02-03 02:28:00	30	NETWORK	VIDEO	5	0
S05-000125	2024-06-27 11:42:00	52	FOLLOWUP	VIDEO	5	0
S05-000126	2024-05-10 03:29:00	76	INTAKE	VIDEO	5	0
S05-000127	2023-12-05 22:13:00	94	RESUME	IN_PERSON	5	0
S05-000128	2023-10-14 11:55:00	32	RESUME	ASYNC	3	0
S05-000129	2023-10-05 21:28:00	61	FOLLOWUP	VIDEO	5	0
S05-000130	2024-05-13 06:01:00	82	INTAKE	IN_PERSON	5	0
S05-000131	2024-08-15 13:10:00	28	FOLLOWUP	VIDEO	5	0
S05-000132	2024-06-06 09:17:00	62	WORKSHOP	ASYNC	5	0
S05-000133	2023-12-21 15:10:00	56	INTAKE	IN_PERSON	4	0
S05-000134	2023-09-24 23:15:00	35	INTERVIEW	IN_PERSON	4	0
S05-000135	2024-05-14 19:39:00	43	RESUME	ASYNC	5	0
S05-000136	2024-04-23 21:52:00	73	FOLLOWUP	VIDEO	4	0
S05-000137	2024-06-01 23:57:00	71	NETWORK	VIDEO	4	0
S05-000138	2023-11-04 23:10:00	94	INTERVIEW	IN_PERSON	2	0
S05-000139	2023-10-09 09:43:00	37	WORKSHOP	IN_PERSON	3	0
S05-000140	2023-12-31 11:39:00	68	FOLLOWUP	VIDEO	5	0
S05-000141	2023-09-23 08:09:00	23	NETWORK	VIDEO	5	0
S05-000142	2024-02-27 08:42:00	81	WORKSHOP	IN_PERSON	4	0
S05-000143	2024-04-02 04:14:00	69	INTERVIEW	IN_PERSON	3	0
S05-000144	2023-12-01 18:36:00	42	RESUME	VIDEO	2	0
S05-000145	2024-05-17 13:16:00	67	INTAKE	VIDEO	3	0
S05-000146	2024-05-03 09:26:00	93	NETWORK	VIDEO	5	0
S05-000147	2024-06-04 16:50:00	86	WORKSHOP	IN_PERSON	3	0
S05-000148	2023-10-21 08:39:00	58	NETWORK	PHONE	5	0
S05-000149	2024-03-28 05:25:00	80	FOLLOWUP	VIDEO	3	0
S05-000150	2023-09-26 17:02:00	39	INTAKE	ASYNC	5	0
S05-000151	2024-04-28 20:39:00	68	INTAKE	VIDEO	3	1
S05-000152	2023-12-01 02:10:00	65	WORKSHOP	VIDEO	4	0
S05-000153	2024-06-01 05:29:00	54	RESUME	IN_PERSON	4	0
S05-000154	2024-07-21 20:42:00	83	INTERVIEW	IN_PERSON	4	0
S05-000155	2024-01-12 20:27:00	91	NETWORK	IN_PERSON	5	0
S05-000156	2024-01-21 22:56:00	57	INTERVIEW	IN_PERSON	4	0
S05-000157	2024-08-22 03:30:00	77	FOLLOWUP	IN_PERSON	3	0
S05-000158	2023-09-04 14:26:00	70	RESUME	IN_PERSON	5	0
S05-000159	2023-10-30 17:05:00	59	INTERVIEW	VIDEO	3	0
S05-000160	2024-03-05 02:44:00	41	INTAKE	VIDEO	5	0
S05-000161	2023-11-12 15:35:00	75	WORKSHOP	VIDEO	4	0
S05-000162	2023-11-26 15:24:00	36	FOLLOWUP	VIDEO	5	0
S05-000163	2024-08-28 00:31:00	34	FOLLOWUP	IN_PERSON	3	0
S05-000164	2024-08-07 16:37:00	45	WORKSHOP	VIDEO	5	0
S05-000165	2024-04-03 17:13:00	73	RESUME	IN_PERSON	4	0
S05-000166	2024-03-25 21:52:00	86	RESUME	IN_PERSON	4	0
S05-000167	2023-11-08 01:09:00	62	WORKSHOP	IN_PERSON	5	0
S05-000168	2024-03-30 14:59:00	91	NETWORK	VIDEO	5	0
S05-000169	2024-04-14 04:02:00	35	INTERVIEW	IN_PERSON	4	0
S05-000170	2024-02-22 15:25:00	39	RESUME	PHONE	4	0
S05-000171	2023-12-12 08:46:00	80	RESUME	PHONE	5	0
S05-000172	2024-01-26 14:44:00	88	INTERVIEW	IN_PERSON	5	0
S05-000173	2024-06-10 06:17:00	86	FOLLOWUP	IN_PERSON	2	0
S05-000174	2024-06-04 23:52:00	32	FOLLOWUP	VIDEO	3	0
S05-000175	2023-10-18 22:02:00	71	NETWORK	IN_PERSON	5	0
S05-000176	2024-05-27 12:18:00	37	RESUME	IN_PERSON	4	0
S05-000177	2024-02-12 08:16:00	74	INTAKE	IN_PERSON	4	0
S05-000178	2024-04-12 07:29:00	79	NETWORK	IN_PERSON	5	0
S05-000179	2024-05-23 12:14:00	74	INTERVIEW	ASYNC	3	1
S05-000180	2024-01-26 05:56:00	71	WORKSHOP	VIDEO	5	0
S05-000181	2024-01-21 20:42:00	43	RESUME	ASYNC	5	1
S05-000182	2024-05-02 21:37:00	60	WORKSHOP	VIDEO	2	0
S05-000183	2024-03-19 18:52:00	81	FOLLOWUP	VIDEO	3	0
S05-000184	2024-01-22 09:46:00	94	INTERVIEW	ASYNC	4	0
S05-000185	2024-06-20 19:08:00	39	FOLLOWUP	VIDEO	2	0
S05-000186	2024-08-05 20:52:00	26	INTAKE	VIDEO	4	0
S05-000187	2023-11-22 16:42:00	75	INTERVIEW	ASYNC	4	0
S05-000188	2023-09-30 11:17:00	90	INTERVIEW	VIDEO	3	0
S05-000189	2024-02-11 14:03:00	37	FOLLOWUP	IN_PERSON	3	0
S05-000190	2023-11-12 15:02:00	69	NETWORK	ASYNC	4	0
S05-000191	2024-03-08 04:04:00	54	INTAKE	VIDEO	3	0
S05-000192	2024-04-24 10:40:00	28	INTERVIEW	VIDEO	5	0
S05-000193	2024-07-07 03:56:00	68	INTAKE	VIDEO	2	0
S05-000194	2024-04-13 20:29:00	21	RESUME	VIDEO	4	0
S05-000195	2023-10-10 20:22:00	49	FOLLOWUP	VIDEO	5	0
S05-000196	2023-12-14 07:05:00	44	FOLLOWUP	VIDEO	3	0
S05-000197	2024-08-10 23:52:00	62	RESUME	IN_PERSON	5	0
S05-000198	2023-10-11 09:18:00	63	WORKSHOP	IN_PERSON	3	0
S05-000199	2024-08-26 11:17:00	21	RESUME	IN_PERSON	3	0
S05-000200	2023-11-22 08:05:00	83	FOLLOWUP	IN_PERSON	5	0
S05-000201	2023-09-18 12:34:00	64	NETWORK	VIDEO	4	0
S05-000202	2024-05-28 01:08:00	27	RESUME	VIDEO	5	0
S05-000203	2023-09-05 14:02:00	32	INTAKE	IN_PERSON	3	0
S05-000204	2024-01-21 13:23:00	39	INTAKE	IN_PERSON	3	0
S05-000205	2023-11-02 08:21:00	43	FOLLOWUP	VIDEO	5	0
S05-000206	2024-05-11 05:37:00	55	WORKSHOP	VIDEO	4	0
S05-000207	2023-11-07 01:09:00	90	WORKSHOP	VIDEO	5	0
S05-000208	2023-09-06 17:07:00	27	INTERVIEW	PHONE	5	0
S05-000209	2024-08-03 08:34:00	89	FOLLOWUP	IN_PERSON	4	0
S05-000210	2024-01-03 05:25:00	91	RESUME	IN_PERSON	4	0
S05-000211	2024-03-02 06:25:00	56	WORKSHOP	IN_PERSON	5	0
S05-000212	2024-02-24 07:13:00	50	WORKSHOP	VIDEO	5	0
S05-000213	2023-11-16 11:03:00	84	INTAKE	VIDEO	4	0
S05-000214	2024-05-04 11:03:00	49	FOLLOWUP	IN_PERSON	3	0
S05-000215	2024-08-24 20:20:00	71	NETWORK	VIDEO	5	0
S05-000216	2024-01-01 13:03:00	48	FOLLOWUP	VIDEO	5	0
S05-000217	2024-05-07 09:51:00	25	RESUME	ASYNC	5	0
S05-000218	2023-11-06 02:28:00	87	WORKSHOP	VIDEO	3	0
S05-000219	2023-12-26 09:25:00	66	WORKSHOP	VIDEO	5	0
S05-000220	2024-03-19 23:56:00	30	RESUME	VIDEO	5	0
S05-000221	2023-12-30 13:24:00	45	INTERVIEW	PHONE	4	0
S05-000222	2024-07-16 19:45:00	53	FOLLOWUP	VIDEO	2	0
S05-000223	2024-08-02 02:45:00	31	NETWORK	IN_PERSON	5	0
S05-000224	2024-05-11 17:18:00	35	FOLLOWUP	IN_PERSON	3	1
S05-000225	2023-10-27 12:40:00	27	WORKSHOP	VIDEO	2	0
S05-000226	2024-01-11 17:03:00	30	WORKSHOP	IN_PERSON	4	0
S05-000227	2023-11-04 01:59:00	47	WORKSHOP	PHONE	5	0
S05-000228	2024-04-06 20:34:00	21	WORKSHOP	VIDEO	4	0
S05-000229	2024-05-07 16:04:00	24	NETWORK	VIDEO	5	0
S05-000230	2024-08-11 09:54:00	53	RESUME	IN_PERSON	4	0
S05-000231	2024-06-17 04:21:00	54	INTERVIEW	IN_PERSON	5	0
S05-000232	2024-07-23 10:34:00	64	INTERVIEW	VIDEO	4	0
S05-000233	2024-03-13 21:06:00	50	INTAKE	VIDEO	5	0
S05-000234	2024-02-07 19:03:00	73	NETWORK	VIDEO	5	0
S05-000235	2024-05-02 04:34:00	41	INTAKE	ASYNC	4	0
S05-000236	2024-07-16 08:33:00	30	FOLLOWUP	IN_PERSON	5	0
S05-000237	2024-07-15 07:50:00	21	NETWORK	PHONE	5	0
S05-000238	2023-12-04 18:30:00	52	RESUME	VIDEO	3	0
S05-000239	2024-07-11 03:18:00	87	WORKSHOP	IN_PERSON	3	0
S05-000240	2024-01-09 03:23:00	43	INTAKE	IN_PERSON	3	0
S05-000241	2024-07-13 18:42:00	72	NETWORK	VIDEO	5	0
S05-000242	2024-05-11 03:32:00	23	INTERVIEW	VIDEO	2	0
S05-000243	2024-05-12 17:47:00	92	NETWORK	IN_PERSON	4	1
S05-000244	2023-11-25 02:59:00	71	NETWORK	IN_PERSON	5	0
S05-000245	2023-10-27 21:17:00	56	INTERVIEW	VIDEO	5	0
S05-000246	2024-03-10 19:28:00	46	FOLLOWUP	VIDEO	3	0
S05-000247	2024-01-17 09:12:00	38	RESUME	IN_PERSON	4	0
S05-000248	2024-06-14 12:29:00	49	RESUME	ASYNC	5	0
S05-000249	2023-11-20 11:42:00	56	NETWORK	VIDEO	3	0
S05-000250	2023-09-11 20:41:00	50	WORKSHOP	VIDEO	4	1
S05-000251	2024-02-12 23:29:00	93	RESUME	IN_PERSON	5	1
S05-000252	2023-12-26 04:56:00	41	RESUME	PHONE	5	0
S05-000253	2023-09-01 22:18:00	24	NETWORK	IN_PERSON	4	1
S05-000254	2024-03-25 05:44:00	54	WORKSHOP	IN_PERSON	4	0
S05-000255	2023-12-08 08:42:00	79	FOLLOWUP	IN_PERSON	4	0
S05-000256	2023-12-24 05:06:00	60	WORKSHOP	PHONE	3	0
S05-000257	2024-01-03 03:33:00	46	NETWORK	VIDEO	3	0
S05-000258	2023-11-03 12:28:00	68	NETWORK	VIDEO	4	0
S05-000259	2023-09-20 05:48:00	32	RESUME	IN_PERSON	5	0
S05-000260	2024-04-29 01:01:00	71	WORKSHOP	VIDEO	3	0
S05-000261	2024-06-04 00:19:00	81	WORKSHOP	VIDEO	4	0
S05-000262	2024-01-12 06:52:00	76	INTAKE	VIDEO	3	0
S05-000263	2023-12-07 14:15:00	88	INTAKE	VIDEO	5	0
S05-000264	2024-04-06 11:53:00	35	NETWORK	IN_PERSON	2	0
S05-000265	2024-06-11 14:28:00	32	INTAKE	PHONE	4	1
S05-000266	2024-07-09 14:18:00	33	WORKSHOP	PHONE	5	0
S05-000267	2023-11-19 20:45:00	92	RESUME	IN_PERSON	3	0
S05-000268	2023-10-19 10:58:00	52	INTERVIEW	VIDEO	5	0
S05-000269	2024-04-14 08:17:00	71	NETWORK	IN_PERSON	4	0
S05-000270	2023-11-14 20:43:00	35	FOLLOWUP	ASYNC	5	0
S05-000271	2023-09-12 14:30:00	61	NETWORK	VIDEO	4	0
S05-000272	2024-07-05 21:04:00	54	NETWORK	IN_PERSON	3	0
S05-000273	2023-10-17 02:28:00	26	FOLLOWUP	VIDEO	3	0
S05-000274	2024-05-26 14:36:00	93	RESUME	VIDEO	2	0
S05-000275	2024-07-05 00:16:00	27	RESUME	VIDEO	5	0
S05-000276	2024-03-21 16:24:00	60	INTAKE	IN_PERSON	4	0
S05-000277	2023-09-29 11:00:00	58	WORKSHOP	PHONE	3	0
S05-000278	2023-11-08 03:42:00	50	INTAKE	PHONE	4	0
S05-000279	2024-08-18 06:43:00	50	WORKSHOP	VIDEO	2	1
S05-000280	2024-06-03 19:58:00	58	FOLLOWUP	VIDEO	3	0
S05-000281	2024-04-12 08:52:00	69	RESUME	IN_PERSON	4	0
S05-000282	2023-12-03 20:42:00	76	WORKSHOP	IN_PERSON	5	0
S05-000283	2023-11-14 16:31:00	48	INTERVIEW	PHONE	4	0
S05-000284	2023-11-09 13:07:00	45	RESUME	IN_PERSON	5	0
S05-000285	2024-08-22 21:19:00	36	INTAKE	IN_PERSON	5	0
S05-000286	2023-11-21 12:45:00	54	WORKSHOP	VIDEO	3	0
S05-000287	2023-10-14 12:41:00	23	INTERVIEW	IN_PERSON	3	0
S05-000288	2024-01-20 22:27:00	42	RESUME	VIDEO	5	0
S05-000289	2024-03-22 07:26:00	63	WORKSHOP	VIDEO	4	0
S05-000290	2024-05-07 04:20:00	65	INTERVIEW	PHONE	2	0
S05-000291	2023-12-12 01:27:00	74	NETWORK	IN_PERSON	4	0
S05-000292	2024-03-19 22:38:00	39	INTERVIEW	IN_PERSON	5	0
S05-000293	2024-07-13 18:40:00	31	INTERVIEW	ASYNC	5	0
S05-000294	2024-04-12 14:29:00	88	INTERVIEW	IN_PERSON	3	0
S05-000295	2024-02-01 22:21:00	80	WORKSHOP	IN_PERSON	3	1
S05-000296	2024-03-21 22:17:00	38	FOLLOWUP	IN_PERSON	4	0
S05-000297	2023-12-13 17:30:00	72	INTERVIEW	VIDEO	4	0
S05-000298	2024-04-26 16:31:00	69	INTAKE	ASYNC	5	0
S05-000299	2023-12-12 16:04:00	33	WORKSHOP	VIDEO	2	0
S05-000300	2023-11-23 03:30:00	55	INTERVIEW	VIDEO	5	0
S05-000301	2024-03-06 17:08:00	85	NETWORK	IN_PERSON	4	0
S05-000302	2023-11-22 14:12:00	56	NETWORK	VIDEO	2	0
S05-000303	2024-05-17 10:44:00	33	WORKSHOP	IN_PERSON	5	0
S05-000304	2023-09-06 16:03:00	54	INTAKE	IN_PERSON	5	0
S05-000305	2024-02-28 16:31:00	85	FOLLOWUP	IN_PERSON	5	0
S05-000306	2024-03-20 17:38:00	74	WORKSHOP	PHONE	5	0
S05-000307	2023-11-07 07:26:00	71	RESUME	IN_PERSON	4	0
S05-000308	2024-03-15 21:50:00	47	WORKSHOP	IN_PERSON	4	0
S05-000309	2023-10-12 12:28:00	32	RESUME	VIDEO	5	0
S05-000310	2024-03-17 14:28:00	68	RESUME	IN_PERSON	4	0
S05-000311	2023-11-27 23:31:00	70	INTERVIEW	IN_PERSON	5	0
S05-000312	2024-03-03 17:37:00	92	WORKSHOP	IN_PERSON	4	0
S05-000313	2023-09-19 15:25:00	84	RESUME	IN_PERSON	3	0
S05-000314	2024-02-18 09:35:00	64	WORKSHOP	IN_PERSON	4	0
S05-000315	2023-11-02 06:09:00	52	NETWORK	VIDEO	4	0
S05-000316	2023-11-17 00:23:00	69	NETWORK	IN_PERSON	2	0
S05-000317	2023-10-17 04:40:00	34	INTAKE	ASYNC	5	0
S05-000318	2024-08-18 08:51:00	74	INTAKE	IN_PERSON	2	0
S05-000319	2024-08-20 03:04:00	56	RESUME	VIDEO	4	0
S05-000320	2024-05-02 23:04:00	22	WORKSHOP	IN_PERSON	5	0
S05-000321	2024-03-13 13:17:00	57	RESUME	ASYNC	5	0
S05-000322	2024-04-05 17:32:00	28	FOLLOWUP	VIDEO	4	1
S05-000323	2023-10-29 23:54:00	71	RESUME	IN_PERSON	3	0
S05-000324	2024-05-08 17:51:00	46	WORKSHOP	VIDEO	5	0
S05-000325	2024-04-30 19:27:00	82	RESUME	VIDEO	4	0
S05-000326	2024-01-27 01:00:00	80	INTAKE	VIDEO	2	0
S05-000327	2024-01-04 19:49:00	59	RESUME	VIDEO	5	0
S05-000328	2023-09-05 02:17:00	81	WORKSHOP	VIDEO	4	0
S05-000329	2024-03-15 10:27:00	31	INTERVIEW	VIDEO	5	0
S05-000330	2024-06-01 18:43:00	33	RESUME	ASYNC	4	0
S05-000331	2024-05-11 22:42:00	91	RESUME	VIDEO	4	0
S05-000332	2024-08-08 22:09:00	52	INTAKE	VIDEO	4	0
S05-000333	2023-12-31 09:35:00	43	INTERVIEW	VIDEO	5	1
S05-000334	2024-04-21 16:16:00	35	WORKSHOP	IN_PERSON	5	0
S05-000335	2023-10-28 14:19:00	67	FOLLOWUP	ASYNC	4	0
S05-000336	2023-10-22 23:17:00	46	INTERVIEW	IN_PERSON	2	0
S05-000337	2024-01-14 16:29:00	67	INTERVIEW	VIDEO	5	0
S05-000338	2024-07-06 17:29:00	93	RESUME	IN_PERSON	5	0
S05-000339	2024-06-26 22:13:00	83	FOLLOWUP	PHONE	5	0
S05-000340	2024-04-15 20:42:00	45	FOLLOWUP	IN_PERSON	4	0
S05-000341	2023-09-16 23:15:00	22	INTERVIEW	IN_PERSON	4	0
S05-000342	2024-01-18 02:02:00	58	FOLLOWUP	IN_PERSON	4	0
S05-000343	2023-09-19 09:00:00	72	INTERVIEW	IN_PERSON	5	0
S05-000344	2024-03-09 17:46:00	55	INTAKE	ASYNC	5	0
S05-000345	2024-07-15 05:09:00	43	WORKSHOP	VIDEO	2	0
S05-000346	2023-10-19 15:51:00	73	NETWORK	VIDEO	5	0
S05-000347	2024-05-28 00:18:00	45	INTAKE	PHONE	5	1
S05-000348	2024-03-20 03:09:00	73	RESUME	VIDEO	4	0
S05-000349	2024-06-04 06:18:00	82	RESUME	VIDEO	3	0
S05-000350	2024-04-01 14:30:00	37	RESUME	VIDEO	5	0
S05-000351	2024-01-03 22:36:00	28	WORKSHOP	IN_PERSON	5	0
S05-000352	2024-05-11 11:57:00	59	WORKSHOP	PHONE	5	0
S05-000353	2024-03-25 03:17:00	91	INTERVIEW	VIDEO	5	0
S05-000354	2024-04-06 02:57:00	23	INTAKE	VIDEO	4	0
S05-000355	2024-05-29 13:56:00	86	NETWORK	VIDEO	4	1
S05-000356	2024-07-13 22:28:00	59	FOLLOWUP	PHONE	4	0
S05-000357	2024-04-25 03:16:00	91	RESUME	IN_PERSON	5	1
S05-000358	2023-09-19 09:54:00	89	FOLLOWUP	IN_PERSON	5	0
S05-000359	2023-11-05 15:23:00	78	INTAKE	IN_PERSON	3	1
S05-000360	2024-02-25 22:26:00	43	INTERVIEW	VIDEO	4	0
S05-000361	2023-10-06 09:31:00	59	INTERVIEW	PHONE	4	0
S05-000362	2024-07-21 20:30:00	91	RESUME	PHONE	4	0
S05-000363	2024-05-12 16:47:00	66	WORKSHOP	IN_PERSON	3	0
S05-000364	2024-05-14 19:24:00	21	INTAKE	VIDEO	5	0
S05-000365	2023-11-23 11:52:00	77	FOLLOWUP	ASYNC	4	0
S05-000366	2023-11-08 07:05:00	84	INTAKE	PHONE	5	0
S05-000367	2024-08-18 12:33:00	63	WORKSHOP	IN_PERSON	4	0
S05-000368	2024-06-17 23:55:00	71	NETWORK	IN_PERSON	5	1
S05-000369	2024-03-01 12:47:00	51	RESUME	IN_PERSON	4	0
S05-000370	2023-10-14 13:06:00	80	RESUME	IN_PERSON	5	0
S05-000371	2024-06-28 00:43:00	93	NETWORK	IN_PERSON	4	0
S05-000372	2023-10-24 03:50:00	74	INTERVIEW	ASYNC	3	0
S05-000373	2024-06-15 21:06:00	83	INTAKE	IN_PERSON	5	0
S05-000374	2024-06-20 01:15:00	72	RESUME	IN_PERSON	4	0
S05-000375	2024-07-14 19:42:00	94	FOLLOWUP	IN_PERSON	5	0
S05-000376	2024-01-19 01:09:00	81	WORKSHOP	ASYNC	2	0
S05-000377	2023-09-23 23:30:00	79	FOLLOWUP	VIDEO	5	0
S05-000378	2024-06-27 16:10:00	20	INTAKE	PHONE	5	0
S05-000379	2023-11-07 13:32:00	53	WORKSHOP	VIDEO	3	0
S05-000380	2023-11-01 19:57:00	39	WORKSHOP	PHONE	3	0
S05-000381	2023-10-10 04:12:00	68	INTAKE	PHONE	2	0
S05-000382	2024-05-05 20:06:00	83	RESUME	VIDEO	4	0
S05-000383	2023-09-18 16:04:00	60	INTAKE	VIDEO	2	1
S05-000384	2024-08-19 16:22:00	63	INTERVIEW	IN_PERSON	5	0
S05-000385	2023-12-24 02:11:00	64	INTAKE	IN_PERSON	4	0
S05-000386	2024-07-24 16:08:00	32	INTAKE	VIDEO	5	0
S05-000387	2024-04-30 10:55:00	94	INTAKE	ASYNC	4	1
S05-000388	2024-04-07 07:50:00	20	INTERVIEW	VIDEO	2	0
S05-000389	2024-01-15 17:59:00	54	INTAKE	IN_PERSON	2	0
S05-000390	2024-02-10 07:51:00	61	NETWORK	IN_PERSON	4	0
S05-000391	2024-05-02 12:48:00	70	RESUME	IN_PERSON	4	0
S05-000392	2023-09-01 10:02:00	79	INTERVIEW	VIDEO	4	0
S05-000393	2023-12-07 13:24:00	77	INTAKE	IN_PERSON	4	1
S05-000394	2023-11-10 00:45:00	72	INTAKE	PHONE	3	0
S05-000395	2024-02-17 22:04:00	49	INTAKE	VIDEO	5	0
S05-000396	2024-05-18 17:05:00	52	FOLLOWUP	ASYNC	5	0
S05-000397	2024-03-31 09:10:00	22	FOLLOWUP	VIDEO	3	0
S05-000398	2024-07-20 14:22:00	72	NETWORK	PHONE	3	0
S05-000399	2024-05-25 05:32:00	77	RESUME	VIDEO	5	0
S05-000400	2023-10-10 13:45:00	63	RESUME	VIDEO	3	0
S05-000401	2024-08-28 12:32:00	37	NETWORK	VIDEO	3	0
S05-000402	2024-04-08 07:40:00	69	INTERVIEW	IN_PERSON	5	0
S05-000403	2024-04-03 01:38:00	43	INTAKE	IN_PERSON	3	1
S05-000404	2023-12-09 03:30:00	74	INTAKE	IN_PERSON	2	0
S05-000405	2023-12-17 03:19:00	89	RESUME	IN_PERSON	4	0
S05-000406	2023-09-26 16:48:00	41	WORKSHOP	VIDEO	3	0
S05-000407	2024-03-30 19:31:00	89	FOLLOWUP	PHONE	2	0
S05-000408	2023-12-17 18:44:00	85	NETWORK	IN_PERSON	4	0
S05-000409	2023-10-30 11:55:00	25	INTAKE	ASYNC	5	0
S05-000410	2024-07-23 12:51:00	33	NETWORK	IN_PERSON	3	0
S05-000411	2024-03-15 10:24:00	78	RESUME	VIDEO	5	0
S05-000412	2024-04-18 09:23:00	59	WORKSHOP	VIDEO	5	0
S05-000413	2024-01-02 03:20:00	76	RESUME	VIDEO	2	0
S05-000414	2023-10-30 23:15:00	26	FOLLOWUP	VIDEO	5	0
S05-000415	2023-12-16 19:39:00	61	RESUME	IN_PERSON	4	0
S05-000416	2023-10-25 20:46:00	68	NETWORK	VIDEO	3	0
S05-000417	2024-01-21 01:11:00	61	NETWORK	IN_PERSON	4	0
S05-000418	2024-08-10 04:17:00	82	INTERVIEW	PHONE	4	1
S05-000419	2024-06-24 23:44:00	62	FOLLOWUP	IN_PERSON	4	0
S05-000420	2024-03-29 23:24:00	94	WORKSHOP	IN_PERSON	5	0
S05-000421	2024-03-08 03:44:00	37	RESUME	ASYNC	3	1
S05-000422	2024-06-13 15:17:00	76	WORKSHOP	VIDEO	2	0
S05-000423	2024-05-28 20:33:00	80	RESUME	PHONE	4	0
S05-000424	2023-11-08 19:44:00	21	INTERVIEW	VIDEO	4	0
S05-000425	2024-02-04 20:43:00	48	WORKSHOP	IN_PERSON	5	0
S05-000426	2024-01-26 08:06:00	84	WORKSHOP	VIDEO	4	0
S05-000427	2024-03-14 10:16:00	77	INTERVIEW	IN_PERSON	4	0
S05-000428	2023-10-24 21:29:00	90	NETWORK	IN_PERSON	4	0
S05-000429	2023-11-04 22:48:00	89	INTAKE	VIDEO	3	0
S05-000430	2023-10-12 21:49:00	32	WORKSHOP	PHONE	4	0
S05-000431	2023-11-04 22:37:00	87	INTERVIEW	IN_PERSON	4	0
S05-000432	2023-10-03 23:30:00	82	INTAKE	VIDEO	4	0
S05-000433	2024-08-08 06:17:00	28	INTAKE	ASYNC	5	0
S05-000434	2023-12-29 01:20:00	30	WORKSHOP	IN_PERSON	3	0
S05-000435	2023-12-18 05:21:00	91	FOLLOWUP	VIDEO	5	0
S05-000436	2023-11-16 18:42:00	77	INTAKE	IN_PERSON	3	0
S05-000437	2023-09-19 04:25:00	92	NETWORK	VIDEO	4	0
S05-000438	2024-03-01 19:24:00	20	RESUME	VIDEO	5	0
S05-000439	2024-02-05 10:03:00	69	FOLLOWUP	IN_PERSON	4	0
S05-000440	2024-01-16 09:50:00	56	WORKSHOP	ASYNC	5	0
S05-000441	2023-09-14 04:13:00	81	RESUME	VIDEO	5	0
S05-000442	2024-07-02 04:36:00	47	INTAKE	VIDEO	3	1
S05-000443	2023-11-11 17:18:00	55	WORKSHOP	IN_PERSON	4	0
S05-000444	2024-01-07 17:09:00	62	INTAKE	VIDEO	2	0
S05-000445	2024-07-27 03:27:00	30	INTAKE	IN_PERSON	5	0
S05-000446	2024-01-17 22:53:00	83	FOLLOWUP	VIDEO	5	0
S05-000447	2024-01-23 17:54:00	26	WORKSHOP	IN_PERSON	3	0
S05-000448	2024-07-01 16:05:00	58	FOLLOWUP	VIDEO	5	0
S05-000449	2023-11-13 02:30:00	74	INTAKE	IN_PERSON	5	1
S05-000450	2024-08-17 13:29:00	89	WORKSHOP	IN_PERSON	2	0
S05-000451	2024-06-12 00:08:00	62	RESUME	IN_PERSON	5	0
S05-000452	2024-05-20 20:45:00	24	RESUME	IN_PERSON	3	0
S05-000453	2023-12-05 04:16:00	25	INTAKE	VIDEO	4	0
S05-000454	2023-12-14 04:05:00	31	WORKSHOP	PHONE	4	0
S05-000455	2023-10-03 20:27:00	41	WORKSHOP	ASYNC	5	0
S05-000456	2024-01-08 21:48:00	65	INTAKE	IN_PERSON	4	1
S05-000457	2024-05-02 17:39:00	52	FOLLOWUP	PHONE	2	0
S05-000458	2024-04-21 23:23:00	65	INTAKE	ASYNC	4	0
S05-000459	2024-02-22 04:33:00	36	INTERVIEW	IN_PERSON	5	0
S05-000460	2024-07-01 22:20:00	68	INTAKE	VIDEO	4	0
S05-000461	2024-04-08 22:58:00	37	RESUME	PHONE	5	0
S05-000462	2023-09-03 18:16:00	35	INTAKE	IN_PERSON	2	0
S05-000463	2024-06-26 10:11:00	47	WORKSHOP	VIDEO	5	0
S05-000464	2023-09-23 18:29:00	47	INTAKE	ASYNC	4	0
S05-000465	2024-08-13 21:45:00	78	FOLLOWUP	VIDEO	5	0
S05-000466	2024-02-12 10:54:00	72	INTAKE	VIDEO	4	0
S05-000467	2023-11-02 09:24:00	54	NETWORK	VIDEO	4	0
S05-000468	2024-06-17 04:00:00	56	FOLLOWUP	IN_PERSON	5	0
S05-000469	2024-07-05 20:13:00	79	NETWORK	PHONE	5	1
S05-000470	2024-06-12 21:36:00	67	NETWORK	IN_PERSON	5	0
S05-000471	2024-04-10 20:47:00	71	NETWORK	ASYNC	3	0
S05-000472	2023-12-19 04:40:00	27	WORKSHOP	VIDEO	5	0
S05-000473	2024-03-07 09:46:00	93	NETWORK	IN_PERSON	5	0
S05-000474	2023-12-25 09:29:00	40	FOLLOWUP	IN_PERSON	4	0
S05-000475	2024-04-25 21:43:00	75	RESUME	VIDEO	5	0
S05-000476	2024-05-13 23:18:00	61	FOLLOWUP	IN_PERSON	4	0
S05-000477	2023-11-29 01:23:00	44	FOLLOWUP	IN_PERSON	4	0
S05-000478	2024-04-30 03:07:00	26	WORKSHOP	IN_PERSON	5	1
S05-000479	2024-03-26 15:51:00	75	INTERVIEW	IN_PERSON	3	0
S05-000480	2024-03-26 19:35:00	26	INTERVIEW	IN_PERSON	5	0
S05-000481	2023-11-21 05:31:00	23	RESUME	IN_PERSON	4	0
S05-000482	2024-06-30 15:32:00	60	WORKSHOP	IN_PERSON	3	0
S05-000483	2023-12-02 15:36:00	57	FOLLOWUP	PHONE	4	1
S05-000484	2024-06-30 21:41:00	45	INTAKE	VIDEO	4	0
S05-000485	2024-04-26 05:59:00	92	FOLLOWUP	ASYNC	5	0
S05-000486	2024-06-25 18:13:00	68	FOLLOWUP	PHONE	4	1
S05-000487	2024-05-24 00:03:00	38	NETWORK	IN_PERSON	5	0
S05-000488	2024-02-04 23:09:00	61	INTAKE	IN_PERSON	3	0
S05-000489	2024-05-03 21:41:00	88	INTAKE	IN_PERSON	5	0
S05-000490	2024-07-18 02:19:00	68	NETWORK	IN_PERSON	4	0
S05-000491	2024-05-19 21:50:00	48	INTAKE	VIDEO	3	0
S05-000492	2024-02-19 23:05:00	82	FOLLOWUP	VIDEO	3	0
S05-000493	2023-09-03 05:59:00	23	INTAKE	VIDEO	5	0
S05-000494	2024-06-22 07:25:00	32	WORKSHOP	VIDEO	5	0
S05-000495	2023-11-18 21:04:00	53	INTERVIEW	IN_PERSON	3	0
S05-000496	2024-03-13 13:28:00	27	WORKSHOP	IN_PERSON	5	0
S05-000497	2024-06-02 09:41:00	45	INTERVIEW	ASYNC	2	0
S05-000498	2024-07-07 12:41:00	83	NETWORK	VIDEO	4	1
S05-000499	2024-04-09 13:35:00	62	RESUME	IN_PERSON	4	0
S05-000500	2024-04-29 09:28:00	24	FOLLOWUP	IN_PERSON	5	0
S05-000501	2024-04-11 11:33:00	29	INTERVIEW	ASYNC	5	0
S05-000502	2024-02-16 19:28:00	90	FOLLOWUP	VIDEO	3	0
S05-000503	2023-11-18 17:43:00	33	WORKSHOP	VIDEO	2	0
S05-000504	2023-09-14 13:41:00	78	NETWORK	VIDEO	4	1
S05-000505	2024-04-22 00:10:00	66	INTERVIEW	IN_PERSON	5	0
S05-000506	2023-12-14 15:14:00	68	RESUME	ASYNC	3	0
S05-000507	2024-04-14 22:25:00	51	INTAKE	VIDEO	3	0
S05-000508	2024-03-27 01:53:00	70	INTERVIEW	VIDEO	4	0
S05-000509	2024-02-19 11:16:00	47	RESUME	ASYNC	5	0
S05-000510	2024-08-04 12:08:00	82	INTAKE	VIDEO	4	1
S05-000511	2023-11-19 12:42:00	56	WORKSHOP	VIDEO	3	0
S05-000512	2024-01-27 10:02:00	79	WORKSHOP	ASYNC	3	0
S05-000513	2024-06-24 22:41:00	44	FOLLOWUP	IN_PERSON	4	0
S05-000514	2023-09-06 22:26:00	68	WORKSHOP	IN_PERSON	5	0
S05-000515	2023-09-30 09:17:00	77	FOLLOWUP	PHONE	3	0
S05-000516	2024-03-12 05:20:00	82	FOLLOWUP	VIDEO	4	0
S05-000517	2023-09-02 04:42:00	42	RESUME	IN_PERSON	3	0
S05-000518	2023-12-27 18:18:00	74	FOLLOWUP	IN_PERSON	4	0
S05-000519	2023-11-20 11:34:00	71	NETWORK	IN_PERSON	2	1
S05-000520	2023-09-26 04:37:00	89	RESUME	VIDEO	2	0
S05-000521	2023-12-03 05:43:00	70	RESUME	IN_PERSON	2	0
S05-000522	2024-04-14 19:45:00	57	FOLLOWUP	VIDEO	4	0
S05-000523	2024-04-27 11:15:00	48	RESUME	VIDEO	5	0
S05-000524	2024-08-28 18:14:00	38	INTAKE	VIDEO	5	0
S05-000525	2024-08-28 03:33:00	68	RESUME	IN_PERSON	4	0
S05-000526	2024-04-11 04:07:00	32	INTERVIEW	VIDEO	5	0
S05-000527	2023-11-28 07:18:00	56	NETWORK	VIDEO	5	0
S05-000528	2024-08-23 15:40:00	91	RESUME	IN_PERSON	4	0
S05-000529	2024-04-01 09:17:00	22	INTAKE	ASYNC	5	0
S05-000530	2024-08-25 00:42:00	70	WORKSHOP	IN_PERSON	4	0
S05-000531	2023-11-20 16:32:00	77	WORKSHOP	IN_PERSON	3	0
S05-000532	2024-02-10 13:02:00	44	FOLLOWUP	VIDEO	3	0
S05-000533	2024-05-30 00:08:00	68	INTERVIEW	IN_PERSON	3	0
S05-000534	2024-08-14 18:28:00	49	INTAKE	IN_PERSON	5	0
S05-000535	2024-04-29 08:34:00	31	RESUME	IN_PERSON	4	0
S05-000536	2024-04-22 18:00:00	80	WORKSHOP	IN_PERSON	4	0
S05-000537	2024-02-12 19:32:00	66	NETWORK	VIDEO	4	0
S05-000538	2024-03-03 04:48:00	64	RESUME	IN_PERSON	5	0
S05-000539	2023-10-29 18:44:00	77	WORKSHOP	PHONE	4	0
S05-000540	2024-06-02 18:58:00	20	INTERVIEW	VIDEO	5	0
S05-000541	2023-09-15 10:57:00	85	RESUME	VIDEO	2	0
S05-000542	2023-12-27 02:38:00	20	INTAKE	VIDEO	3	0
S05-000543	2024-07-27 03:28:00	72	WORKSHOP	IN_PERSON	3	0
S05-000544	2023-11-08 06:53:00	91	INTERVIEW	PHONE	5	0
S05-000545	2024-07-05 03:33:00	25	INTAKE	VIDEO	4	0
S05-000546	2023-11-24 17:45:00	81	INTAKE	PHONE	5	1
S05-000547	2024-07-26 04:49:00	75	FOLLOWUP	VIDEO	4	1
S05-000548	2023-10-17 21:17:00	62	WORKSHOP	IN_PERSON	5	0
S05-000549	2024-01-09 06:18:00	72	WORKSHOP	VIDEO	4	0
S05-000550	2024-06-09 16:22:00	21	FOLLOWUP	IN_PERSON	4	0
S05-000551	2024-03-23 15:33:00	86	INTERVIEW	IN_PERSON	2	0
S05-000552	2024-08-25 22:25:00	39	FOLLOWUP	IN_PERSON	4	0
S05-000553	2023-09-30 05:09:00	32	FOLLOWUP	PHONE	3	0
S05-000554	2024-05-21 02:50:00	89	RESUME	ASYNC	4	0
S05-000555	2023-11-09 10:55:00	53	RESUME	VIDEO	2	0
S05-000556	2023-11-02 10:54:00	77	RESUME	VIDEO	4	0
S05-000557	2024-06-12 05:31:00	77	RESUME	IN_PERSON	5	0
S05-000558	2024-07-18 14:32:00	90	FOLLOWUP	VIDEO	3	0
S05-000559	2023-10-28 03:51:00	63	FOLLOWUP	VIDEO	5	0
S05-000560	2024-03-12 14:47:00	64	INTAKE	PHONE	4	0
S05-000561	2024-04-21 17:29:00	59	NETWORK	PHONE	5	0
S05-000562	2023-09-19 01:51:00	59	NETWORK	VIDEO	4	0
S05-000563	2023-12-18 19:35:00	82	INTERVIEW	IN_PERSON	3	0
S05-000564	2024-07-10 18:10:00	24	INTERVIEW	IN_PERSON	4	0
S05-000565	2024-07-01 07:09:00	46	WORKSHOP	PHONE	4	0
S05-000566	2024-03-13 14:31:00	53	RESUME	VIDEO	4	0
S05-000567	2024-02-28 11:23:00	89	FOLLOWUP	ASYNC	3	0
S05-000568	2024-08-29 17:08:00	68	NETWORK	IN_PERSON	5	0
S05-000569	2023-09-09 09:43:00	88	RESUME	PHONE	4	0
S05-000570	2024-02-25 13:25:00	82	INTAKE	IN_PERSON	4	1
S05-000571	2023-09-14 21:53:00	89	WORKSHOP	IN_PERSON	4	0
S05-000572	2024-06-18 03:32:00	63	INTAKE	PHONE	3	1
S05-000573	2024-04-19 02:18:00	57	RESUME	PHONE	2	0
S05-000574	2024-01-26 18:03:00	49	FOLLOWUP	ASYNC	5	0
S05-000575	2023-12-10 23:30:00	31	WORKSHOP	IN_PERSON	5	0
S05-000576	2024-05-17 07:01:00	28	WORKSHOP	IN_PERSON	4	0
S05-000577	2023-12-19 22:08:00	65	FOLLOWUP	IN_PERSON	3	0
S05-000578	2023-11-21 02:01:00	74	INTAKE	VIDEO	4	0
S05-000579	2023-11-23 21:39:00	91	FOLLOWUP	IN_PERSON	4	0
S05-000580	2024-02-22 20:46:00	94	RESUME	ASYNC	4	0
S05-000581	2023-10-08 07:06:00	50	FOLLOWUP	VIDEO	5	1
S05-000582	2023-09-25 10:03:00	43	INTERVIEW	IN_PERSON	3	0
S05-000583	2023-10-07 10:35:00	59	WORKSHOP	IN_PERSON	3	0
S05-000584	2024-04-02 12:41:00	61	NETWORK	VIDEO	5	0
S05-000585	2024-03-23 17:15:00	37	NETWORK	IN_PERSON	4	0
S05-000586	2023-11-04 05:15:00	46	NETWORK	IN_PERSON	5	0
S05-000587	2024-06-29 13:29:00	32	NETWORK	IN_PERSON	2	0
S05-000588	2024-03-20 21:30:00	45	WORKSHOP	IN_PERSON	3	0
S05-000589	2023-12-30 09:01:00	64	INTAKE	VIDEO	5	0
S05-000590	2024-06-22 07:19:00	59	WORKSHOP	IN_PERSON	3	0
S05-000591	2024-01-15 10:13:00	31	FOLLOWUP	IN_PERSON	4	0
S05-000592	2023-11-18 06:59:00	34	NETWORK	IN_PERSON	2	0
S05-000593	2024-06-07 18:18:00	68	RESUME	VIDEO	5	0
S05-000594	2024-01-29 13:38:00	48	RESUME	VIDEO	5	0
S05-000595	2023-12-27 06:20:00	75	FOLLOWUP	VIDEO	2	0
S05-000596	2023-09-08 08:58:00	44	INTAKE	IN_PERSON	5	0
S05-000597	2024-06-05 14:07:00	48	WORKSHOP	ASYNC	2	0
S05-000598	2024-07-24 22:11:00	57	RESUME	VIDEO	5	0
S05-000599	2023-12-04 01:00:00	74	NETWORK	PHONE	5	0
S05-000600	2023-12-22 10:31:00	57	NETWORK	VIDEO	5	0
S05-000601	2024-06-18 19:54:00	72	RESUME	VIDEO	5	0
S05-000602	2023-12-14 20:50:00	33	WORKSHOP	PHONE	4	0
S05-000603	2024-03-20 21:12:00	52	RESUME	IN_PERSON	5	0
S05-000604	2024-03-20 02:40:00	23	INTERVIEW	VIDEO	4	0
S05-000605	2024-08-17 21:03:00	23	INTAKE	IN_PERSON	5	0
S05-000606	2023-12-03 04:25:00	63	RESUME	IN_PERSON	5	0
S05-000607	2024-06-03 09:56:00	42	INTERVIEW	VIDEO	4	0
S05-000608	2023-09-16 01:26:00	90	NETWORK	VIDEO	3	0
S05-000609	2023-09-01 08:58:00	72	RESUME	IN_PERSON	5	1
S05-000610	2024-03-21 00:05:00	75	WORKSHOP	VIDEO	4	0
S05-000611	2024-07-14 03:25:00	69	INTERVIEW	VIDEO	4	0
S05-000612	2023-10-20 07:38:00	40	RESUME	VIDEO	2	0
S05-000613	2023-10-21 14:08:00	69	WORKSHOP	PHONE	5	0
S05-000614	2024-06-07 03:20:00	91	RESUME	VIDEO	5	0
S05-000615	2024-03-10 04:13:00	47	WORKSHOP	VIDEO	5	0
S05-000616	2023-09-03 10:54:00	24	INTAKE	IN_PERSON	5	0
S05-000617	2024-05-11 22:56:00	56	WORKSHOP	VIDEO	5	1
S05-000618	2024-06-25 23:42:00	56	FOLLOWUP	VIDEO	2	0
S05-000619	2024-02-03 08:51:00	73	INTERVIEW	IN_PERSON	5	0
S05-000620	2024-02-09 13:26:00	22	WORKSHOP	VIDEO	5	0
S05-000621	2024-04-17 21:15:00	83	NETWORK	IN_PERSON	4	0
S05-000622	2024-05-23 20:55:00	36	WORKSHOP	IN_PERSON	5	0
S05-000623	2024-03-20 20:22:00	90	NETWORK	IN_PERSON	5	0
S05-000624	2023-10-03 12:12:00	33	NETWORK	VIDEO	3	0
S05-000625	2024-06-12 07:20:00	60	WORKSHOP	IN_PERSON	5	0
S05-000626	2024-03-19 05:26:00	80	NETWORK	VIDEO	4	0
S05-000627	2024-08-17 05:26:00	21	WORKSHOP	IN_PERSON	2	0
S05-000628	2023-10-10 02:31:00	71	NETWORK	IN_PERSON	4	0
S05-000629	2023-09-01 20:06:00	64	NETWORK	IN_PERSON	5	0
S05-000630	2023-12-28 05:54:00	60	INTERVIEW	VIDEO	4	0
S05-000631	2024-02-13 12:46:00	69	WORKSHOP	VIDEO	2	0
S05-000632	2023-09-12 01:25:00	37	WORKSHOP	IN_PERSON	4	0
S05-000633	2023-09-01 13:05:00	54	FOLLOWUP	IN_PERSON	2	0
S05-000634	2023-12-22 04:13:00	45	INTERVIEW	VIDEO	5	0
S05-000635	2024-06-14 09:43:00	69	WORKSHOP	VIDEO	5	1
S05-000636	2023-09-03 06:53:00	62	FOLLOWUP	IN_PERSON	4	0
S05-000637	2024-02-07 06:05:00	22	FOLLOWUP	VIDEO	5	0
S05-000638	2024-07-11 22:29:00	83	FOLLOWUP	IN_PERSON	5	1
S05-000639	2023-09-11 21:29:00	64	INTERVIEW	IN_PERSON	4	0
S05-000640	2024-03-25 16:16:00	38	NETWORK	VIDEO	2	1
S05-000641	2024-06-16 14:44:00	71	INTAKE	VIDEO	3	0
S05-000642	2023-10-07 08:46:00	36	WORKSHOP	IN_PERSON	4	0
S05-000643	2024-06-27 22:21:00	41	INTERVIEW	IN_PERSON	5	0
S05-000644	2024-02-19 21:43:00	68	WORKSHOP	IN_PERSON	5	0
S05-000645	2024-08-01 16:57:00	85	FOLLOWUP	PHONE	3	0
S05-000646	2024-03-08 11:55:00	66	WORKSHOP	IN_PERSON	5	0
S05-000647	2024-02-23 11:24:00	38	RESUME	VIDEO	4	0
S05-000648	2024-02-05 08:24:00	48	INTAKE	VIDEO	5	0
S05-000649	2024-04-03 08:21:00	77	INTAKE	VIDEO	2	0
S05-000650	2024-04-21 16:26:00	52	NETWORK	VIDEO	3	0
S05-000651	2023-11-10 19:01:00	78	INTAKE	ASYNC	4	0
S05-000652	2024-04-06 09:26:00	76	FOLLOWUP	PHONE	3	0
S05-000653	2024-01-21 10:40:00	43	INTERVIEW	VIDEO	4	0
S05-000654	2023-11-11 19:29:00	38	RESUME	ASYNC	2	0
S05-000655	2023-12-20 04:23:00	57	FOLLOWUP	IN_PERSON	4	0
S05-000656	2023-10-21 10:17:00	49	FOLLOWUP	VIDEO	2	1
S05-000657	2024-05-20 17:49:00	72	NETWORK	IN_PERSON	5	0
S05-000658	2023-10-26 08:59:00	35	INTAKE	IN_PERSON	4	0
S05-000659	2024-04-07 23:21:00	71	RESUME	VIDEO	5	0
S05-000660	2024-01-26 15:07:00	87	FOLLOWUP	VIDEO	5	0
S05-000661	2024-07-25 06:00:00	55	RESUME	IN_PERSON	2	0
S05-000662	2024-03-13 01:13:00	69	WORKSHOP	ASYNC	5	0
S05-000663	2023-12-06 21:37:00	75	INTERVIEW	VIDEO	3	0
S05-000664	2024-06-07 03:15:00	92	NETWORK	IN_PERSON	5	0
S05-000665	2023-09-01 06:13:00	20	INTERVIEW	IN_PERSON	3	0
S05-000666	2023-10-06 03:05:00	61	NETWORK	IN_PERSON	4	1
S05-000667	2024-08-22 05:14:00	86	INTERVIEW	PHONE	3	0
S05-000668	2023-09-30 06:54:00	66	FOLLOWUP	IN_PERSON	4	0
S05-000669	2024-05-06 05:32:00	62	RESUME	IN_PERSON	5	0
S05-000670	2024-08-15 07:59:00	45	INTERVIEW	IN_PERSON	4	0
S05-000671	2024-03-31 04:11:00	50	WORKSHOP	IN_PERSON	4	0
S05-000672	2024-08-07 12:15:00	83	RESUME	PHONE	5	0
S05-000673	2023-10-11 03:26:00	94	RESUME	VIDEO	4	0
S05-000674	2023-12-14 03:13:00	49	RESUME	VIDEO	5	0
S05-000675	2023-09-28 17:31:00	59	INTERVIEW	IN_PERSON	5	0
S05-000676	2024-05-03 05:29:00	60	NETWORK	ASYNC	3	1
S05-000677	2023-12-09 09:28:00	27	INTAKE	IN_PERSON	5	0
S05-000678	2023-09-23 19:46:00	74	FOLLOWUP	IN_PERSON	4	0
S05-000679	2024-02-16 04:25:00	59	INTERVIEW	VIDEO	5	0
S05-000680	2023-10-17 00:20:00	50	INTAKE	VIDEO	5	0
S05-000681	2023-11-25 13:14:00	61	FOLLOWUP	VIDEO	5	0
S05-000682	2023-11-08 16:09:00	58	INTAKE	PHONE	5	0
S05-000683	2024-05-11 17:46:00	89	INTERVIEW	IN_PERSON	5	0
S05-000684	2023-11-21 00:00:00	38	NETWORK	IN_PERSON	4	0
S05-000685	2023-10-19 18:20:00	85	INTAKE	ASYNC	5	0
S05-000686	2023-12-20 04:12:00	65	INTERVIEW	IN_PERSON	5	0
S05-000687	2024-04-23 05:22:00	93	INTERVIEW	IN_PERSON	3	0
S05-000688	2024-06-23 13:31:00	58	RESUME	ASYNC	2	0
S05-000689	2024-06-03 02:27:00	58	INTAKE	VIDEO	5	0
S05-000690	2024-02-26 21:43:00	86	NETWORK	IN_PERSON	2	1
S05-000691	2024-07-27 09:24:00	49	INTERVIEW	IN_PERSON	5	0
S05-000692	2024-08-14 15:51:00	59	INTAKE	VIDEO	5	0
S05-000693	2023-12-22 15:09:00	32	INTAKE	IN_PERSON	4	1
S05-000694	2023-10-16 09:05:00	42	WORKSHOP	IN_PERSON	4	0
S05-000695	2024-03-18 04:19:00	21	FOLLOWUP	IN_PERSON	3	0
S05-000696	2024-05-29 13:59:00	91	RESUME	PHONE	4	0
S05-000697	2023-09-24 19:27:00	56	NETWORK	IN_PERSON	5	0
S05-000698	2023-10-30 09:37:00	64	WORKSHOP	PHONE	5	1
S05-000699	2024-07-30 07:50:00	46	INTERVIEW	VIDEO	4	0
S05-000700	2023-09-06 22:54:00	70	NETWORK	VIDEO	5	0
S05-000701	2024-05-03 23:15:00	64	NETWORK	VIDEO	5	1
S05-000702	2023-12-08 17:28:00	72	INTAKE	ASYNC	5	0
S05-000703	2023-12-06 18:21:00	21	NETWORK	PHONE	3	0
S05-000704	2024-04-27 21:07:00	35	NETWORK	IN_PERSON	5	0
S05-000705	2023-09-25 12:18:00	52	INTAKE	VIDEO	4	0
S05-000706	2023-11-05 13:26:00	68	INTAKE	VIDEO	2	1
S05-000707	2024-05-28 01:33:00	49	INTERVIEW	PHONE	2	0
S05-000708	2024-08-16 06:10:00	85	INTAKE	VIDEO	5	0
S05-000709	2024-05-03 01:03:00	88	INTERVIEW	ASYNC	3	0
S05-000710	2024-08-11 08:11:00	43	NETWORK	VIDEO	5	0
S05-000711	2023-12-31 11:43:00	40	INTERVIEW	ASYNC	2	0
S05-000712	2023-10-10 08:03:00	88	INTERVIEW	IN_PERSON	5	0
S05-000713	2023-11-02 21:44:00	67	RESUME	VIDEO	5	0
S05-000714	2024-04-08 07:03:00	50	WORKSHOP	VIDEO	4	0
S05-000715	2024-05-19 10:34:00	54	RESUME	IN_PERSON	3	0
S05-000716	2024-05-18 00:38:00	51	FOLLOWUP	VIDEO	3	0
S05-000717	2024-03-22 06:50:00	92	NETWORK	IN_PERSON	5	0
S05-000718	2024-02-07 20:18:00	32	FOLLOWUP	IN_PERSON	5	0
S05-000719	2024-05-14 18:05:00	33	FOLLOWUP	IN_PERSON	4	0
S05-000720	2024-01-13 14:25:00	75	INTAKE	VIDEO	5	0
S05-000721	2023-09-26 08:45:00	84	RESUME	IN_PERSON	3	0
S05-000722	2023-11-01 21:05:00	74	INTERVIEW	IN_PERSON	2	0
S05-000723	2024-03-29 07:00:00	37	INTAKE	VIDEO	3	0
S05-000724	2023-10-02 11:30:00	63	FOLLOWUP	PHONE	4	0
S05-000725	2024-03-29 05:50:00	86	INTAKE	IN_PERSON	3	0
S05-000726	2024-08-03 19:02:00	53	WORKSHOP	IN_PERSON	4	0
S05-000727	2024-01-07 14:18:00	34	WORKSHOP	ASYNC	3	0
S05-000728	2024-03-15 18:59:00	46	WORKSHOP	IN_PERSON	5	0
S05-000729	2024-06-04 15:05:00	41	WORKSHOP	IN_PERSON	2	0
S05-000730	2024-06-28 21:11:00	34	FOLLOWUP	VIDEO	4	0
S05-000731	2024-02-21 06:14:00	61	WORKSHOP	PHONE	5	0
S05-000732	2024-05-15 23:42:00	70	RESUME	ASYNC	5	0
S05-000733	2023-11-27 00:25:00	80	FOLLOWUP	IN_PERSON	4	0
S05-000734	2024-07-08 11:26:00	50	INTAKE	ASYNC	5	0
S05-000735	2024-05-26 04:35:00	30	WORKSHOP	IN_PERSON	5	0
S05-000736	2024-06-18 00:43:00	43	FOLLOWUP	PHONE	2	0
S05-000737	2024-02-13 19:59:00	39	FOLLOWUP	ASYNC	5	0
S05-000738	2023-10-15 10:44:00	61	RESUME	IN_PERSON	5	0
S05-000739	2023-10-18 01:37:00	24	WORKSHOP	IN_PERSON	3	0
S05-000740	2024-07-20 02:47:00	40	FOLLOWUP	VIDEO	4	0
S05-000741	2024-05-06 23:37:00	45	RESUME	VIDEO	5	1
S05-000742	2024-01-06 17:47:00	55	RESUME	IN_PERSON	3	0
S05-000743	2024-05-28 19:27:00	66	FOLLOWUP	VIDEO	5	1
S05-000744	2024-02-02 00:43:00	60	FOLLOWUP	IN_PERSON	5	0
S05-000745	2024-07-15 11:44:00	38	FOLLOWUP	VIDEO	5	0
S05-000746	2024-07-17 21:13:00	55	FOLLOWUP	VIDEO	2	0
S05-000747	2024-07-21 08:42:00	67	NETWORK	PHONE	5	0
S05-000748	2023-12-21 08:40:00	89	INTAKE	VIDEO	5	0
S05-000749	2023-10-21 23:29:00	59	INTAKE	PHONE	5	0
S05-000750	2024-05-29 05:18:00	29	FOLLOWUP	IN_PERSON	5	1
S05-000751	2023-09-22 17:56:00	81	WORKSHOP	VIDEO	5	0
S05-000752	2023-11-11 09:04:00	87	NETWORK	VIDEO	4	0
S05-000753	2024-05-27 08:28:00	63	NETWORK	IN_PERSON	5	1
S05-000754	2023-10-10 18:33:00	64	INTERVIEW	PHONE	4	0
S05-000755	2024-02-14 00:10:00	31	INTERVIEW	PHONE	3	0
S05-000756	2023-10-21 03:53:00	33	FOLLOWUP	PHONE	4	0
S05-000757	2024-03-08 04:42:00	64	INTERVIEW	IN_PERSON	5	0
S05-000758	2023-11-16 19:43:00	67	INTERVIEW	IN_PERSON	4	0
S05-000759	2023-09-23 01:51:00	45	RESUME	VIDEO	5	0
S05-000760	2023-10-13 18:27:00	73	FOLLOWUP	IN_PERSON	4	0
S05-000761	2024-03-09 01:30:00	20	FOLLOWUP	IN_PERSON	3	0
S05-000762	2023-12-03 11:49:00	57	FOLLOWUP	ASYNC	3	0
S05-000763	2024-02-01 05:52:00	55	INTAKE	IN_PERSON	4	0
S05-000764	2023-11-07 03:09:00	40	WORKSHOP	IN_PERSON	5	0
S05-000765	2024-03-10 05:27:00	86	RESUME	VIDEO	5	0
S05-000766	2024-05-03 12:41:00	62	NETWORK	VIDEO	4	1
S05-000767	2023-12-29 17:27:00	79	INTERVIEW	IN_PERSON	4	0
S05-000768	2024-04-07 05:37:00	93	FOLLOWUP	VIDEO	2	0
S05-000769	2024-01-01 08:49:00	30	INTAKE	IN_PERSON	3	0
S05-000770	2024-07-17 06:06:00	94	NETWORK	IN_PERSON	3	0
S05-000771	2023-09-04 07:25:00	67	WORKSHOP	PHONE	3	0
S05-000772	2024-01-03 13:55:00	64	WORKSHOP	VIDEO	3	0
S05-000773	2023-11-02 11:22:00	76	INTAKE	PHONE	4	1
S05-000774	2024-05-29 22:50:00	72	INTAKE	IN_PERSON	3	0
S05-000775	2024-05-31 23:38:00	59	RESUME	PHONE	4	0
S05-000776	2023-11-24 04:09:00	31	NETWORK	IN_PERSON	3	0
S05-000777	2024-05-01 10:21:00	57	RESUME	PHONE	4	0
S05-000778	2024-07-25 05:48:00	64	INTERVIEW	IN_PERSON	4	0
S05-000779	2024-08-08 21:06:00	94	INTAKE	ASYNC	5	0
S05-000780	2023-09-05 11:13:00	88	INTERVIEW	IN_PERSON	4	0
S05-000781	2023-10-01 06:27:00	58	INTAKE	VIDEO	5	0
S05-000782	2024-03-18 21:40:00	43	INTAKE	VIDEO	5	0
S05-000783	2023-12-31 19:39:00	28	RESUME	IN_PERSON	5	0
S05-000784	2023-09-27 09:33:00	81	FOLLOWUP	IN_PERSON	3	0
S05-000785	2024-08-23 19:59:00	87	WORKSHOP	VIDEO	5	0
S05-000786	2024-01-13 05:22:00	47	INTAKE	IN_PERSON	4	0
S05-000787	2024-03-03 13:44:00	56	NETWORK	VIDEO	4	0
S05-000788	2024-04-05 17:36:00	55	FOLLOWUP	VIDEO	5	0
S05-000789	2024-07-10 08:30:00	56	NETWORK	IN_PERSON	4	0
S05-000790	2024-05-08 03:23:00	42	NETWORK	VIDEO	3	0
S05-000791	2024-08-26 23:44:00	44	WORKSHOP	IN_PERSON	3	1
S05-000792	2023-11-11 18:06:00	77	FOLLOWUP	IN_PERSON	5	0
S05-000793	2024-07-21 21:40:00	29	RESUME	ASYNC	5	0
S05-000794	2024-08-10 22:23:00	48	FOLLOWUP	ASYNC	5	0
S05-000795	2023-10-14 20:05:00	62	WORKSHOP	VIDEO	4	0
S05-000796	2023-12-26 06:54:00	81	WORKSHOP	IN_PERSON	3	0
S05-000797	2024-07-19 13:52:00	60	INTERVIEW	VIDEO	3	0
S05-000798	2024-06-10 07:39:00	44	INTERVIEW	PHONE	4	0
S05-000799	2024-05-17 06:14:00	21	NETWORK	VIDEO	2	0
S05-000800	2024-04-29 01:17:00	32	FOLLOWUP	PHONE	3	0
S05-000801	2024-08-06 08:00:00	89	WORKSHOP	VIDEO	5	0
S05-000802	2023-11-24 18:57:00	61	FOLLOWUP	PHONE	4	0
S05-000803	2023-12-21 13:14:00	23	INTAKE	ASYNC	3	0
S05-000804	2023-12-19 01:27:00	22	WORKSHOP	IN_PERSON	3	0
S05-000805	2023-09-23 03:36:00	93	NETWORK	VIDEO	4	0
S05-000806	2024-06-19 09:07:00	54	RESUME	IN_PERSON	4	0
S05-000807	2024-07-23 14:17:00	77	INTERVIEW	IN_PERSON	4	0
S05-000808	2023-09-27 18:51:00	32	NETWORK	VIDEO	5	0
S05-000809	2024-01-14 13:49:00	36	INTERVIEW	VIDEO	5	0
S05-000810	2023-12-17 03:12:00	30	FOLLOWUP	VIDEO	4	0
S05-000811	2023-12-29 16:09:00	34	RESUME	VIDEO	5	0
S05-000812	2024-01-01 13:38:00	26	INTAKE	PHONE	4	1
S05-000813	2024-07-20 06:05:00	62	RESUME	ASYNC	5	0
S05-000814	2023-12-14 05:18:00	53	NETWORK	IN_PERSON	4	0
S05-000815	2024-03-13 10:29:00	64	NETWORK	PHONE	4	1
S05-000816	2024-07-17 03:44:00	32	WORKSHOP	IN_PERSON	4	0
S05-000817	2023-10-19 18:04:00	39	WORKSHOP	IN_PERSON	5	0
S05-000818	2024-02-11 06:20:00	65	INTERVIEW	IN_PERSON	5	0
S05-000819	2024-03-08 08:36:00	92	NETWORK	VIDEO	5	0
S05-000820	2024-07-09 12:28:00	46	INTERVIEW	IN_PERSON	5	0
S05-000821	2024-02-08 20:15:00	32	INTAKE	VIDEO	4	0
S05-000822	2023-09-14 00:58:00	33	FOLLOWUP	IN_PERSON	5	0
S05-000823	2024-02-27 16:22:00	36	FOLLOWUP	VIDEO	2	1
S05-000824	2024-04-16 18:44:00	21	INTERVIEW	VIDEO	5	1
S05-000825	2024-06-11 17:57:00	43	NETWORK	VIDEO	5	0
S05-000826	2024-05-15 23:27:00	78	RESUME	ASYNC	5	0
S05-000827	2024-07-11 02:20:00	29	INTAKE	IN_PERSON	3	0
S05-000828	2024-05-21 08:32:00	39	RESUME	IN_PERSON	5	0
S05-000829	2024-02-28 08:29:00	36	INTERVIEW	IN_PERSON	4	0
S05-000830	2024-04-04 08:22:00	43	WORKSHOP	PHONE	2	0
S05-000831	2023-09-01 23:17:00	25	WORKSHOP	IN_PERSON	4	0
S05-000832	2023-12-15 21:13:00	69	INTAKE	IN_PERSON	5	0
S05-000833	2024-08-06 12:15:00	90	INTERVIEW	IN_PERSON	5	0
S05-000834	2023-12-24 18:00:00	48	INTERVIEW	IN_PERSON	3	0
S05-000835	2024-04-18 00:30:00	48	RESUME	PHONE	4	0
S05-000836	2024-08-09 16:13:00	21	FOLLOWUP	IN_PERSON	4	0
S05-000837	2024-04-12 16:10:00	92	INTERVIEW	PHONE	5	0
S05-000838	2024-03-14 04:02:00	56	NETWORK	VIDEO	5	0
S05-000839	2024-02-03 17:47:00	40	FOLLOWUP	PHONE	5	0
S05-000840	2024-01-03 15:37:00	22	RESUME	PHONE	5	0
S05-000841	2024-02-15 06:48:00	93	FOLLOWUP	VIDEO	5	0
S05-000842	2023-12-13 14:46:00	45	FOLLOWUP	VIDEO	4	0
S05-000843	2024-08-23 12:13:00	26	INTERVIEW	VIDEO	2	0
S05-000844	2023-09-10 10:29:00	80	FOLLOWUP	VIDEO	4	0
S05-000845	2023-11-11 00:35:00	79	INTAKE	VIDEO	4	0
S05-000846	2024-01-23 20:33:00	56	RESUME	VIDEO	4	1
S05-000847	2023-09-10 00:45:00	77	WORKSHOP	PHONE	3	0
S05-000848	2024-03-15 05:17:00	60	NETWORK	VIDEO	5	0
S05-000849	2024-03-14 01:59:00	93	RESUME	VIDEO	4	1
S05-000850	2024-03-16 19:21:00	63	INTAKE	IN_PERSON	4	0
S05-000851	2024-04-30 12:48:00	57	NETWORK	IN_PERSON	2	0
S05-000852	2024-02-13 06:22:00	26	FOLLOWUP	IN_PERSON	3	0
S05-000853	2024-02-29 23:31:00	27	RESUME	VIDEO	3	0
S05-000854	2024-03-07 15:13:00	48	INTAKE	VIDEO	3	0
S05-000855	2023-11-03 05:26:00	66	INTAKE	IN_PERSON	5	0
S05-000856	2024-03-27 01:53:00	67	FOLLOWUP	VIDEO	2	0
S05-000857	2023-11-29 15:20:00	44	INTAKE	VIDEO	5	0
S05-000858	2024-03-01 18:56:00	39	WORKSHOP	IN_PERSON	4	0
S05-000859	2023-11-09 16:02:00	84	NETWORK	VIDEO	4	0
S05-000860	2024-03-14 11:42:00	67	INTERVIEW	VIDEO	3	1
S05-000861	2024-08-30 13:16:00	58	RESUME	IN_PERSON	5	0
S05-000862	2024-04-14 11:49:00	70	RESUME	IN_PERSON	5	0
S05-000863	2024-02-10 20:06:00	86	WORKSHOP	VIDEO	2	0
S05-000864	2024-05-04 07:38:00	75	INTAKE	IN_PERSON	5	0
S05-000865	2023-09-11 09:13:00	53	INTERVIEW	VIDEO	5	0
S05-000866	2023-10-02 21:52:00	35	INTERVIEW	IN_PERSON	5	0
S05-000867	2024-01-27 08:10:00	80	RESUME	VIDEO	4	0
S05-000868	2024-07-27 14:32:00	71	INTAKE	VIDEO	4	0
S05-000869	2024-06-05 10:51:00	31	WORKSHOP	IN_PERSON	4	0
S05-000870	2024-05-29 14:00:00	56	NETWORK	IN_PERSON	5	0
S05-000871	2023-12-08 17:43:00	84	WORKSHOP	IN_PERSON	4	0
S05-000872	2024-07-04 01:35:00	30	INTAKE	VIDEO	5	1
S05-000873	2023-09-11 10:30:00	87	WORKSHOP	IN_PERSON	5	0
S05-000874	2024-05-03 02:08:00	25	INTERVIEW	VIDEO	3	0
S05-000875	2024-05-19 19:42:00	81	RESUME	IN_PERSON	5	1
S05-000876	2024-05-29 10:25:00	35	FOLLOWUP	ASYNC	4	0
S05-000877	2023-10-12 21:20:00	60	INTERVIEW	VIDEO	3	0
S05-000878	2024-02-08 08:47:00	86	FOLLOWUP	VIDEO	5	0
S05-000879	2024-04-01 00:20:00	90	NETWORK	VIDEO	5	0
S05-000880	2024-07-22 00:55:00	55	WORKSHOP	PHONE	5	0
S05-000881	2024-02-02 14:26:00	34	INTAKE	IN_PERSON	5	1
S05-000882	2024-07-21 07:34:00	27	INTERVIEW	VIDEO	4	0
S05-000883	2024-03-01 01:44:00	40	WORKSHOP	IN_PERSON	4	0
S05-000884	2023-09-24 19:19:00	65	INTAKE	ASYNC	5	0
S05-000885	2024-05-05 20:28:00	46	WORKSHOP	VIDEO	4	1
S05-000886	2024-03-16 15:30:00	88	WORKSHOP	ASYNC	5	1
S05-000887	2024-05-04 17:09:00	93	NETWORK	VIDEO	4	0
S05-000888	2023-10-25 04:03:00	57	NETWORK	IN_PERSON	5	0
S05-000889	2024-07-06 15:35:00	71	INTAKE	VIDEO	2	0
S05-000890	2024-07-20 06:56:00	38	NETWORK	VIDEO	4	0
S05-000891	2024-06-10 10:01:00	35	RESUME	IN_PERSON	3	0
S05-000892	2024-03-26 23:23:00	77	RESUME	VIDEO	4	0
S05-000893	2024-04-30 19:28:00	63	RESUME	VIDEO	3	0
S05-000894	2024-02-19 19:05:00	79	INTERVIEW	VIDEO	4	0
S05-000895	2023-12-26 14:27:00	92	NETWORK	IN_PERSON	4	0
S05-000896	2024-08-25 09:50:00	88	RESUME	VIDEO	5	0
S05-000897	2024-04-12 22:43:00	86	INTAKE	IN_PERSON	5	0
S05-000898	2024-02-16 11:17:00	64	FOLLOWUP	IN_PERSON	5	0
S05-000899	2024-07-09 10:23:00	55	RESUME	IN_PERSON	5	0
S05-000900	2024-02-20 23:06:00	44	INTAKE	IN_PERSON	5	0
S05-000901	2024-08-04 20:25:00	76	NETWORK	VIDEO	5	0
S05-000902	2023-11-04 07:09:00	54	INTERVIEW	IN_PERSON	4	0
S05-000903	2024-05-02 19:20:00	22	NETWORK	VIDEO	5	0
S05-000904	2024-06-02 13:45:00	26	INTAKE	IN_PERSON	3	0
S05-000905	2023-11-17 14:41:00	82	FOLLOWUP	PHONE	5	0
S05-000906	2024-03-09 10:04:00	43	WORKSHOP	IN_PERSON	5	0
S05-000907	2024-03-03 01:56:00	25	INTAKE	IN_PERSON	5	0
S05-000908	2024-07-09 00:39:00	91	RESUME	VIDEO	5	0
S05-000909	2024-04-04 10:44:00	92	INTERVIEW	IN_PERSON	5	0
S05-000910	2024-06-14 22:25:00	71	INTAKE	IN_PERSON	4	0
S05-000911	2024-01-22 18:42:00	79	RESUME	IN_PERSON	4	1
S05-000912	2023-09-03 04:15:00	61	WORKSHOP	VIDEO	3	1
S05-000913	2023-09-05 11:03:00	82	RESUME	IN_PERSON	3	1
S05-000914	2024-03-31 18:38:00	80	RESUME	VIDEO	5	0
S05-000915	2024-01-02 23:40:00	22	WORKSHOP	ASYNC	5	1
S05-000916	2024-07-14 13:24:00	92	NETWORK	VIDEO	3	0
S05-000917	2024-02-24 23:42:00	25	INTAKE	IN_PERSON	4	0
S05-000918	2024-02-08 04:03:00	68	WORKSHOP	IN_PERSON	5	0
S05-000919	2024-07-19 07:25:00	37	INTAKE	IN_PERSON	2	0
S05-000920	2023-09-26 19:23:00	78	INTAKE	IN_PERSON	5	0
S05-000921	2024-07-26 13:19:00	31	NETWORK	IN_PERSON	5	0
S05-000922	2024-01-21 14:12:00	30	INTERVIEW	IN_PERSON	5	0
S05-000923	2024-07-27 00:02:00	38	RESUME	VIDEO	5	0
S05-000924	2024-01-14 18:06:00	31	NETWORK	PHONE	5	0
S05-000925	2023-09-07 15:47:00	27	INTAKE	VIDEO	5	0
S05-000926	2023-11-10 16:12:00	40	INTERVIEW	IN_PERSON	3	0
S05-000927	2024-05-24 19:39:00	94	INTAKE	VIDEO	5	0
S05-000928	2024-01-07 19:06:00	86	INTERVIEW	PHONE	2	0
S05-000929	2024-07-30 05:48:00	23	INTERVIEW	VIDEO	4	0
S05-000930	2024-02-13 16:48:00	40	INTAKE	PHONE	4	0
S05-000931	2024-04-06 21:27:00	63	INTERVIEW	ASYNC	5	0
S05-000932	2023-09-23 13:57:00	22	NETWORK	VIDEO	5	0
S05-000933	2023-11-02 03:32:00	60	FOLLOWUP	IN_PERSON	5	0
S05-000934	2024-07-08 22:14:00	32	INTAKE	VIDEO	4	0
S05-000935	2024-06-02 11:48:00	31	NETWORK	VIDEO	5	0
S05-000936	2024-07-11 09:57:00	79	RESUME	VIDEO	3	0
S05-000937	2023-12-16 23:44:00	58	WORKSHOP	VIDEO	4	0
S05-000938	2023-11-27 19:47:00	75	INTAKE	IN_PERSON	5	0
S05-000939	2024-06-19 10:56:00	59	INTAKE	VIDEO	3	0
S05-000940	2024-03-19 22:01:00	70	FOLLOWUP	VIDEO	3	0
S05-000941	2023-12-24 00:26:00	81	RESUME	IN_PERSON	5	0
S05-000942	2023-11-19 16:28:00	29	FOLLOWUP	IN_PERSON	5	0
S05-000943	2024-03-19 22:19:00	87	RESUME	IN_PERSON	4	0
S05-000944	2023-11-06 11:00:00	70	INTAKE	VIDEO	4	0
S05-000945	2024-01-02 17:43:00	33	FOLLOWUP	IN_PERSON	3	0
S05-000946	2023-11-08 23:57:00	54	INTERVIEW	VIDEO	5	0
S05-000947	2024-05-29 17:36:00	48	WORKSHOP	IN_PERSON	5	0
S05-000948	2024-04-26 18:13:00	66	WORKSHOP	ASYNC	3	1
S05-000949	2024-07-26 02:41:00	73	RESUME	ASYNC	3	0
S05-000950	2024-06-18 15:41:00	87	WORKSHOP	IN_PERSON	3	0
S05-000951	2023-10-26 17:39:00	52	FOLLOWUP	IN_PERSON	5	0
S05-000952	2023-11-24 22:03:00	56	RESUME	ASYNC	5	0
S05-000953	2024-07-21 18:42:00	81	INTAKE	ASYNC	5	0
S05-000954	2024-01-30 20:49:00	47	WORKSHOP	VIDEO	3	0
S05-000955	2023-10-18 21:37:00	46	NETWORK	VIDEO	5	0
S05-000956	2024-01-26 23:09:00	40	INTERVIEW	IN_PERSON	5	0
S05-000957	2024-07-13 16:35:00	67	INTERVIEW	VIDEO	5	0
S05-000958	2023-10-28 16:40:00	22	INTERVIEW	VIDEO	5	0
S05-000959	2023-11-15 21:27:00	83	FOLLOWUP	VIDEO	5	0
S05-000960	2024-01-20 15:31:00	61	RESUME	PHONE	5	0
S05-000961	2024-08-04 22:23:00	32	RESUME	IN_PERSON	5	0
S05-000962	2024-05-22 09:39:00	74	INTAKE	IN_PERSON	5	1
S05-000963	2023-09-06 20:28:00	50	NETWORK	IN_PERSON	5	0
S05-000964	2023-12-19 14:33:00	76	FOLLOWUP	VIDEO	2	0
S05-000965	2024-05-13 11:00:00	38	RESUME	ASYNC	5	1
S05-000966	2024-03-11 15:02:00	58	INTAKE	VIDEO	5	0
S05-000967	2023-09-23 15:11:00	39	FOLLOWUP	IN_PERSON	5	0
S05-000968	2023-12-08 10:26:00	30	NETWORK	VIDEO	4	0
S05-000969	2024-01-04 16:25:00	63	RESUME	VIDEO	3	0
S05-000970	2024-05-11 13:28:00	47	FOLLOWUP	PHONE	3	0
S05-000971	2023-12-09 09:47:00	85	WORKSHOP	VIDEO	4	0
S05-000972	2023-11-03 19:26:00	71	NETWORK	IN_PERSON	3	0
S05-000973	2024-08-12 08:46:00	44	INTERVIEW	VIDEO	5	0
S05-000974	2024-07-01 05:27:00	30	WORKSHOP	VIDEO	5	0
S05-000975	2024-04-24 06:35:00	87	RESUME	PHONE	3	0
S05-000976	2023-12-08 01:32:00	40	WORKSHOP	VIDEO	3	0
S05-000977	2024-06-06 02:41:00	57	NETWORK	VIDEO	4	0
S05-000978	2024-05-30 08:14:00	91	INTAKE	PHONE	2	0
S05-000979	2024-05-13 23:45:00	51	INTERVIEW	IN_PERSON	5	0
S05-000980	2024-08-15 05:25:00	46	NETWORK	IN_PERSON	3	0
S05-000981	2024-04-10 23:29:00	58	RESUME	VIDEO	5	0
S05-000982	2024-05-26 09:09:00	23	FOLLOWUP	VIDEO	2	0
S05-000983	2024-04-19 07:40:00	91	INTERVIEW	VIDEO	4	0
S05-000984	2024-06-15 11:38:00	73	INTERVIEW	IN_PERSON	5	0
S05-000985	2024-04-18 18:58:00	41	RESUME	VIDEO	5	0
S05-000986	2023-10-23 01:27:00	31	RESUME	IN_PERSON	3	0
S05-000987	2024-02-17 00:29:00	76	INTERVIEW	IN_PERSON	4	0
S05-000988	2023-11-30 21:40:00	82	RESUME	VIDEO	4	0
S05-000989	2024-04-05 12:50:00	70	NETWORK	PHONE	3	0
S05-000990	2024-08-02 15:06:00	70	INTERVIEW	VIDEO	5	0
S05-000991	2024-08-26 09:23:00	28	WORKSHOP	VIDEO	5	0
S05-000992	2023-11-07 00:41:00	61	INTAKE	VIDEO	4	0
S05-000993	2024-04-14 08:13:00	78	INTERVIEW	IN_PERSON	3	0
S05-000994	2023-09-14 02:16:00	79	INTERVIEW	VIDEO	4	0
S05-000995	2023-11-23 22:19:00	36	WORKSHOP	IN_PERSON	5	0
S05-000996	2024-06-21 09:47:00	47	INTAKE	PHONE	3	0
S05-000997	2024-02-07 23:33:00	43	INTERVIEW	IN_PERSON	3	0
S05-000998	2024-05-17 15:41:00	45	FOLLOWUP	PHONE	3	0
S05-000999	2024-05-30 10:32:00	29	INTERVIEW	IN_PERSON	2	1
S05-001000	2023-10-23 10:07:00	36	INTAKE	IN_PERSON	3	0
S05-001001	2024-04-23 05:43:00	21	INTERVIEW	IN_PERSON	5	0
S05-001002	2023-09-29 20:47:00	22	NETWORK	VIDEO	4	1
S05-001003	2023-09-22 17:19:00	46	NETWORK	IN_PERSON	2	0
S05-001004	2024-05-29 07:07:00	83	FOLLOWUP	IN_PERSON	2	0
S05-001005	2023-11-04 00:05:00	70	RESUME	IN_PERSON	5	0
S05-001006	2024-06-24 06:11:00	40	FOLLOWUP	IN_PERSON	4	0
S05-001007	2024-02-22 08:52:00	49	WORKSHOP	IN_PERSON	4	0
S05-001008	2024-06-15 17:25:00	27	INTERVIEW	IN_PERSON	4	0
S05-001009	2023-10-14 11:09:00	48	RESUME	VIDEO	3	0
S05-001010	2024-05-13 01:36:00	58	RESUME	IN_PERSON	4	0
S05-001011	2024-01-07 02:53:00	62	INTAKE	IN_PERSON	4	0
S05-001012	2024-05-08 18:33:00	37	WORKSHOP	IN_PERSON	4	0
S05-001013	2024-02-08 09:15:00	60	INTERVIEW	VIDEO	5	1
S05-001014	2024-04-29 12:49:00	46	INTAKE	PHONE	5	0
S05-001015	2023-09-10 07:01:00	27	RESUME	IN_PERSON	4	0
S05-001016	2024-02-05 08:34:00	34	RESUME	VIDEO	4	0
S05-001017	2024-03-05 18:41:00	80	INTERVIEW	PHONE	4	0
S05-001018	2024-02-26 02:23:00	74	INTERVIEW	VIDEO	4	0
S05-001019	2024-07-14 17:14:00	83	INTERVIEW	IN_PERSON	5	0
S05-001020	2023-11-04 00:59:00	33	INTAKE	PHONE	5	0
S05-001021	2024-01-19 13:01:00	48	RESUME	PHONE	3	0
S05-001022	2024-08-08 09:45:00	21	INTAKE	PHONE	4	0
S05-001023	2023-09-17 10:20:00	37	NETWORK	IN_PERSON	4	0
S05-001024	2024-06-27 01:10:00	55	WORKSHOP	VIDEO	5	0
S05-001025	2023-11-14 07:51:00	47	NETWORK	IN_PERSON	5	0
S05-001026	2024-07-11 07:04:00	46	RESUME	IN_PERSON	5	0
S05-001027	2024-06-18 00:26:00	65	INTERVIEW	IN_PERSON	4	0
S05-001028	2023-11-21 19:29:00	24	RESUME	IN_PERSON	3	0
S05-001029	2023-11-13 23:31:00	42	FOLLOWUP	VIDEO	4	0
S05-001030	2023-10-25 12:45:00	50	INTAKE	IN_PERSON	5	0
S05-001031	2023-12-16 07:44:00	25	NETWORK	IN_PERSON	5	0
S05-001032	2024-04-03 02:35:00	47	WORKSHOP	VIDEO	4	0
S05-001033	2024-03-29 14:17:00	29	INTAKE	IN_PERSON	4	0
S05-001034	2024-03-26 03:32:00	40	INTERVIEW	VIDEO	5	0
S05-001035	2024-04-18 00:32:00	33	INTERVIEW	PHONE	5	1
S05-001036	2023-10-12 04:05:00	30	INTAKE	IN_PERSON	5	0
S05-001037	2024-07-12 15:43:00	78	INTERVIEW	PHONE	5	0
S05-001038	2024-02-14 21:47:00	38	RESUME	ASYNC	2	0
S05-001039	2024-05-08 22:42:00	75	INTAKE	IN_PERSON	4	0
S05-001040	2023-11-19 19:42:00	57	FOLLOWUP	IN_PERSON	4	0
S05-001041	2024-02-11 10:20:00	67	NETWORK	IN_PERSON	4	0
S05-001042	2024-05-31 03:30:00	54	INTAKE	VIDEO	5	0
S05-001043	2024-08-01 09:58:00	86	RESUME	IN_PERSON	3	0
S05-001044	2024-05-11 06:48:00	92	RESUME	IN_PERSON	3	0
S05-001045	2024-02-11 12:35:00	38	NETWORK	VIDEO	2	0
S05-001046	2024-01-02 03:20:00	77	INTAKE	VIDEO	5	0
S05-001047	2024-04-12 12:39:00	74	INTAKE	VIDEO	5	0
S05-001048	2024-08-05 02:55:00	90	FOLLOWUP	VIDEO	5	0
S05-001049	2024-08-15 19:19:00	51	FOLLOWUP	IN_PERSON	5	0
S05-001050	2024-02-13 10:52:00	57	WORKSHOP	IN_PERSON	5	1
S05-001051	2023-11-25 05:00:00	29	RESUME	VIDEO	5	0
S05-001052	2023-11-02 23:04:00	86	INTERVIEW	PHONE	2	0
S05-001053	2024-01-21 11:15:00	76	RESUME	ASYNC	5	0
S05-001054	2023-09-05 22:08:00	89	FOLLOWUP	VIDEO	5	0
S05-001055	2024-01-21 02:36:00	59	NETWORK	ASYNC	5	0
S05-001056	2024-06-21 04:26:00	66	WORKSHOP	IN_PERSON	3	0
S05-001057	2024-02-09 19:27:00	78	NETWORK	PHONE	4	0
S05-001058	2023-09-24 21:58:00	40	WORKSHOP	IN_PERSON	3	0
S05-001059	2023-09-26 20:26:00	37	INTERVIEW	ASYNC	4	0
S05-001060	2023-11-13 06:25:00	37	NETWORK	IN_PERSON	4	0
S05-001061	2024-05-05 17:54:00	51	RESUME	IN_PERSON	5	0
S05-001062	2023-10-29 18:42:00	93	WORKSHOP	IN_PERSON	5	0
S05-001063	2024-08-18 18:11:00	40	RESUME	PHONE	3	0
S05-001064	2024-01-20 21:28:00	22	RESUME	IN_PERSON	4	0
S05-001065	2024-05-22 21:45:00	30	INTAKE	VIDEO	3	1
S05-001066	2023-09-18 08:58:00	80	INTAKE	PHONE	5	1
S05-001067	2024-04-04 16:20:00	67	FOLLOWUP	IN_PERSON	3	0
S05-001068	2023-09-15 15:26:00	84	INTERVIEW	VIDEO	5	0
S05-001069	2024-04-17 11:04:00	71	WORKSHOP	VIDEO	5	0
S05-001070	2023-09-26 13:38:00	67	RESUME	PHONE	3	0
S05-001071	2023-09-28 10:06:00	39	INTERVIEW	VIDEO	5	0
S05-001072	2024-06-17 00:30:00	71	WORKSHOP	IN_PERSON	4	0
S05-001073	2023-10-25 01:59:00	20	INTAKE	IN_PERSON	5	0
S05-001074	2023-11-30 10:07:00	75	INTERVIEW	IN_PERSON	2	0
S05-001075	2024-04-21 11:18:00	76	RESUME	IN_PERSON	3	0
S05-001076	2024-07-16 02:37:00	38	FOLLOWUP	IN_PERSON	5	0
S05-001077	2023-10-08 11:21:00	40	WORKSHOP	ASYNC	3	0
S05-001078	2024-02-11 01:54:00	31	NETWORK	ASYNC	3	0
S05-001079	2024-07-25 15:55:00	27	INTAKE	IN_PERSON	4	0
S05-001080	2023-09-13 11:42:00	54	INTERVIEW	IN_PERSON	5	0
S05-001081	2024-03-27 15:40:00	29	RESUME	VIDEO	5	0
S05-001082	2024-08-01 16:41:00	36	RESUME	IN_PERSON	4	0
S05-001083	2024-05-30 23:52:00	78	WORKSHOP	PHONE	4	0
S05-001084	2024-05-05 04:51:00	78	INTERVIEW	VIDEO	3	0
S05-001085	2024-03-03 07:35:00	39	NETWORK	VIDEO	5	0
S05-001086	2024-04-15 21:09:00	86	NETWORK	VIDEO	4	1
S05-001087	2024-04-18 16:27:00	45	FOLLOWUP	IN_PERSON	4	0
S05-001088	2024-07-14 06:55:00	31	WORKSHOP	IN_PERSON	4	0
S05-001089	2024-07-01 09:04:00	52	FOLLOWUP	VIDEO	5	0
S05-001090	2024-07-30 03:46:00	79	FOLLOWUP	PHONE	5	0
S05-001091	2024-08-19 03:45:00	38	NETWORK	ASYNC	3	0
S05-001092	2024-06-14 21:13:00	32	INTAKE	VIDEO	3	0
S05-001093	2024-07-25 01:13:00	60	WORKSHOP	PHONE	3	0
S05-001094	2024-02-16 00:42:00	51	NETWORK	ASYNC	5	0
S05-001095	2023-12-09 21:20:00	54	NETWORK	ASYNC	5	0
S05-001096	2023-11-11 10:34:00	84	RESUME	VIDEO	5	0
S05-001097	2024-08-09 04:25:00	85	NETWORK	VIDEO	3	0
S05-001098	2024-08-21 02:22:00	69	FOLLOWUP	IN_PERSON	5	0
S05-001099	2024-06-16 22:53:00	67	WORKSHOP	IN_PERSON	4	0
S05-001100	2024-04-17 03:41:00	51	NETWORK	VIDEO	4	0
S05-001101	2024-03-09 14:53:00	87	FOLLOWUP	IN_PERSON	5	0
S05-001102	2024-07-31 04:11:00	40	NETWORK	IN_PERSON	5	0
S05-001103	2023-12-25 10:34:00	89	RESUME	IN_PERSON	2	0
S05-001104	2024-07-12 04:03:00	36	FOLLOWUP	VIDEO	5	1
S05-001105	2024-04-29 16:42:00	85	WORKSHOP	VIDEO	4	0
S05-001106	2024-07-26 04:39:00	78	RESUME	IN_PERSON	4	0
S05-001107	2023-12-28 21:04:00	58	WORKSHOP	IN_PERSON	3	0
S05-001108	2023-11-02 02:00:00	38	INTERVIEW	VIDEO	4	0
S05-001109	2023-09-13 00:34:00	26	FOLLOWUP	IN_PERSON	5	0
S05-001110	2024-01-25 21:27:00	28	FOLLOWUP	ASYNC	5	0
S05-001111	2024-08-25 01:56:00	65	FOLLOWUP	IN_PERSON	5	1
S05-001112	2024-03-17 19:38:00	80	WORKSHOP	ASYNC	5	0
S05-001113	2023-10-26 23:05:00	93	WORKSHOP	VIDEO	5	0
S05-001114	2024-06-02 07:16:00	80	RESUME	VIDEO	5	0
S05-001115	2024-07-23 23:28:00	67	INTERVIEW	IN_PERSON	5	0
S05-001116	2023-12-26 17:11:00	66	WORKSHOP	VIDEO	4	0
S05-001117	2023-10-14 04:01:00	43	NETWORK	ASYNC	5	0
S05-001118	2024-06-21 01:24:00	73	FOLLOWUP	PHONE	5	0
S05-001119	2024-07-17 21:36:00	94	INTERVIEW	VIDEO	5	0
S05-001120	2024-03-15 21:38:00	83	WORKSHOP	VIDEO	2	0
S05-001121	2024-02-25 17:17:00	59	NETWORK	IN_PERSON	2	0
S05-001122	2024-04-30 21:52:00	31	INTERVIEW	IN_PERSON	3	0
S05-001123	2023-09-01 21:30:00	86	FOLLOWUP	VIDEO	5	0
S05-001124	2024-08-16 23:31:00	49	FOLLOWUP	VIDEO	4	0
S05-001125	2024-03-13 07:00:00	43	INTERVIEW	ASYNC	4	0
S05-001126	2023-12-27 22:03:00	20	NETWORK	IN_PERSON	5	0
S05-001127	2023-09-01 15:21:00	77	WORKSHOP	VIDEO	5	1
S05-001128	2023-10-20 18:30:00	68	WORKSHOP	PHONE	2	0
S05-001129	2024-07-14 05:22:00	93	WORKSHOP	IN_PERSON	3	0
S05-001130	2024-04-29 03:48:00	37	INTERVIEW	IN_PERSON	2	0
S05-001131	2024-03-09 07:54:00	72	WORKSHOP	VIDEO	4	0
S05-001132	2024-03-18 03:48:00	78	INTERVIEW	VIDEO	4	0
S05-001133	2024-02-12 08:51:00	37	FOLLOWUP	ASYNC	5	0
S05-001134	2024-03-20 03:42:00	31	INTAKE	IN_PERSON	5	1
S05-001135	2024-06-01 10:14:00	65	WORKSHOP	PHONE	5	0
S05-001136	2024-02-16 01:18:00	45	NETWORK	IN_PERSON	4	0
S05-001137	2024-02-10 09:04:00	58	INTERVIEW	VIDEO	3	0
S05-001138	2024-07-22 12:18:00	20	NETWORK	IN_PERSON	3	0
S05-001139	2024-04-25 20:50:00	65	NETWORK	IN_PERSON	4	0
S05-001140	2023-12-24 13:17:00	71	INTERVIEW	IN_PERSON	5	0
S05-001141	2023-12-26 22:06:00	36	INTAKE	IN_PERSON	5	0
S05-001142	2024-08-06 04:05:00	85	RESUME	IN_PERSON	4	0
S05-001143	2023-10-28 23:59:00	41	INTERVIEW	VIDEO	4	0
S05-001144	2024-01-30 05:15:00	22	INTERVIEW	IN_PERSON	2	1
S05-001145	2023-10-26 09:22:00	51	RESUME	VIDEO	5	0
S05-001146	2024-08-19 07:00:00	88	RESUME	ASYNC	5	0
S05-001147	2024-06-26 10:08:00	51	NETWORK	ASYNC	4	0
S05-001148	2023-10-18 11:52:00	74	WORKSHOP	VIDEO	2	0
S05-001149	2024-03-10 07:52:00	74	FOLLOWUP	IN_PERSON	5	0
S05-001150	2023-10-29 17:59:00	65	NETWORK	IN_PERSON	4	1
S05-001151	2023-12-31 06:35:00	94	WORKSHOP	ASYNC	3	0
S05-001152	2024-04-18 09:07:00	40	INTAKE	VIDEO	5	0
S05-001153	2024-06-25 14:38:00	72	INTERVIEW	IN_PERSON	3	0
S05-001154	2024-02-09 07:06:00	39	NETWORK	IN_PERSON	2	0
S05-001155	2023-10-15 16:33:00	41	WORKSHOP	IN_PERSON	5	1
S05-001156	2024-01-11 01:55:00	88	INTERVIEW	PHONE	4	0
S05-001157	2024-04-21 01:56:00	83	INTAKE	VIDEO	2	0
S05-001158	2024-04-29 10:39:00	31	FOLLOWUP	VIDEO	3	0
S05-001159	2023-10-14 22:09:00	20	NETWORK	VIDEO	2	0
S05-001160	2023-12-02 20:38:00	78	RESUME	VIDEO	5	0
S05-001161	2024-08-18 23:27:00	59	NETWORK	VIDEO	5	0
S05-001162	2024-08-13 12:23:00	65	INTAKE	PHONE	5	1
S05-001163	2023-09-17 09:14:00	68	FOLLOWUP	VIDEO	4	0
S05-001164	2024-02-19 02:15:00	27	FOLLOWUP	VIDEO	5	0
S05-001165	2024-02-19 04:24:00	83	WORKSHOP	PHONE	4	0
S05-001166	2023-10-24 10:33:00	62	RESUME	VIDEO	3	1
S05-001167	2023-11-05 23:32:00	75	INTAKE	ASYNC	4	0
S05-001168	2024-05-31 07:06:00	62	FOLLOWUP	IN_PERSON	4	0
S05-001169	2024-02-21 09:55:00	48	INTAKE	PHONE	4	0
S05-001170	2023-11-21 06:23:00	69	WORKSHOP	IN_PERSON	5	1
S05-001171	2024-05-04 08:31:00	34	NETWORK	IN_PERSON	3	0
S05-001172	2023-10-24 14:05:00	38	NETWORK	ASYNC	4	0
S05-001173	2024-02-15 05:07:00	42	INTERVIEW	VIDEO	3	0
S05-001174	2024-07-17 23:30:00	61	FOLLOWUP	VIDEO	5	0
S05-001175	2024-07-14 06:17:00	50	FOLLOWUP	IN_PERSON	4	0
S05-001176	2023-11-01 10:23:00	85	FOLLOWUP	ASYNC	3	0
S05-001177	2024-05-19 20:23:00	28	INTAKE	IN_PERSON	2	0
S05-001178	2024-01-30 18:36:00	43	FOLLOWUP	VIDEO	3	0
S05-001179	2024-05-04 22:33:00	39	INTAKE	VIDEO	3	0
S05-001180	2023-10-12 08:59:00	82	FOLLOWUP	IN_PERSON	5	0
S05-001181	2024-05-08 03:46:00	60	INTAKE	IN_PERSON	3	0
S05-001182	2023-12-13 06:15:00	87	RESUME	ASYNC	2	0
S05-001183	2024-08-05 15:59:00	60	NETWORK	VIDEO	5	0
S05-001184	2023-10-29 20:14:00	27	INTAKE	IN_PERSON	5	0
S05-001185	2023-12-19 08:46:00	92	NETWORK	IN_PERSON	3	0
S05-001186	2023-11-17 00:28:00	40	RESUME	VIDEO	5	0
S05-001187	2024-04-29 20:59:00	59	WORKSHOP	VIDEO	4	0
S05-001188	2023-09-17 15:20:00	20	INTERVIEW	PHONE	5	0
S05-001189	2024-06-01 04:47:00	34	INTERVIEW	PHONE	4	0
S05-001190	2024-05-20 02:10:00	45	NETWORK	VIDEO	3	0
S05-001191	2023-09-08 09:17:00	66	NETWORK	VIDEO	4	0
S05-001192	2024-01-14 02:39:00	90	INTAKE	VIDEO	4	0
S05-001193	2024-04-12 14:08:00	47	RESUME	PHONE	3	1
S05-001194	2023-10-15 16:55:00	77	WORKSHOP	ASYNC	3	0
S05-001195	2024-08-23 17:11:00	82	INTAKE	VIDEO	5	0
S05-001196	2024-08-24 17:05:00	51	NETWORK	IN_PERSON	5	0
S05-001197	2024-08-28 16:23:00	92	WORKSHOP	VIDEO	5	0
S05-001198	2024-05-06 21:36:00	79	FOLLOWUP	VIDEO	4	0
S05-001199	2024-05-06 11:17:00	70	FOLLOWUP	IN_PERSON	5	1
S05-001200	2024-07-30 12:36:00	27	INTERVIEW	IN_PERSON	5	0
S05-001201	2024-05-09 16:45:00	93	RESUME	VIDEO	5	0
S05-001202	2024-01-17 13:29:00	92	FOLLOWUP	IN_PERSON	3	0
S05-001203	2024-05-07 09:52:00	60	INTERVIEW	IN_PERSON	4	0
S05-001204	2024-06-18 12:24:00	70	INTAKE	PHONE	4	0
S05-001205	2024-02-13 10:29:00	25	WORKSHOP	IN_PERSON	3	0
S05-001206	2024-08-14 11:36:00	87	RESUME	VIDEO	4	0
S05-001207	2024-06-29 18:18:00	67	INTERVIEW	IN_PERSON	2	0
S05-001208	2024-08-28 00:18:00	71	FOLLOWUP	VIDEO	3	0
S05-001209	2024-06-20 09:14:00	61	FOLLOWUP	ASYNC	3	0
S05-001210	2023-12-04 20:25:00	41	NETWORK	VIDEO	4	0
S05-001211	2024-08-15 15:01:00	61	RESUME	PHONE	5	0
S05-001212	2024-04-20 11:46:00	55	NETWORK	PHONE	5	0
S05-001213	2024-06-26 03:18:00	74	RESUME	IN_PERSON	4	0
S05-001214	2024-08-02 14:42:00	41	INTAKE	ASYNC	5	0
S05-001215	2024-04-02 01:08:00	27	WORKSHOP	IN_PERSON	3	0
S05-001216	2023-12-23 02:17:00	73	RESUME	VIDEO	3	0
S05-001217	2024-03-19 18:03:00	42	WORKSHOP	IN_PERSON	5	0
S05-001218	2024-04-22 12:59:00	80	RESUME	IN_PERSON	4	0
S05-001219	2024-01-29 20:03:00	92	INTAKE	VIDEO	3	0
S05-001220	2024-01-13 20:54:00	92	RESUME	IN_PERSON	5	0
S05-001221	2024-06-04 23:11:00	58	FOLLOWUP	IN_PERSON	3	0
S05-001222	2023-09-17 20:58:00	28	NETWORK	VIDEO	3	0
S05-001223	2023-12-04 20:04:00	55	NETWORK	VIDEO	4	0
S05-001224	2024-01-24 18:34:00	57	INTAKE	PHONE	2	0
S05-001225	2023-10-29 10:33:00	59	WORKSHOP	VIDEO	3	0
S05-001226	2024-04-07 02:14:00	65	NETWORK	VIDEO	4	0
S05-001227	2024-02-15 13:00:00	82	INTAKE	VIDEO	5	0
S05-001228	2023-11-17 19:24:00	21	NETWORK	VIDEO	4	0
S05-001229	2024-08-03 08:31:00	88	INTAKE	PHONE	4	0
S05-001230	2023-09-07 03:40:00	74	RESUME	IN_PERSON	5	1
S05-001231	2024-07-01 06:36:00	78	WORKSHOP	ASYNC	4	0
S05-001232	2024-07-23 04:00:00	26	INTERVIEW	IN_PERSON	5	0
S05-001233	2023-10-13 07:22:00	50	INTERVIEW	VIDEO	3	0
S05-001234	2024-02-03 23:50:00	74	RESUME	IN_PERSON	4	0
S05-001235	2024-06-28 16:26:00	88	WORKSHOP	VIDEO	5	0
S05-001236	2023-10-23 17:07:00	24	INTERVIEW	VIDEO	4	0
S05-001237	2024-07-11 23:40:00	40	NETWORK	ASYNC	4	0
S05-001238	2023-10-06 06:10:00	30	WORKSHOP	IN_PERSON	4	0
S05-001239	2023-09-17 17:40:00	38	INTAKE	VIDEO	4	0
S05-001240	2024-03-19 20:08:00	61	INTAKE	IN_PERSON	2	0
S05-001241	2024-05-01 10:38:00	33	INTAKE	IN_PERSON	4	0
S05-001242	2023-11-16 23:25:00	72	INTERVIEW	IN_PERSON	5	0
S05-001243	2023-11-25 10:46:00	61	FOLLOWUP	VIDEO	2	0
S05-001244	2024-03-16 19:54:00	84	WORKSHOP	IN_PERSON	4	0
S05-001245	2023-11-11 06:27:00	50	FOLLOWUP	VIDEO	2	0
S05-001246	2023-11-29 20:30:00	64	INTAKE	IN_PERSON	5	0
S05-001247	2024-05-04 13:35:00	70	INTAKE	IN_PERSON	3	0
S05-001248	2024-04-19 15:01:00	68	RESUME	VIDEO	5	0
S05-001249	2024-06-28 07:17:00	29	FOLLOWUP	IN_PERSON	5	0
S05-001250	2023-10-09 10:04:00	93	NETWORK	IN_PERSON	5	1
S05-001251	2024-07-14 22:34:00	93	INTERVIEW	VIDEO	3	0
S05-001252	2024-08-24 01:06:00	30	INTAKE	PHONE	4	0
S05-001253	2024-07-14 03:07:00	93	NETWORK	IN_PERSON	3	0
S05-001254	2024-07-09 20:42:00	85	RESUME	IN_PERSON	5	0
S05-001255	2024-06-27 11:54:00	45	FOLLOWUP	IN_PERSON	5	0
S05-001256	2024-01-13 03:43:00	88	RESUME	IN_PERSON	4	0
S05-001257	2024-05-30 04:28:00	31	RESUME	PHONE	2	0
S05-001258	2024-05-19 23:43:00	92	WORKSHOP	IN_PERSON	4	0
S05-001259	2024-06-19 21:05:00	40	FOLLOWUP	VIDEO	4	0
S05-001260	2024-06-04 01:50:00	52	NETWORK	VIDEO	2	0
S05-001261	2024-01-25 23:46:00	39	INTAKE	IN_PERSON	5	0
S05-001262	2024-06-03 21:41:00	35	RESUME	VIDEO	5	0
S05-001263	2024-01-27 20:09:00	74	INTERVIEW	VIDEO	5	0
S05-001264	2024-07-31 01:06:00	57	RESUME	ASYNC	4	0
S05-001265	2024-04-25 17:45:00	39	FOLLOWUP	IN_PERSON	5	0
S05-001266	2024-02-14 04:57:00	70	NETWORK	IN_PERSON	4	1
S05-001267	2024-02-10 18:16:00	90	WORKSHOP	IN_PERSON	5	0
S05-001268	2023-11-10 16:20:00	69	RESUME	IN_PERSON	4	0
S05-001269	2023-11-13 14:31:00	27	FOLLOWUP	PHONE	5	0
S05-001270	2024-05-05 15:40:00	23	NETWORK	IN_PERSON	4	0
S05-001271	2024-01-22 17:50:00	49	WORKSHOP	VIDEO	3	0
S05-001272	2023-11-16 01:46:00	40	RESUME	IN_PERSON	3	0
S05-001273	2024-05-02 16:21:00	59	NETWORK	PHONE	5	0
S05-001274	2024-05-19 15:15:00	66	INTAKE	VIDEO	5	0
S05-001275	2024-03-13 03:22:00	78	INTERVIEW	IN_PERSON	3	0
S05-001276	2023-09-03 04:34:00	66	RESUME	IN_PERSON	5	0
S05-001277	2024-04-13 15:03:00	69	INTAKE	ASYNC	5	0
S05-001278	2024-03-17 09:18:00	66	FOLLOWUP	ASYNC	5	0
S05-001279	2024-08-02 17:51:00	76	INTAKE	IN_PERSON	2	0
S05-001280	2023-10-01 09:50:00	76	WORKSHOP	IN_PERSON	4	0
S05-001281	2024-04-22 06:03:00	47	WORKSHOP	IN_PERSON	5	0
S05-001282	2023-11-13 17:31:00	36	INTERVIEW	VIDEO	5	0
S05-001283	2024-05-04 08:39:00	48	FOLLOWUP	ASYNC	4	0
S05-001284	2024-07-07 15:34:00	65	INTERVIEW	IN_PERSON	2	0
S05-001285	2024-03-26 23:58:00	58	RESUME	IN_PERSON	4	0
S05-001286	2023-11-06 10:59:00	50	WORKSHOP	PHONE	5	0
S05-001287	2024-07-26 00:39:00	89	WORKSHOP	VIDEO	2	0
S05-001288	2023-09-14 16:02:00	87	NETWORK	IN_PERSON	5	0
S05-001289	2023-10-16 17:57:00	88	INTAKE	VIDEO	3	0
S05-001290	2023-10-22 03:40:00	84	INTERVIEW	VIDEO	4	0
S05-001291	2023-09-29 18:31:00	82	NETWORK	VIDEO	5	0
S05-001292	2024-02-29 06:52:00	37	WORKSHOP	VIDEO	3	0
S05-001293	2023-09-11 15:45:00	85	RESUME	IN_PERSON	5	0
S05-001294	2024-01-31 00:11:00	33	INTAKE	VIDEO	3	0
S05-001295	2024-07-21 07:38:00	71	WORKSHOP	ASYNC	4	0
S05-001296	2024-08-26 15:59:00	70	INTERVIEW	IN_PERSON	4	0
S05-001297	2024-06-01 02:48:00	82	NETWORK	ASYNC	4	0
S05-001298	2023-11-03 19:36:00	37	INTAKE	ASYNC	2	0
S05-001299	2023-12-16 20:50:00	47	RESUME	IN_PERSON	5	0
S05-001300	2024-02-04 17:48:00	45	INTERVIEW	VIDEO	5	0
S05-001301	2024-01-12 17:33:00	55	INTAKE	IN_PERSON	3	0
S05-001302	2023-11-05 11:24:00	52	INTAKE	ASYNC	5	0
S05-001303	2024-03-16 01:08:00	72	INTERVIEW	IN_PERSON	4	0
S05-001304	2023-09-07 07:19:00	77	NETWORK	IN_PERSON	4	0
S05-001305	2024-01-24 07:09:00	22	NETWORK	VIDEO	3	0
S05-001306	2024-04-08 16:18:00	55	FOLLOWUP	IN_PERSON	5	0
S05-001307	2023-12-03 22:15:00	33	INTAKE	VIDEO	5	1
S05-001308	2023-12-22 23:04:00	31	FOLLOWUP	IN_PERSON	4	0
S05-001309	2023-09-08 00:17:00	86	NETWORK	VIDEO	5	0
S05-001310	2024-06-07 19:35:00	20	INTERVIEW	VIDEO	3	0
S05-001311	2024-02-06 01:25:00	67	NETWORK	ASYNC	3	0
S05-001312	2023-11-22 12:51:00	32	NETWORK	VIDEO	5	1
S05-001313	2023-10-21 01:34:00	27	NETWORK	VIDEO	4	0
S05-001314	2024-01-27 05:50:00	61	INTAKE	VIDEO	5	0
S05-001315	2023-11-19 01:49:00	44	WORKSHOP	ASYNC	2	0
S05-001316	2024-03-12 16:54:00	80	FOLLOWUP	VIDEO	4	0
S05-001317	2024-02-16 05:08:00	31	RESUME	IN_PERSON	2	0
S05-001318	2024-02-11 11:22:00	55	FOLLOWUP	PHONE	5	0
S05-001319	2024-02-29 02:39:00	92	FOLLOWUP	PHONE	5	0
S05-001320	2024-03-30 21:18:00	36	FOLLOWUP	IN_PERSON	3	0
S05-001321	2023-09-20 01:01:00	26	FOLLOWUP	IN_PERSON	4	0
S05-001322	2023-12-27 17:45:00	84	NETWORK	VIDEO	4	0
S05-001323	2024-05-03 22:43:00	36	FOLLOWUP	VIDEO	5	0
S05-001324	2024-01-27 21:27:00	55	WORKSHOP	VIDEO	4	0
S05-001325	2024-02-13 05:44:00	35	INTAKE	VIDEO	4	0
S05-001326	2024-08-15 18:12:00	42	RESUME	IN_PERSON	2	0
S05-001327	2024-06-15 12:04:00	47	RESUME	IN_PERSON	2	0
S05-001328	2024-06-11 12:32:00	69	WORKSHOP	VIDEO	3	0
S05-001329	2024-05-11 15:32:00	81	NETWORK	ASYNC	2	0
S05-001330	2024-08-08 11:09:00	68	FOLLOWUP	PHONE	5	0
S05-001331	2024-01-20 18:03:00	61	FOLLOWUP	ASYNC	4	0
S05-001332	2024-01-31 07:15:00	47	RESUME	IN_PERSON	4	0
S05-001333	2024-03-21 08:04:00	39	INTAKE	IN_PERSON	4	0
S05-001334	2024-04-11 14:24:00	88	INTERVIEW	IN_PERSON	4	0
S05-001335	2023-12-15 10:19:00	23	INTAKE	VIDEO	5	0
S05-001336	2024-04-04 00:10:00	30	WORKSHOP	IN_PERSON	4	0
S05-001337	2024-02-18 11:02:00	58	INTAKE	PHONE	4	0
S05-001338	2024-06-24 10:24:00	40	INTERVIEW	PHONE	5	1
S05-001339	2024-08-08 03:03:00	38	INTAKE	VIDEO	2	0
S05-001340	2024-08-29 05:25:00	71	RESUME	VIDEO	4	0
S05-001341	2024-03-21 03:22:00	77	INTAKE	IN_PERSON	5	0
S05-001342	2024-05-10 05:06:00	80	FOLLOWUP	IN_PERSON	5	0
S05-001343	2024-02-16 11:07:00	42	WORKSHOP	IN_PERSON	5	0
S05-001344	2023-09-14 00:55:00	41	NETWORK	IN_PERSON	5	0
S05-001345	2023-09-09 03:58:00	77	INTERVIEW	IN_PERSON	5	0
S05-001346	2023-09-01 21:54:00	45	INTAKE	PHONE	5	1
S05-001347	2024-04-28 10:36:00	94	FOLLOWUP	PHONE	4	0
S05-001348	2024-04-30 14:37:00	87	WORKSHOP	IN_PERSON	5	0
S05-001349	2024-02-29 07:55:00	52	NETWORK	VIDEO	4	0
S05-001350	2024-07-05 17:05:00	37	INTERVIEW	VIDEO	2	0
S05-001351	2024-04-12 09:30:00	39	INTERVIEW	VIDEO	5	0
S05-001352	2024-04-10 08:02:00	90	INTAKE	IN_PERSON	5	0
S05-001353	2024-05-16 23:38:00	85	RESUME	ASYNC	3	1
S05-001354	2024-05-29 19:18:00	30	WORKSHOP	ASYNC	4	0
S05-001355	2024-06-14 04:49:00	87	FOLLOWUP	IN_PERSON	5	0
S05-001356	2023-10-09 06:18:00	59	FOLLOWUP	VIDEO	5	0
S05-001357	2024-06-17 15:40:00	69	RESUME	IN_PERSON	3	0
S05-001358	2023-09-03 16:21:00	63	RESUME	VIDEO	3	0
S05-001359	2023-11-23 17:57:00	49	NETWORK	IN_PERSON	4	0
S05-001360	2023-10-06 05:30:00	60	INTAKE	IN_PERSON	5	0
S05-001361	2024-02-23 20:46:00	56	INTERVIEW	VIDEO	3	0
S05-001362	2024-08-03 08:28:00	85	RESUME	VIDEO	4	0
S05-001363	2024-06-19 04:11:00	41	WORKSHOP	ASYNC	5	0
S05-001364	2024-04-12 00:37:00	81	RESUME	IN_PERSON	5	0
S05-001365	2023-11-07 15:48:00	51	INTAKE	VIDEO	5	0
S05-001366	2023-12-10 13:22:00	47	INTERVIEW	VIDEO	5	1
S05-001367	2023-12-26 12:15:00	81	NETWORK	VIDEO	4	0
S05-001368	2023-11-13 23:06:00	63	INTERVIEW	VIDEO	4	0
S05-001369	2024-07-24 00:19:00	65	NETWORK	VIDEO	2	1
S05-001370	2024-03-15 05:01:00	27	INTERVIEW	VIDEO	4	0
S05-001371	2024-05-16 13:37:00	33	RESUME	VIDEO	3	0
S05-001372	2024-04-16 00:17:00	55	WORKSHOP	IN_PERSON	5	0
S05-001373	2024-02-16 05:20:00	88	FOLLOWUP	VIDEO	5	0
S05-001374	2023-11-28 15:45:00	47	WORKSHOP	PHONE	4	0
S05-001375	2024-02-28 06:24:00	58	INTAKE	VIDEO	5	0
S05-001376	2024-07-26 21:09:00	53	INTAKE	IN_PERSON	3	0
S05-001377	2023-10-12 15:05:00	22	INTERVIEW	VIDEO	2	0
S05-001378	2023-12-04 11:05:00	93	RESUME	ASYNC	5	0
S05-001379	2023-11-04 00:08:00	89	NETWORK	IN_PERSON	5	0
S05-001380	2024-01-18 05:28:00	63	WORKSHOP	IN_PERSON	5	0
S05-001381	2024-04-21 03:58:00	24	INTAKE	ASYNC	5	1
S05-001382	2023-09-14 19:32:00	91	INTAKE	ASYNC	4	0
S05-001383	2024-03-17 17:31:00	42	WORKSHOP	IN_PERSON	5	0
S05-001384	2024-03-19 15:40:00	31	FOLLOWUP	VIDEO	4	0
S05-001385	2024-01-01 14:36:00	83	NETWORK	VIDEO	3	1
S05-001386	2023-11-29 07:13:00	25	WORKSHOP	IN_PERSON	5	0
S05-001387	2024-03-01 09:30:00	37	INTAKE	VIDEO	4	0
S05-001388	2024-06-08 13:01:00	69	WORKSHOP	IN_PERSON	4	0
S05-001389	2023-12-24 03:28:00	30	INTAKE	IN_PERSON	5	0
S05-001390	2024-02-25 19:50:00	34	FOLLOWUP	VIDEO	2	0
S05-001391	2024-06-01 21:05:00	20	NETWORK	PHONE	4	0
S05-001392	2023-09-30 06:25:00	83	WORKSHOP	VIDEO	4	0
S05-001393	2023-10-23 19:46:00	55	RESUME	VIDEO	5	0
S05-001394	2023-11-28 06:20:00	63	NETWORK	PHONE	4	0
S05-001395	2023-12-16 12:44:00	44	WORKSHOP	IN_PERSON	4	0
S05-001396	2024-07-27 07:13:00	37	RESUME	VIDEO	5	0
S05-001397	2023-09-05 07:31:00	85	NETWORK	IN_PERSON	3	0
S05-001398	2024-06-21 18:41:00	48	FOLLOWUP	PHONE	4	0
S05-001399	2023-12-21 04:09:00	30	FOLLOWUP	IN_PERSON	5	0
S05-001400	2024-03-13 22:17:00	92	FOLLOWUP	PHONE	4	0
S05-001401	2023-09-08 10:12:00	61	INTERVIEW	IN_PERSON	5	0
S05-001402	2024-06-08 01:33:00	69	WORKSHOP	IN_PERSON	4	0
S05-001403	2023-09-24 19:50:00	58	WORKSHOP	IN_PERSON	2	0
S05-001404	2024-03-13 19:06:00	82	INTAKE	IN_PERSON	4	0
S05-001405	2024-08-24 12:37:00	64	NETWORK	IN_PERSON	5	1
S05-001406	2023-12-25 04:21:00	57	NETWORK	IN_PERSON	2	0
S05-001407	2024-08-05 07:41:00	56	INTERVIEW	VIDEO	3	0
S05-001408	2024-01-12 18:39:00	67	INTERVIEW	PHONE	4	0
S05-001409	2024-07-10 19:19:00	65	INTAKE	VIDEO	3	0
S05-001410	2024-06-21 22:34:00	73	RESUME	VIDEO	5	0
S05-001411	2024-07-23 16:29:00	50	INTAKE	PHONE	3	0
S05-001412	2024-03-17 21:02:00	40	NETWORK	VIDEO	5	0
S05-001413	2023-10-03 07:58:00	34	WORKSHOP	VIDEO	5	0
S05-001414	2024-03-26 08:39:00	75	RESUME	IN_PERSON	2	0
S05-001415	2023-12-24 15:13:00	65	RESUME	VIDEO	3	1
S05-001416	2023-12-07 17:52:00	23	INTERVIEW	VIDEO	5	0
S05-001417	2024-05-07 18:40:00	70	INTERVIEW	VIDEO	4	0
S05-001418	2023-10-29 05:23:00	87	RESUME	PHONE	4	0
S05-001419	2024-05-10 23:26:00	90	FOLLOWUP	IN_PERSON	5	0
S05-001420	2024-01-12 13:45:00	22	RESUME	IN_PERSON	5	0
S05-001421	2023-09-07 20:43:00	38	INTERVIEW	IN_PERSON	5	1
S05-001422	2024-01-19 03:34:00	41	FOLLOWUP	PHONE	3	0
S05-001423	2024-04-01 16:33:00	63	INTAKE	VIDEO	5	0
S05-001424	2024-08-28 20:38:00	80	WORKSHOP	VIDEO	3	0
S05-001425	2023-11-10 11:48:00	51	WORKSHOP	VIDEO	3	0
S05-001426	2024-07-06 02:23:00	53	WORKSHOP	PHONE	3	0
S05-001427	2024-07-13 04:49:00	58	INTERVIEW	VIDEO	3	0
S05-001428	2024-07-25 06:31:00	54	NETWORK	VIDEO	4	1
S05-001429	2024-02-25 14:32:00	84	INTAKE	VIDEO	5	0
S05-001430	2024-08-17 05:22:00	77	FOLLOWUP	VIDEO	4	0
S05-001431	2023-11-21 21:23:00	75	INTAKE	IN_PERSON	2	0
S05-001432	2024-04-01 09:41:00	88	INTAKE	IN_PERSON	5	0
S05-001433	2023-09-30 03:12:00	90	RESUME	PHONE	5	0
S05-001434	2024-04-28 17:42:00	57	RESUME	ASYNC	5	0
S05-001435	2024-06-02 12:41:00	35	INTAKE	ASYNC	4	0
S05-001436	2023-09-14 04:50:00	75	RESUME	ASYNC	5	0
