case_id,graduate_id,decision_ts,counselor_id,decision_path,consent_recorded,first_session_lag_d,scheduled_sessions,completed_sessions
CS-000000,G2018000629,2024-01-31 13:00:00,CN016,ADV_REVIEW,1,1,9,3
CS-000001,G2018006224,2024-12-20 00:00:00,CN052,STUDENT_REQUEST,0,7,8,8
CS-000002,G2018015726,2023-01-22 16:00:00,CN051,AUTO_FLAG,1,21,10,10
CS-000003,G2018006962,2024-06-22 15:00:00,CN037,STUDENT_REQUEST,0,26,7,7
CS-000004,G2018004537,2023-09-13 07:00:00,CN001,STUDENT_REQUEST,1,4,10,8
CS-000005,G2018006434,2023-10-01 11:00:00,CN057,AUTO_FLAG,1,17,6,2
CS-000006,G2018014784,2023-06-21 23:00:00,CN043,MANUAL_PUSH,1,19,7,2
CS-000007,G2018014204,2023-05-18 21:00:00,CN071,AUTO_FLAG,1,2,10,2
CS-000008,G2018004923,2024-12-12 18:00:00,CN018,MANUAL_PUSH,1,18,8,6
CS-000009,G2018015268,2024-11-17 05:00:00,CN023,ADV_REVIEW,1,2,12,12
CS-000010,G2018014727,2024-10-26 02:00:00,CN016,AUTO_FLAG,1,10,6,4
CS-000011,G2018007696,2023-12-01 16:00:00,CN068,ADV_REVIEW,1,1,9,5
CS-000012,G2018007484,2023-05-04 07:00:00,CN019,AUTO_FLAG,1,24,10,7
CS-000013,G2018000856,2023-06-05 14:00:00,CN056,AUTO_FLAG,1,23,7,4
CS-000014,G2018008803,2024-09-16 13:00:00,CN046,STUDENT_REQUEST,1,3,8,7
CS-000015,G2018020295,2023-07-29 15:00:00,CN049,ADV_REVIEW,1,10,7,7
CS-000016,G2018009691,2023-12-16 08:00:00,CN048,AUTO_FLAG,0,23,6,3
CS-000017,G2018013017,2024-06-11 17:00:00,CN022,ADV_REVIEW,1,5,6,6
CS-000018,G2018012406,2023-06-27 17:00:00,CN052,STUDENT_REQUEST,1,19,8,8
CS-000019,G2018011943,2024-09-08 11:00:00,CN032,CAP_OVERFLOW,1,18,10,8
CS-000020,G2018002895,2024-08-05 02:00:00,CN030,ADV_REVIEW,1,16,6,6
CS-000021,G2018018403,2024-03-13 02:00:00,CN003,CAP_OVERFLOW,1,7,12,5
CS-000022,G2018014630,2023-09-22 02:00:00,CN006,AUTO_FLAG,1,9,13,13
CS-000023,G2018015517,2023-03-09 15:00:00,CN024,AUTO_FLAG,1,11,6,5
CS-000024,G2018013717,2023-04-03 15:00:00,CN033,CAP_OVERFLOW,1,2,8,4
CS-000025,G2018014508,2024-05-31 06:00:00,CN028,CAP_OVERFLOW,1,22,8,7
CS-000026,G2018004545,2023-10-10 18:00:00,CN059,CAP_OVERFLOW,1,26,11,7
CS-000027,G2018009481,2024-11-17 13:00:00,CN008,STUDENT_REQUEST,0,23,4,2
CS-000028,G2018003679,2024-12-11 15:00:00,CN042,AUTO_FLAG,1,20,6,3
CS-000029,G2018002987,2023-08-22 02:00:00,CN003,STUDENT_REQUEST,1,5,3,3
CS-000030,G2018004947,2023-08-30 20:00:00,CN010,ADV_REVIEW,1,16,4,4
CS-000031,G2018005047,2023-06-25 11:00:00,CN038,AUTO_FLAG,1,5,8,6
CS-000032,G2018012927,2024-06-02 15:00:00,CN037,AUTO_FLAG,1,11,11,9
CS-000033,G2018014228,2024-07-14 05:00:00,CN064,AUTO_FLAG,1,27,5,4
CS-000034,G2018010881,2024-10-17 10:00:00,CN038,CAP_OVERFLOW,1,8,6,5
CS-000035,G2018005648,2024-02-05 07:00:00,CN043,AUTO_FLAG,1,9,3,1
CS-000036,G2018006310,2023-03-24 07:00:00,CN008,AUTO_FLAG,1,8,6,5
CS-000037,G2018009295,2023-11-28 04:00:00,CN041,ADV_REVIEW,1,11,8,4
CS-000038,G2018016118,2024-10-05 21:00:00,CN027,CAP_OVERFLOW,1,19,5,4
CS-000039,G2018018651,2024-07-22 02:00:00,CN052,STUDENT_REQUEST,1,11,9,8
CS-000040,G2018004389,2023-04-08 07:00:00,CN044,STUDENT_REQUEST,1,14,3,2
CS-000041,G2018019346,2023-07-01 23:00:00,CN014,STUDENT_REQUEST,1,24,6,3
CS-000042,G2018012458,2023-06-12 22:00:00,CN047,ADV_REVIEW,1,12,13,11
CS-000043,G2018007217,2024-08-24 19:00:00,CN004,MANUAL_PUSH,1,26,11,11
CS-000044,G2018017592,2024-01-13 03:00:00,CN032,STUDENT_REQUEST,1,4,4,3
CS-000045,G2018007306,2024-12-19 17:00:00,CN048,AUTO_FLAG,1,15,4,4
CS-000046,G2018006128,2024-10-27 11:00:00,CN029,ADV_REVIEW,1,0,6,4
CS-000047,G2018010633,2023-01-27 11:00:00,CN037,ADV_REVIEW,1,12,6,3
CS-000048,G2018000169,2023-06-09 06:00:00,CN044,AUTO_FLAG,1,25,10,7
CS-000049,G2018000004,2023-11-29 23:00:00,CN064,STUDENT_REQUEST,1,9,7,7
CS-000050,G2018004799,2024-07-17 03:00:00,CN070,AUTO_FLAG,1,21,4,1
CS-000051,G2018004539,2024-05-06 21:00:00,CN069,AUTO_FLAG,1,18,4,2
CS-000052,G2018001846,2023-04-30 13:00:00,CN013,AUTO_FLAG,1,18,9,8
CS-000053,G2018017898,2023-08-01 02:00:00,CN057,AUTO_FLAG,1,2,10,9
CS-000054,G2018015029,2024-05-20 15:00:00,CN050,STUDENT_REQUEST,1,3,9,6
CS-000055,G2018018029,2024-01-12 02:00:00,CN071,CAP_OVERFLOW,1,1,8,8
CS-000056,G2018021562,2024-03-06 11:00:00,CN032,ADV_REVIEW,1,1,5,2
CS-000057,G2018017008,2023-03-30 08:00:00,CN007,STUDENT_REQUEST,1,23,11,11
CS-000058,G2018006228,2024-01-08 01:00:00,CN003,ADV_REVIEW,1,6,12,6
CS-000059,G2018004653,2023-08-14 10:00:00,CN071,ADV_REVIEW,1,18,12,8
CS-000060,G2018018109,2023-04-20 03:00:00,CN070,ADV_REVIEW,1,3,5,2
CS-000061,G2018010068,2023-12-14 14:00:00,CN069,AUTO_FLAG,1,22,11,7
CS-000062,G2018001320,2023-01-17 12:00:00,CN006,AUTO_FLAG,1,26,8,8
CS-000063,G2018000216,2024-12-04 07:00:00,CN002,STUDENT_REQUEST,1,6,6,6
CS-000064,G2018015072,2023-11-02 17:00:00,CN065,STUDENT_REQUEST,1,4,9,4
CS-000065,G2018005209,2024-06-29 09:00:00,CN067,STUDENT_REQUEST,1,4,3,2
CS-000066,G2018002330,2024-01-18 21:00:00,CN047,ADV_REVIEW,1,19,5,5
CS-000067,G2018020984,2024-10-28 12:00:00,CN030,AUTO_FLAG,1,11,6,5
CS-000068,G2018020527,2024-03-30 03:00:00,CN003,ADV_REVIEW,0,21,11,11
CS-000069,G2018012391,2024-04-12 11:00:00,CN012,ADV_REVIEW,0,14,7,7
CS-000070,G2018007012,2024-04-07 00:00:00,CN042,ADV_REVIEW,1,27,13,9
CS-000071,G2018013395,2023-05-31 18:00:00,CN046,ADV_REVIEW,1,19,5,0
CS-000072,G2018004554,2024-09-28 17:00:00,CN012,AUTO_FLAG,1,26,3,3
CS-000073,G2018020475,2024-07-11 10:00:00,CN013,AUTO_FLAG,1,3,4,2
CS-000074,G2018006410,2023-12-13 23:00:00,CN048,AUTO_FLAG,1,7,6,4
CS-000075,G2018013124,2023-04-21 03:00:00,CN004,ADV_REVIEW,1,1,2,1
CS-000076,G2018014853,2023-04-12 13:00:00,CN018,STUDENT_REQUEST,1,9,12,8
CS-000077,G2018011042,2023-11-14 01:00:00,CN037,ADV_REVIEW,1,5,7,7
CS-000078,G2018000132,2023-02-16 13:00:00,CN002,AUTO_FLAG,1,19,6,6
CS-000079,G2018008299,2023-04-30 03:00:00,CN059,AUTO_FLAG,1,21,10,9
CS-000080,G2018019228,2024-02-06 14:00:00,CN008,AUTO_FLAG,0,10,7,7
CS-000081,G2018001096,2023-04-14 22:00:00,CN011,AUTO_FLAG,1,11,7,6
CS-000082,G2018018222,2024-10-14 07:00:00,CN038,STUDENT_REQUEST,1,8,4,4
CS-000083,G2018017038,2023-08-25 21:00:00,CN025,CAP_OVERFLOW,1,15,7,5
CS-000084,G2018021347,2023-01-01 11:00:00,CN011,AUTO_FLAG,1,27,9,5
CS-000085,G2018006593,2023-06-02 16:00:00,CN013,ADV_REVIEW,1,5,5,4
CS-000086,G2018014576,2023-01-31 20:00:00,CN008,AUTO_FLAG,1,6,7,5
CS-000087,G2018003120,2023-11-14 07:00:00,CN035,STUDENT_REQUEST,1,9,6,4
CS-000088,G2018020869,2023-09-21 21:00:00,CN041,AUTO_FLAG,1,20,7,3
CS-000089,G2018007986,2024-04-17 11:00:00,CN027,STUDENT_REQUEST,1,27,5,3
CS-000090,G2018019072,2024-07-02 07:00:00,CN067,MANUAL_PUSH,1,23,7,6
CS-000091,G2018010866,2023-05-28 05:00:00,CN028,AUTO_FLAG,1,5,9,5
CS-000092,G2018000281,2024-04-05 00:00:00,CN069,AUTO_FLAG,1,24,3,3
CS-000093,G2018016206,2023-12-17 23:00:00,CN017,STUDENT_REQUEST,1,17,9,5
CS-000094,G2018011108,2024-11-29 07:00:00,CN009,ADV_REVIEW,1,12,10,9
CS-000095,G2018016326,2024-10-01 04:00:00,CN038,MANUAL_PUSH,1,24,17,17
CS-000096,G2018012369,2023-12-24 09:00:00,CN058,MANUAL_PUSH,1,2,11,6
CS-000097,G2018015078,2023-02-18 14:00:00,CN031,STUDENT_REQUEST,1,8,7,5
CS-000098,G2018007470,2023-06-06 07:00:00,CN069,AUTO_FLAG,1,0,8,8
CS-000099,G2018011669,2023-06-21 22:00:00,CN000,AUTO_FLAG,1,12,9,9
CS-000100,G2018011964,2024-05-07 13:00:00,CN026,ADV_REVIEW,1,25,9,6
CS-000101,G2018003837,2024-08-31 15:00:00,CN035,ADV_REVIEW,1,12,6,5
CS-000102,G2018003343,2023-08-20 17:00:00,CN012,AUTO_FLAG,1,17,9,4
CS-000103,G2018017976,2024-02-24 21:00:00,CN002,ADV_REVIEW,1,12,8,5
CS-000104,G2018020238,2023-12-07 05:00:00,CN070,AUTO_FLAG,1,0,6,2
CS-000105,G2018002765,2024-08-16 12:00:00,CN002,STUDENT_REQUEST,1,6,6,5
CS-000106,G2018002248,2023-06-06 09:00:00,CN034,AUTO_FLAG,1,27,11,11
CS-000107,G2018007246,2023-09-22 19:00:00,CN017,AUTO_FLAG,1,21,6,3
CS-000108,G2018008622,2024-12-02 00:00:00,CN028,STUDENT_REQUEST,1,22,4,3
CS-000109,G2018011658,2024-09-24 19:00:00,CN001,STUDENT_REQUEST,1,9,3,2
CS-000110,G2018019662,2023-10-15 16:00:00,CN032,ADV_REVIEW,1,16,5,2
CS-000111,G2018020230,2023-07-22 09:00:00,CN068,CAP_OVERFLOW,1,8,5,5
CS-000112,G2018003432,2024-11-09 06:00:00,CN053,STUDENT_REQUEST,1,14,7,7
CS-000113,G2018005682,2023-12-19 20:00:00,CN061,AUTO_FLAG,1,12,5,2
CS-000114,G2018012521,2024-12-08 17:00:00,CN004,ADV_REVIEW,1,17,8,8
CS-000115,G2018021258,2024-07-11 16:00:00,CN010,STUDENT_REQUEST,1,17,5,5
CS-000116,G2018017800,2024-07-21 15:00:00,CN028,ADV_REVIEW,1,19,5,1
CS-000117,G2018002713,2024-10-17 10:00:00,CN040,STUDENT_REQUEST,1,22,11,5
CS-000118,G2018004183,2024-02-17 19:00:00,CN061,MANUAL_PUSH,1,18,10,6
CS-000119,G2018011674,2023-08-13 14:00:00,CN048,ADV_REVIEW,1,20,8,6
CS-000120,G2018000374,2023-02-26 22:00:00,CN057,ADV_REVIEW,1,12,5,5
CS-000121,G2018012445,2023-08-07 23:00:00,CN050,ADV_REVIEW,1,3,10,3
CS-000122,G2018005196,2023-06-01 03:00:00,CN070,AUTO_FLAG,1,21,9,6
CS-000123,G2018005929,2023-11-28 07:00:00,CN023,STUDENT_REQUEST,1,7,7,5
CS-000124,G2018011124,2024-12-04 14:00:00,CN005,ADV_REVIEW,1,24,5,5
CS-000125,G2018005065,2023-02-07 04:00:00,CN009,ADV_REVIEW,1,25,8,5
CS-000126,G2018002534,2023-02-21 10:00:00,CN057,ADV_REVIEW,1,12,6,6
CS-000127,G2018014141,2023-02-18 22:00:00,CN049,ADV_REVIEW,1,7,11,2
CS-000128,G2018010686,2023-10-03 21:00:00,CN006,STUDENT_REQUEST,1,20,6,5
CS-000129,G2018017568,2023-10-08 12:00:00,CN032,AUTO_FLAG,1,15,3,2
CS-000130,G2018009225,2024-01-26 08:00:00,CN054,AUTO_FLAG,1,11,9,8
CS-000131,G2018012338,2024-01-30 13:00:00,CN048,STUDENT_REQUEST,1,25,8,5
CS-000132,G2018012445,2023-11-02 12:00:00,CN037,AUTO_FLAG,1,17,6,6
CS-000133,G2018006803,2023-09-28 23:00:00,CN030,ADV_REVIEW,1,6,7,7
CS-000134,G2018020081,2024-05-13 17:00:00,CN016,AUTO_FLAG,1,14,3,2
CS-000135,G2018004456,2024-07-10 07:00:00,CN002,AUTO_FLAG,1,9,9,8
CS-000136,G2018011229,2023-09-05 15:00:00,CN057,AUTO_FLAG,1,18,11,9
CS-000137,G2018004775,2023-04-18 08:00:00,CN005,CAP_OVERFLOW,1,9,8,8
CS-000138,G2018015551,2024-01-24 21:00:00,CN052,CAP_OVERFLOW,0,11,8,6
CS-000139,G2018009528,2023-07-08 19:00:00,CN063,AUTO_FLAG,1,6,9,7
CS-000140,G2018003470,2023-02-16 01:00:00,CN023,ADV_REVIEW,1,16,7,5
CS-000141,G2018020912,2023-06-13 04:00:00,CN043,ADV_REVIEW,1,10,8,8
CS-000142,G2018019141,2023-06-06 19:00:00,CN035,MANUAL_PUSH,1,18,7,7
CS-000143,G2018009029,2024-06-24 23:00:00,CN008,ADV_REVIEW,1,7,7,5
CS-000144,G2018014156,2023-07-29 20:00:00,CN041,AUTO_FLAG,1,2,18,18
CS-000145,G2018006558,2024-10-20 07:00:00,CN026,AUTO_FLAG,1,6,1,0
CS-000146,G2018021234,2024-07-05 20:00:00,CN039,CAP_OVERFLOW,1,25,12,4
CS-000147,G2018011306,2023-05-02 12:00:00,CN001,STUDENT_REQUEST,1,13,7,5
CS-000148,G2018002378,2024-05-22 22:00:00,CN028,ADV_REVIEW,1,20,6,6
CS-000149,G2018020990,2023-05-02 06:00:00,CN070,AUTO_FLAG,1,26,7,7
CS-000150,G2018001254,2024-04-13 06:00:00,CN018,AUTO_FLAG,1,17,6,5
CS-000151,G2018013858,2024-05-07 02:00:00,CN020,ADV_REVIEW,1,11,3,3
CS-000152,G2018000790,2024-06-15 13:00:00,CN052,ADV_REVIEW,1,5,9,5
CS-000153,G2018011567,2023-08-03 02:00:00,CN030,CAP_OVERFLOW,1,13,7,6
CS-000154,G2018002180,2023-11-11 00:00:00,CN038,AUTO_FLAG,1,11,9,9
CS-000155,G2018007458,2023-02-19 23:00:00,CN035,ADV_REVIEW,1,8,7,1
CS-000156,G2018016694,2023-10-10 11:00:00,CN003,MANUAL_PUSH,1,22,7,7
CS-000157,G2018004242,2023-02-27 19:00:00,CN030,AUTO_FLAG,1,27,3,3
CS-000158,G2018005827,2024-08-23 18:00:00,CN008,ADV_REVIEW,1,8,6,4
CS-000159,G2018006769,2023-12-05 16:00:00,CN000,ADV_REVIEW,1,6,8,7
CS-000160,G2018003863,2023-09-17 15:00:00,CN007,STUDENT_REQUEST,1,11,6,5
CS-000161,G2018020036,2023-12-06 21:00:00,CN048,STUDENT_REQUEST,1,23,5,0
CS-000162,G2018015995,2024-09-15 04:00:00,CN019,MANUAL_PUSH,1,11,5,4
CS-000163,G2018007473,2024-07-25 08:00:00,CN002,ADV_REVIEW,1,14,5,2
CS-000164,G2018018233,2024-04-10 02:00:00,CN045,AUTO_FLAG,1,12,5,4
CS-000165,G2018008547,2023-02-11 12:00:00,CN040,AUTO_FLAG,1,10,6,6
CS-000166,G2018009439,2023-01-23 04:00:00,CN016,ADV_REVIEW,1,7,5,2
CS-000167,G2018010655,2023-07-23 18:00:00,CN047,STUDENT_REQUEST,1,26,7,3
CS-000168,G2018008863,2024-01-20 10:00:00,CN023,AUTO_FLAG,1,25,4,3
CS-000169,G2018012833,2024-11-13 07:00:00,CN006,ADV_REVIEW,0,17,7,7
CS-000170,G2018012738,2023-06-15 22:00:00,CN037,STUDENT_REQUEST,1,16,5,2
CS-000171,G2018003093,2023-11-12 11:00:00,CN002,AUTO_FLAG,1,6,7,3
CS-000172,G2018001240,2023-11-18 13:00:00,CN052,MANUAL_PUSH,1,4,7,7
CS-000173,G2018007006,2024-03-25 16:00:00,CN043,AUTO_FLAG,1,21,6,6
CS-000174,G2018014248,2023-07-12 13:00:00,CN068,STUDENT_REQUEST,1,13,5,5
CS-000175,G2018007611,2023-04-28 23:00:00,CN021,ADV_REVIEW,1,1,9,6
CS-000176,G2018017041,2023-02-26 09:00:00,CN044,STUDENT_REQUEST,1,3,6,2
CS-000177,G2018009343,2024-10-18 19:00:00,CN039,ADV_REVIEW,1,5,9,5
CS-000178,G2018012331,2023-04-16 16:00:00,CN016,AUTO_FLAG,1,15,11,11
CS-000179,G2018009244,2023-09-16 06:00:00,CN011,MANUAL_PUSH,1,3,9,4
CS-000180,G2018001121,2024-05-13 09:00:00,CN061,ADV_REVIEW,1,0,4,4
CS-000181,G2018008539,2024-08-24 20:00:00,CN002,ADV_REVIEW,1,2,4,4
CS-000182,G2018013826,2024-12-25 20:00:00,CN071,MANUAL_PUSH,1,11,4,4
CS-000183,G2018007916,2023-11-15 08:00:00,CN034,ADV_REVIEW,1,5,11,10
CS-000184,G2018019676,2024-01-29 06:00:00,CN027,AUTO_FLAG,1,26,7,6
CS-000185,G2018007200,2023-06-26 01:00:00,CN021,AUTO_FLAG,1,15,11,9
CS-000186,G2018015765,2024-09-29 23:00:00,CN006,STUDENT_REQUEST,1,15,7,7
CS-000187,G2018018356,2024-06-01 07:00:00,CN047,AUTO_FLAG,1,1,10,8
CS-000188,G2018000439,2023-08-31 18:00:00,CN069,AUTO_FLAG,1,21,6,6
CS-000189,G2018013751,2023-03-09 11:00:00,CN030,ADV_REVIEW,1,22,6,2
CS-000190,G2018002091,2023-03-17 09:00:00,CN048,CAP_OVERFLOW,1,15,12,8
CS-000191,G2018019240,2023-02-22 07:00:00,CN031,ADV_REVIEW,1,22,5,2
CS-000192,G2018009743,2023-01-25 10:00:00,CN012,ADV_REVIEW,1,10,9,9
CS-000193,G2018009171,2023-03-03 23:00:00,CN026,STUDENT_REQUEST,0,22,9,8
CS-000194,G2018005477,2024-02-02 07:00:00,CN020,AUTO_FLAG,1,22,7,6
CS-000195,G2018014400,2023-01-26 08:00:00,CN010,AUTO_FLAG,1,5,1,0
CS-000196,G2018006695,2024-10-06 04:00:00,CN028,CAP_OVERFLOW,1,15,3,3
CS-000197,G2018007512,2023-09-24 18:00:00,CN067,AUTO_FLAG,1,17,6,5
CS-000198,G2018004780,2023-11-11 13:00:00,CN049,STUDENT_REQUEST,1,27,8,8
CS-000199,G2018020757,2023-09-13 10:00:00,CN035,ADV_REVIEW,1,15,5,5
CS-000200,G2018003399,2023-07-05 04:00:00,CN055,MANUAL_PUSH,1,1,13,7
CS-000201,G2018010712,2024-01-12 07:00:00,CN001,AUTO_FLAG,1,15,5,5
CS-000202,G2018005547,2024-04-29 14:00:00,CN040,ADV_REVIEW,1,18,5,5
CS-000203,G2018009863,2023-09-14 02:00:00,CN007,AUTO_FLAG,1,27,7,7
CS-000204,G2018007640,2024-11-19 13:00:00,CN003,AUTO_FLAG,1,23,7,3
CS-000205,G2018003081,2024-02-03 22:00:00,CN070,ADV_REVIEW,1,0,13,11
CS-000206,G2018009275,2024-06-07 22:00:00,CN025,AUTO_FLAG,1,15,8,4
CS-000207,G2018001014,2023-04-12 04:00:00,CN039,AUTO_FLAG,1,22,9,3
CS-000208,G2018013770,2024-11-11 10:00:00,CN044,ADV_REVIEW,1,24,3,2
CS-000209,G2018011877,2024-10-15 14:00:00,CN061,ADV_REVIEW,1,9,6,6
CS-000210,G2018020331,2024-09-11 21:00:00,CN014,AUTO_FLAG,1,10,7,7
CS-000211,G2018012316,2023-01-23 20:00:00,CN024,ADV_REVIEW,1,6,9,8
CS-000212,G2018005523,2024-02-18 03:00:00,CN029,ADV_REVIEW,1,6,7,5
CS-000213,G2018000943,2024-08-22 09:00:00,CN046,ADV_REVIEW,1,10,7,4
CS-000214,G2018006175,2023-05-23 02:00:00,CN038,ADV_REVIEW,1,2,8,8
CS-000215,G2018006200,2023-02-27 19:00:00,CN000,ADV_REVIEW,1,21,3,0
CS-000216,G2018012687,2023-01-19 14:00:00,CN041,STUDENT_REQUEST,1,19,7,7
CS-000217,G2018018763,2024-09-08 19:00:00,CN047,ADV_REVIEW,1,14,8,4
CS-000218,G2018019680,2023-06-06 09:00:00,CN059,STUDENT_REQUEST,1,11,7,7
CS-000219,G2018010962,2023-02-07 01:00:00,CN038,AUTO_FLAG,1,2,8,5
CS-000220,G2018012496,2023-05-03 16:00:00,CN030,ADV_REVIEW,1,13,4,4
CS-000221,G2018013091,2023-08-27 22:00:00,CN062,STUDENT_REQUEST,1,6,6,4
CS-000222,G2018004799,2024-11-07 12:00:00,CN004,AUTO_FLAG,1,11,6,6
CS-000223,G2018013461,2024-01-24 11:00:00,CN037,STUDENT_REQUEST,1,20,11,8
CS-000224,G2018006435,2023-01-19 07:00:00,CN001,AUTO_FLAG,1,22,5,4
CS-000225,G2018012592,2023-11-14 16:00:00,CN051,ADV_REVIEW,1,1,6,5
CS-000226,G2018008799,2023-12-06 03:00:00,CN054,ADV_REVIEW,1,11,7,6
CS-000227,G2018012152,2023-06-11 02:00:00,CN003,STUDENT_REQUEST,1,3,5,0
CS-000228,G2018009450,2023-08-11 17:00:00,CN059,STUDENT_REQUEST,1,10,7,7
CS-000229,G2018013671,2023-11-30 09:00:00,CN020,AUTO_FLAG,1,4,10,9
CS-000230,G2018012439,2023-01-23 17:00:00,CN069,STUDENT_REQUEST,1,23,3,1
CS-000231,G2018008217,2023-06-08 13:00:00,CN047,STUDENT_REQUEST,1,14,6,2
CS-000232,G2018003810,2023-02-20 19:00:00,CN030,AUTO_FLAG,1,24,9,8
CS-000233,G2018019435,2023-10-27 13:00:00,CN026,AUTO_FLAG,1,14,4,2
CS-000234,G2018009638,2023-10-29 16:00:00,CN031,CAP_OVERFLOW,0,10,7,6
CS-000235,G2018010236,2023-12-18 23:00:00,CN011,STUDENT_REQUEST,1,6,3,1
CS-000236,G2018018109,2023-10-23 15:00:00,CN061,AUTO_FLAG,1,9,9,2
CS-000237,G2018017946,2023-03-14 17:00:00,CN000,AUTO_FLAG,1,17,6,6
CS-000238,G2018010164,2024-04-12 20:00:00,CN012,ADV_REVIEW,1,2,3,2
CS-000239,G2018003224,2024-06-15 19:00:00,CN036,AUTO_FLAG,1,7,3,2
CS-000240,G2018002312,2023-03-29 03:00:00,CN042,ADV_REVIEW,1,22,11,5
CS-000241,G2018007888,2023-07-11 11:00:00,CN037,AUTO_FLAG,1,19,5,4
CS-000242,G2018004322,2023-02-11 18:00:00,CN049,STUDENT_REQUEST,1,18,4,2
CS-000243,G2018002245,2024-08-13 03:00:00,CN067,ADV_REVIEW,1,21,3,3
CS-000244,G2018009395,2024-08-13 09:00:00,CN010,ADV_REVIEW,1,2,10,4
CS-000245,G2018019127,2023-07-23 20:00:00,CN004,STUDENT_REQUEST,1,1,10,10
CS-000246,G2018015288,2024-03-10 18:00:00,CN063,STUDENT_REQUEST,1,21,9,2
CS-000247,G2018014939,2024-03-05 04:00:00,CN058,AUTO_FLAG,1,10,11,11
CS-000248,G2018015728,2023-07-13 10:00:00,CN043,ADV_REVIEW,1,12,10,9
CS-000249,G2018013830,2023-06-09 12:00:00,CN062,AUTO_FLAG,1,24,7,7
CS-000250,G2018000723,2024-11-19 20:00:00,CN057,AUTO_FLAG,1,10,9,6
CS-000251,G2018008406,2023-08-06 19:00:00,CN054,CAP_OVERFLOW,1,0,9,9
CS-000252,G2018002055,2024-05-06 21:00:00,CN008,STUDENT_REQUEST,1,15,8,7
CS-000253,G2018020355,2023-06-16 12:00:00,CN023,AUTO_FLAG,1,4,9,6
CS-000254,G2018014093,2023-01-23 16:00:00,CN024,AUTO_FLAG,1,20,7,3
CS-000255,G2018008033,2024-11-12 01:00:00,CN049,ADV_REVIEW,1,1,12,10
CS-000256,G2018009481,2023-09-11 06:00:00,CN065,ADV_REVIEW,1,20,9,6
CS-000257,G2018011204,2023-02-04 02:00:00,CN024,CAP_OVERFLOW,1,17,6,3
CS-000258,G2018006353,2023-07-13 14:00:00,CN031,AUTO_FLAG,1,8,8,8
CS-000259,G2018020758,2024-04-23 09:00:00,CN060,AUTO_FLAG,1,26,4,2
CS-000260,G2018011946,2023-07-03 18:00:00,CN036,ADV_REVIEW,1,5,6,2
CS-000261,G2018003957,2024-04-26 18:00:00,CN064,ADV_REVIEW,1,18,6,2
CS-000262,G2018017211,2023-01-24 04:00:00,CN056,STUDENT_REQUEST,1,11,9,5
CS-000263,G2018010317,2023-12-14 15:00:00,CN030,ADV_REVIEW,1,21,5,2
CS-000264,G2018014590,2023-11-11 11:00:00,CN031,AUTO_FLAG,1,18,9,7
CS-000265,G2018017815,2023-06-21 14:00:00,CN003,MANUAL_PUSH,1,22,10,10
CS-000266,G2018015587,2024-03-22 19:00:00,CN020,AUTO_FLAG,1,1,10,6
CS-000267,G2018003551,2024-08-19 09:00:00,CN050,STUDENT_REQUEST,1,17,6,4
CS-000268,G2018020910,2023-07-05 04:00:00,CN039,AUTO_FLAG,1,25,9,9
CS-000269,G2018008135,2024-12-02 08:00:00,CN034,ADV_REVIEW,1,19,3,2
CS-000270,G2018004761,2024-09-03 15:00:00,CN000,ADV_REVIEW,1,11,9,6
CS-000271,G2018002186,2024-04-17 21:00:00,CN005,STUDENT_REQUEST,1,8,12,12
CS-000272,G2018002909,2024-08-10 09:00:00,CN052,MANUAL_PUSH,1,4,8,1
CS-000273,G2018001704,2024-11-23 16:00:00,CN043,STUDENT_REQUEST,1,24,7,5
CS-000274,G2018011694,2024-12-19 04:00:00,CN064,AUTO_FLAG,1,14,11,7
CS-000275,G2018006225,2024-10-05 16:00:00,CN009,AUTO_FLAG,1,15,3,1
CS-000276,G2018005427,2024-06-07 19:00:00,CN061,MANUAL_PUSH,1,6,7,5
CS-000277,G2018021076,2023-08-26 09:00:00,CN057,STUDENT_REQUEST,1,1,3,3
CS-000278,G2018021220,2023-05-15 10:00:00,CN053,AUTO_FLAG,0,4,5,5
CS-000279,G2018005644,2024-07-21 20:00:00,CN065,AUTO_FLAG,1,27,4,4
CS-000280,G2018001838,2024-04-26 09:00:00,CN053,ADV_REVIEW,1,6,17,9
CS-000281,G2018013456,2024-10-14 06:00:00,CN015,MANUAL_PUSH,1,12,11,11
CS-000282,G2018009039,2023-01-22 03:00:00,CN025,STUDENT_REQUEST,1,17,12,7
CS-000283,G2018010791,2024-04-19 15:00:00,CN030,STUDENT_REQUEST,1,2,7,5
CS-000284,G2018019603,2023-05-30 04:00:00,CN050,ADV_REVIEW,1,23,11,11
CS-000285,G2018012827,2024-02-18 08:00:00,CN010,AUTO_FLAG,1,13,8,8
CS-000286,G2018011721,2024-09-26 10:00:00,CN069,AUTO_FLAG,1,16,17,13
CS-000287,G2018011936,2023-10-21 20:00:00,CN015,ADV_REVIEW,1,21,8,3
CS-000288,G2018011808,2024-05-16 22:00:00,CN056,ADV_REVIEW,1,19,3,1
CS-000289,G2018003237,2024-03-10 22:00:00,CN006,AUTO_FLAG,1,19,10,8
CS-000290,G2018001232,2023-05-31 06:00:00,CN014,CAP_OVERFLOW,1,20,5,3
CS-000291,G2018008306,2024-09-26 01:00:00,CN064,MANUAL_PUSH,1,22,5,5
CS-000292,G2018011288,2024-09-03 13:00:00,CN007,ADV_REVIEW,1,11,9,6
CS-000293,G2018005685,2023-03-15 05:00:00,CN043,ADV_REVIEW,1,12,8,6
CS-000294,G2018007831,2024-06-24 11:00:00,CN058,STUDENT_REQUEST,1,9,4,2
CS-000295,G2018014784,2024-07-23 18:00:00,CN048,MANUAL_PUSH,1,4,7,6
CS-000296,G2018011132,2023-04-05 11:00:00,CN006,AUTO_FLAG,1,20,9,9
CS-000297,G2018015561,2023-12-15 23:00:00,CN071,AUTO_FLAG,1,5,4,3
CS-000298,G2018001304,2024-07-19 21:00:00,CN035,STUDENT_REQUEST,1,10,9,4
CS-000299,G2018005365,2023-12-28 13:00:00,CN059,AUTO_FLAG,1,1,10,8
CS-000300,G2018019508,2024-10-20 10:00:00,CN022,STUDENT_REQUEST,1,15,6,3
CS-000301,G2018015772,2023-04-04 10:00:00,CN054,ADV_REVIEW,1,24,6,6
CS-000302,G2018000074,2023-08-01 02:00:00,CN023,AUTO_FLAG,1,26,6,3
CS-000303,G2018019783,2023-10-28 14:00:00,CN069,ADV_REVIEW,0,27,7,3
CS-000304,G2018010695,2024-05-23 10:00:00,CN012,AUTO_FLAG,1,13,5,4
CS-000305,G2018004571,2024-10-15 22:00:00,CN034,ADV_REVIEW,1,1,5,4
CS-000306,G2018020440,2024-10-18 20:00:00,CN028,AUTO_FLAG,1,16,5,5
CS-000307,G2018000881,2024-09-03 09:00:00,CN065,ADV_REVIEW,1,8,6,6
CS-000308,G2018021092,2024-08-01 23:00:00,CN067,AUTO_FLAG,1,0,6,5
CS-000309,G2018006655,2023-12-08 13:00:00,CN061,AUTO_FLAG,1,19,5,1
CS-000310,G2018015996,2024-11-23 06:00:00,CN020,ADV_REVIEW,1,2,8,8
CS-000311,G2018021491,2023-05-20 08:00:00,CN057,ADV_REVIEW,1,9,8,4
CS-000312,G2018014086,2024-09-05 14:00:00,CN029,AUTO_FLAG,1,27,5,2
CS-000313,G2018005173,2024-04-18 18:00:00,CN020,AUTO_FLAG,1,3,8,7
CS-000314,G2018018353,2023-08-19 19:00:00,CN019,AUTO_FLAG,1,2,13,10
CS-000315,G2018007043,2023-09-12 02:00:00,CN001,STUDENT_REQUEST,1,1,6,3
CS-000316,G2018005368,2024-08-20 14:00:00,CN066,AUTO_FLAG,1,4,7,2
CS-000317,G2018009897,2023-03-29 19:00:00,CN058,AUTO_FLAG,1,5,6,5
CS-000318,G2018020816,2024-02-12 23:00:00,CN045,STUDENT_REQUEST,1,11,10,5
CS-000319,G2018020352,2023-05-26 16:00:00,CN054,MANUAL_PUSH,1,5,6,5
CS-000320,G2018001042,2024-09-23 20:00:00,CN015,AUTO_FLAG,1,18,6,5
CS-000321,G2018006293,2023-08-04 05:00:00,CN068,MANUAL_PUSH,1,1,5,5
CS-000322,G2018016979,2023-08-05 03:00:00,CN041,AUTO_FLAG,1,10,7,5
CS-000323,G2018002027,2024-11-04 16:00:00,CN016,STUDENT_REQUEST,1,8,8,3
CS-000324,G2018017694,2024-05-03 04:00:00,CN056,AUTO_FLAG,1,5,6,6
CS-000325,G2018004996,2023-07-16 03:00:00,CN063,ADV_REVIEW,1,18,5,2
CS-000326,G2018009301,2023-04-11 13:00:00,CN004,AUTO_FLAG,1,14,12,10
CS-000327,G2018003532,2023-12-26 15:00:00,CN033,ADV_REVIEW,1,9,8,8
CS-000328,G2018016925,2023-12-13 05:00:00,CN037,MANUAL_PUSH,1,3,10,9
CS-000329,G2018008684,2023-06-04 09:00:00,CN002,MANUAL_PUSH,1,1,10,7
CS-000330,G2018009103,2024-11-27 15:00:00,CN019,STUDENT_REQUEST,1,5,9,6
CS-000331,G2018011794,2024-01-19 17:00:00,CN037,ADV_REVIEW,1,7,7,5
CS-000332,G2018000091,2023-10-11 17:00:00,CN006,ADV_REVIEW,1,27,13,13
CS-000333,G2018013407,2023-08-02 01:00:00,CN013,AUTO_FLAG,1,2,10,10
CS-000334,G2018008409,2024-11-07 10:00:00,CN042,AUTO_FLAG,1,12,10,6
CS-000335,G2018012501,2024-12-25 03:00:00,CN066,STUDENT_REQUEST,1,18,6,4
CS-000336,G2018005203,2024-08-01 02:00:00,CN050,AUTO_FLAG,1,5,2,1
CS-000337,G2018006507,2023-11-25 08:00:00,CN034,ADV_REVIEW,1,18,6,3
CS-000338,G2018003573,2024-01-26 07:00:00,CN031,AUTO_FLAG,1,11,6,4
CS-000339,G2018018929,2024-09-27 10:00:00,CN025,MANUAL_PUSH,1,1,11,9
CS-000340,G2018003828,2024-11-11 20:00:00,CN032,ADV_REVIEW,1,5,14,13
CS-000341,G2018008389,2023-07-07 20:00:00,CN047,AUTO_FLAG,1,27,8,8
CS-000342,G2018008407,2023-02-22 08:00:00,CN033,CAP_OVERFLOW,1,3,3,3
CS-000343,G2018007862,2023-06-06 08:00:00,CN034,CAP_OVERFLOW,1,1,9,4
CS-000344,G2018019545,2024-04-01 01:00:00,CN055,ADV_REVIEW,1,23,8,4
CS-000345,G2018020036,2023-11-16 00:00:00,CN061,CAP_OVERFLOW,0,14,3,2
CS-000346,G2018014678,2023-07-11 03:00:00,CN017,ADV_REVIEW,1,2,5,5
CS-000347,G2018010743,2023-05-26 18:00:00,CN065,AUTO_FLAG,1,26,10,10
CS-000348,G2018019455,2024-09-13 09:00:00,CN033,ADV_REVIEW,0,16,9,9
CS-000349,G2018012890,2023-04-11 22:00:00,CN006,AUTO_FLAG,1,8,8,8
CS-000350,G2018020986,2023-12-24 03:00:00,CN021,ADV_REVIEW,1,18,4,3
CS-000351,G2018009635,2023-07-30 14:00:00,CN064,STUDENT_REQUEST,1,8,11,8
CS-000352,G2018012729,2024-03-07 12:00:00,CN062,AUTO_FLAG,1,21,10,7
CS-000353,G2018009711,2023-12-27 03:00:00,CN048,STUDENT_REQUEST,1,1,5,5
CS-000354,G2018011551,2024-05-01 21:00:00,CN009,AUTO_FLAG,1,26,7,3
CS-000355,G2018004935,2024-03-19 00:00:00,CN021,STUDENT_REQUEST,1,13,5,5
CS-000356,G2018010879,2023-04-16 19:00:00,CN015,STUDENT_REQUEST,1,0,6,2
CS-000357,G2018020991,2023-06-21 07:00:00,CN005,ADV_REVIEW,1,1,11,9
CS-000358,G2018004317,2024-06-17 20:00:00,CN004,STUDENT_REQUEST,1,19,10,9
CS-000359,G2018011829,2023-10-04 07:00:00,CN004,ADV_REVIEW,1,13,10,10
CS-000360,G2018013372,2023-11-10 18:00:00,CN021,AUTO_FLAG,1,4,6,5
CS-000361,G2018020548,2023-03-14 13:00:00,CN004,AUTO_FLAG,1,11,6,5
CS-000362,G2018010418,2024-09-29 03:00:00,CN012,CAP_OVERFLOW,1,26,5,3
CS-000363,G2018018895,2023-02-10 07:00:00,CN019,AUTO_FLAG,1,22,7,4
CS-000364,G2018006949,2023-12-15 04:00:00,CN025,AUTO_FLAG,1,0,8,8
CS-000365,G2018010392,2023-06-21 04:00:00,CN012,MANUAL_PUSH,1,21,8,6
CS-000366,G2018006038,2023-10-05 21:00:00,CN028,ADV_REVIEW,1,0,8,6
CS-000367,G2018017822,2023-01-05 23:00:00,CN015,STUDENT_REQUEST,1,14,4,1
CS-000368,G2018018212,2023-12-01 05:00:00,CN006,STUDENT_REQUEST,1,20,6,4
CS-000369,G2018004167,2024-02-29 20:00:00,CN031,STUDENT_REQUEST,1,1,3,2
CS-000370,G2018011382,2023-09-23 09:00:00,CN049,AUTO_FLAG,1,13,7,1
CS-000371,G2018000760,2024-01-09 13:00:00,CN028,STUDENT_REQUEST,1,14,9,8
CS-000372,G2018010432,2024-06-20 09:00:00,CN038,STUDENT_REQUEST,1,11,9,6
CS-000373,G2018017049,2024-07-30 13:00:00,CN010,AUTO_FLAG,1,24,6,6
CS-000374,G2018011276,2024-02-25 20:00:00,CN070,AUTO_FLAG,1,16,6,3
CS-000375,G2018014895,2024-11-04 00:00:00,CN023,AUTO_FLAG,1,25,12,12
CS-000376,G2018019901,2024-11-21 08:00:00,CN065,CAP_OVERFLOW,1,23,12,10
CS-000377,G2018010526,2023-03-14 12:00:00,CN071,STUDENT_REQUEST,1,0,10,5
CS-000378,G2018021551,2023-12-06 20:00:00,CN067,AUTO_FLAG,1,27,9,5
CS-000379,G2018011075,2024-05-15 03:00:00,CN048,ADV_REVIEW,1,24,5,0
CS-000380,G2018015344,2024-06-06 07:00:00,CN058,CAP_OVERFLOW,1,22,1,0
CS-000381,G2018002504,2024-09-24 02:00:00,CN047,AUTO_FLAG,1,8,12,9
CS-000382,G2018005209,2023-04-24 13:00:00,CN046,ADV_REVIEW,1,18,4,3
CS-000383,G2018001831,2023-11-14 22:00:00,CN010,ADV_REVIEW,1,26,6,3
CS-000384,G2018002950,2024-04-03 02:00:00,CN035,AUTO_FLAG,1,16,7,4
CS-000385,G2018008799,2023-09-04 20:00:00,CN055,CAP_OVERFLOW,1,17,6,5
CS-000386,G2018004431,2024-01-06 15:00:00,CN048,ADV_REVIEW,1,16,8,8
CS-000387,G2018008125,2023-06-24 16:00:00,CN065,AUTO_FLAG,1,9,5,4
CS-000388,G2018020063,2023-07-12 01:00:00,CN033,ADV_REVIEW,1,5,7,7
CS-000389,G2018017675,2024-05-14 15:00:00,CN071,ADV_REVIEW,1,26,10,6
CS-000390,G2018013405,2024-10-23 05:00:00,CN010,AUTO_FLAG,1,2,7,7
CS-000391,G2018020532,2024-03-01 01:00:00,CN027,ADV_REVIEW,1,22,6,4
CS-000392,G2018016622,2024-12-21 17:00:00,CN046,ADV_REVIEW,1,23,9,5
CS-000393,G2018005610,2024-08-30 19:00:00,CN034,AUTO_FLAG,1,4,10,4
CS-000394,G2018008484,2024-06-08 02:00:00,CN011,AUTO_FLAG,1,8,10,8
CS-000395,G2018017375,2023-08-10 14:00:00,CN052,CAP_OVERFLOW,1,19,7,2
CS-000396,G2018001357,2023-05-31 13:00:00,CN069,AUTO_FLAG,1,26,1,1
CS-000397,G2018013269,2023-02-09 09:00:00,CN032,AUTO_FLAG,1,11,5,5
CS-000398,G2018009361,2023-02-24 05:00:00,CN071,ADV_REVIEW,1,20,4,2
CS-000399,G2018015283,2023-07-12 15:00:00,CN017,AUTO_FLAG,1,14,8,4
CS-000400,G2018013791,2024-03-17 14:00:00,CN037,ADV_REVIEW,1,7,5,5
CS-000401,G2018010059,2023-07-29 17:00:00,CN010,STUDENT_REQUEST,1,12,7,6
CS-000402,G2018006672,2024-04-25 11:00:00,CN009,CAP_OVERFLOW,1,25,10,7
CS-000403,G2018016493,2024-04-24 00:00:00,CN003,ADV_REVIEW,0,15,10,10
CS-000404,G2018019675,2024-10-06 15:00:00,CN004,CAP_OVERFLOW,1,17,14,14
CS-000405,G2018008766,2024-01-31 04:00:00,CN031,AUTO_FLAG,1,27,13,6
CS-000406,G2018007387,2024-05-21 07:00:00,CN018,ADV_REVIEW,1,1,10,10
CS-000407,G2018012834,2024-04-19 12:00:00,CN033,AUTO_FLAG,1,26,6,1
CS-000408,G2018002861,2023-02-04 10:00:00,CN030,ADV_REVIEW,1,4,6,6
CS-000409,G2018001772,2024-04-26 21:00:00,CN060,ADV_REVIEW,1,20,8,5
CS-000410,G2018015382,2023-10-14 17:00:00,CN006,AUTO_FLAG,1,3,6,3
CS-000411,G2018016895,2023-04-26 20:00:00,CN054,ADV_REVIEW,1,20,5,5
CS-000412,G2018015530,2023-09-06 03:00:00,CN030,STUDENT_REQUEST,1,7,7,7
CS-000413,G2018003612,2023-03-27 01:00:00,CN001,AUTO_FLAG,1,24,5,5
CS-000414,G2018015418,2024-07-16 00:00:00,CN026,CAP_OVERFLOW,1,26,5,5
CS-000415,G2018019904,2023-04-15 22:00:00,CN049,ADV_REVIEW,1,2,5,5
CS-000416,G2018006803,2023-10-28 05:00:00,CN047,STUDENT_REQUEST,1,8,12,12
CS-000417,G2018003206,2023-04-03 01:00:00,CN059,MANUAL_PUSH,1,1,8,8
CS-000418,G2018017082,2024-05-10 10:00:00,CN001,CAP_OVERFLOW,1,26,8,3
CS-000419,G2018015421,2023-08-07 03:00:00,CN045,AUTO_FLAG,1,18,6,6
CS-000420,G2018015179,2023-07-14 12:00:00,CN053,AUTO_FLAG,1,1,13,13
CS-000421,G2018013736,2024-02-06 10:00:00,CN009,STUDENT_REQUEST,1,2,7,3
CS-000422,G2018004772,2023-07-07 08:00:00,CN051,ADV_REVIEW,1,13,8,5
CS-000423,G2018008908,2023-11-25 14:00:00,CN069,AUTO_FLAG,1,16,4,1
CS-000424,G2018019791,2024-07-26 07:00:00,CN044,ADV_REVIEW,1,0,11,11
CS-000425,G2018003145,2024-04-11 03:00:00,CN000,AUTO_FLAG,1,16,3,0
CS-000426,G2018007014,2024-04-03 23:00:00,CN061,ADV_REVIEW,1,11,8,4
CS-000427,G2018001666,2023-08-01 06:00:00,CN026,ADV_REVIEW,1,16,6,6
CS-000428,G2018019712,2023-12-16 03:00:00,CN057,STUDENT_REQUEST,1,14,10,10
CS-000429,G2018018477,2023-01-29 20:00:00,CN037,AUTO_FLAG,1,0,6,4
CS-000430,G2018000008,2024-12-30 17:00:00,CN065,AUTO_FLAG,1,3,8,3
CS-000431,G2018021356,2024-08-03 08:00:00,CN030,CAP_OVERFLOW,1,25,8,7
CS-000432,G2018003482,2023-03-08 18:00:00,CN046,AUTO_FLAG,1,18,5,5
CS-000433,G2018010115,2024-05-27 10:00:00,CN054,ADV_REVIEW,1,18,12,9
CS-000434,G2018010185,2024-03-06 22:00:00,CN060,AUTO_FLAG,1,0,6,4
CS-000435,G2018015843,2024-11-17 03:00:00,CN003,ADV_REVIEW,1,21,6,5
CS-000436,G2018003529,2024-07-03 14:00:00,CN029,AUTO_FLAG,1,12,11,8
CS-000437,G2018014364,2023-09-20 16:00:00,CN061,STUDENT_REQUEST,1,10,9,8
CS-000438,G2018018755,2023-05-05 23:00:00,CN054,AUTO_FLAG,0,2,3,0
CS-000439,G2018014212,2024-10-09 20:00:00,CN025,AUTO_FLAG,1,6,4,2
CS-000440,G2018004265,2023-10-27 13:00:00,CN044,ADV_REVIEW,1,0,4,2
CS-000441,G2018006163,2024-08-11 07:00:00,CN067,AUTO_FLAG,1,4,2,0
CS-000442,G2018021266,2024-01-05 12:00:00,CN061,ADV_REVIEW,1,2,6,3
CS-000443,G2018020259,2023-12-15 00:00:00,CN000,AUTO_FLAG,1,15,7,4
CS-000444,G2018008753,2023-12-08 05:00:00,CN000,AUTO_FLAG,1,7,4,2
CS-000445,G2018018507,2024-09-30 09:00:00,CN006,CAP_OVERFLOW,1,26,8,8
CS-000446,G2018003628,2023-08-31 06:00:00,CN010,ADV_REVIEW,1,13,11,11
CS-000447,G2018015796,2024-05-11 18:00:00,CN054,ADV_REVIEW,1,0,1,1
CS-000448,G2018010618,2023-07-12 18:00:00,CN000,AUTO_FLAG,1,15,5,3
CS-000449,G2018019688,2024-02-03 04:00:00,CN050,AUTO_FLAG,1,18,7,5
CS-000450,G2018016391,2024-07-01 18:00:00,CN005,ADV_REVIEW,1,18,5,3
CS-000451,G2018021126,2023-01-23 14:00:00,CN067,ADV_REVIEW,1,24,7,7
CS-000452,G2018016553,2023-11-21 02:00:00,CN028,MANUAL_PUSH,1,2,4,4
CS-000453,G2018015878,2024-12-23 07:00:00,CN048,AUTO_FLAG,0,6,15,9
CS-000454,G2018010867,2023-06-10 11:00:00,CN053,AUTO_FLAG,1,22,12,6
CS-000455,G2018001118,2024-04-12 14:00:00,CN030,ADV_REVIEW,1,16,8,8
CS-000456,G2018020430,2023-08-22 02:00:00,CN046,AUTO_FLAG,1,14,10,7
CS-000457,G2018016907,2024-08-25 06:00:00,CN010,STUDENT_REQUEST,1,27,9,9
CS-000458,G2018001498,2024-09-22 17:00:00,CN033,STUDENT_REQUEST,1,24,10,10
CS-000459,G2018009227,2024-05-04 10:00:00,CN069,CAP_OVERFLOW,1,10,10,10
CS-000460,G2018021141,2024-01-11 07:00:00,CN035,ADV_REVIEW,1,26,8,8
CS-000461,G2018002939,2024-06-12 15:00:00,CN061,STUDENT_REQUEST,1,27,6,3
CS-000462,G2018006694,2023-08-15 21:00:00,CN027,AUTO_FLAG,1,0,4,3
CS-000463,G2018016832,2023-03-18 00:00:00,CN001,AUTO_FLAG,1,11,13,13
CS-000464,G2018016596,2023-05-29 01:00:00,CN001,AUTO_FLAG,1,18,8,6
CS-000465,G2018013992,2023-12-23 21:00:00,CN053,AUTO_FLAG,1,20,5,3
CS-000466,G2018020800,2024-08-31 19:00:00,CN056,ADV_REVIEW,1,23,6,6
CS-000467,G2018016632,2023-02-14 06:00:00,CN015,STUDENT_REQUEST,1,20,12,9
CS-000468,G2018016368,2024-09-19 12:00:00,CN006,AUTO_FLAG,1,24,6,3
CS-000469,G2018020320,2023-03-23 04:00:00,CN037,ADV_REVIEW,1,26,7,2
CS-000470,G2018000978,2023-10-26 20:00:00,CN031,AUTO_FLAG,1,21,7,5
CS-000471,G2018010125,2024-01-05 01:00:00,CN015,AUTO_FLAG,1,4,5,5
CS-000472,G2018015852,2023-04-06 14:00:00,CN064,ADV_REVIEW,1,27,8,4
CS-000473,G2018012854,2024-11-25 06:00:00,CN012,AUTO_FLAG,1,21,5,5
CS-000474,G2018013287,2024-01-20 15:00:00,CN032,AUTO_FLAG,1,15,7,7
CS-000475,G2018005641,2024-12-11 08:00:00,CN028,AUTO_FLAG,1,2,9,2
CS-000476,G2018006401,2024-06-19 22:00:00,CN057,ADV_REVIEW,1,0,6,6
CS-000477,G2018021028,2023-12-18 05:00:00,CN039,AUTO_FLAG,1,18,4,4
CS-000478,G2018004388,2024-04-05 19:00:00,CN064,ADV_REVIEW,1,0,3,2
CS-000479,G2018013626,2023-06-02 09:00:00,CN010,AUTO_FLAG,1,24,7,7
CS-000480,G2018000317,2023-01-11 04:00:00,CN065,CAP_OVERFLOW,1,26,5,3
CS-000481,G2018020941,2024-02-29 04:00:00,CN032,ADV_REVIEW,1,11,7,3
CS-000482,G2018005031,2024-08-11 03:00:00,CN033,AUTO_FLAG,1,27,7,4
CS-000483,G2018014297,2023-04-21 16:00:00,CN024,AUTO_FLAG,1,12,7,7
CS-000484,G2018003850,2023-08-20 17:00:00,CN035,STUDENT_REQUEST,1,8,10,6
CS-000485,G2018015332,2023-02-16 02:00:00,CN022,ADV_REVIEW,1,22,4,4
CS-000486,G2018016035,2024-06-03 02:00:00,CN059,ADV_REVIEW,1,24,9,4
CS-000487,G2018011456,2023-03-07 12:00:00,CN017,AUTO_FLAG,1,8,3,2
CS-000488,G2018020087,2024-12-20 15:00:00,CN022,STUDENT_REQUEST,1,22,11,11
CS-000489,G2018012017,2023-04-01 22:00:00,CN063,STUDENT_REQUEST,1,9,2,0
CS-000490,G2018001157,2024-09-10 12:00:00,CN043,ADV_REVIEW,1,0,5,1
CS-000491,G2018017075,2023-10-19 03:00:00,CN070,AUTO_FLAG,1,8,6,6
CS-000492,G2018007871,2024-08-14 17:00:00,CN026,STUDENT_REQUEST,1,3,13,9
CS-000493,G2018012156,2023-07-12 04:00:00,CN005,ADV_REVIEW,1,15,5,2
CS-000494,G2018018000,2023-10-14 06:00:00,CN023,STUDENT_REQUEST,1,16,7,7
CS-000495,G2018019367,2023-07-10 06:00:00,CN006,ADV_REVIEW,1,5,5,5
CS-000496,G2018019688,2024-08-20 04:00:00,CN057,AUTO_FLAG,1,14,7,5
CS-000497,G2018005160,2023-06-10 18:00:00,CN056,AUTO_FLAG,1,14,7,6
CS-000498,G2018008325,2023-05-29 14:00:00,CN025,AUTO_FLAG,1,9,10,9
CS-000499,G2018006210,2023-10-01 20:00:00,CN053,AUTO_FLAG,1,20,8,3
