onet_soc_code,isco08_4digit,education_required_level,vertical_match_weight,horizontal_match_weight,automation_risk_frey
31-5319.56,9132,6,0.7754,0.1642,0.499
15-6703.71,3567,7,0.7052,0.5822,0.7711
19-4925.86,5968,7,0.7928,0.111,0.353
23-5202.49,4897,6,0.4891,0.7411,0.5447
26-8341.58,3259,5,0.9001,0.5612,0.3404
36-7978.38,5289,5,0.9228,0.2497,0.5161
40-9788.35,5793,6,0.6499,0.5309,0.1892
32-6907.98,2454,4,0.2295,0.7349,0.282
32-9722.09,8390,7,0.6815,0.2658,0.1356
16-8820.66,4967,6,0.5329,0.1954,0.4439
13-4011.89,2993,5,0.6297,0.5107,0.2269
39-9754.37,3693,6,0.662,0.4696,0.2958
53-5733.63,6381,7,0.7316,0.7816,0.1953
16-4969.94,3574,7,0.6662,0.378,0.3816
39-5301.02,7501,5,0.5443,0.1981,0.4815
42-7326.41,4071,6,0.7678,0.7947,0.0288
37-6100.15,8369,4,0.3337,0.5953,0.7218
40-5473.37,5961,7,0.4513,0.2193,0.2516
51-9158.90,7032,7,0.5532,0.4715,0.6317
20-1727.24,3056,7,0.3662,0.4878,0.6368
38-1243.95,7081,8,0.8377,0.4964,0.4367
50-5151.62,3504,6,0.8872,0.4171,0.5529
47-9173.43,3518,7,0.0511,0.4185,0.451
25-1489.64,7606,7,0.6662,0.3507,0.3488
35-7622.83,3728,5,0.557,0.5843,0.5025
23-9887.48,7004,5,0.4233,0.2525,0.5277
23-6145.46,1936,7,0.5549,0.6783,0.2724
43-4489.30,2125,6,0.6763,0.4975,0.4738
46-2977.61,2489,6,0.6969,0.6325,0.1057
33-9689.20,1943,8,0.7229,0.4337,0.269
46-2110.77,8299,4,0.6523,0.8073,0.5565
13-3112.80,8565,4,0.3999,0.6716,0.3837
43-2006.24,7886,6,0.5685,0.6769,0.3577
30-3293.93,6710,7,0.6315,0.8055,0.4211
54-1351.59,6437,7,0.6899,0.6674,0.6311
37-3158.22,2881,7,0.6242,0.4239,0.453
54-1395.16,4057,6,0.7827,0.3904,0.4661
40-9961.71,5296,7,0.9614,0.5341,0.8006
15-8876.52,2328,7,0.5284,0.2585,0.2225
52-7719.40,3021,7,0.7569,0.6688,0.5906
13-1899.68,7473,5,0.7968,0.3237,0.4443
29-5570.12,1810,5,0.7728,0.6272,0.2076
23-6248.44,7389,7,0.5325,0.6897,0.2605
24-8388.52,1334,5,0.6684,0.4462,0.3038
47-5420.58,1292,8,0.8726,0.3345,0.3203
50-2781.73,6262,7,0.7811,0.2569,0.4729
19-4414.94,4820,7,0.75,0.6223,0.1423
42-1585.06,6052,6,0.5701,0.467,0.5567
22-2150.36,3203,8,0.7146,0.561,0.2477
11-4082.98,7375,7,0.6619,0.5832,0.2492
40-3577.50,4827,5,0.5868,0.2032,0.3954
13-2023.11,2363,7,0.7828,0.4863,0.1938
52-9823.88,5058,6,0.3001,0.1515,0.1886
11-3046.45,1306,7,0.5615,0.4907,0.2432
54-5957.76,5793,7,0.3503,0.2654,0.2663
11-8088.54,8439,6,0.3483,0.6072,0.6364
40-4140.71,3805,6,0.6231,0.6208,0.3615
19-6414.93,8320,6,0.5154,0.4498,0.365
22-9127.46,4379,6,0.4678,0.4116,0.5585
44-1840.26,7620,6,0.5895,0.7606,0.4159
18-8316.79,4729,5,0.9015,0.6674,0.0571
14-6452.39,1642,6,0.6527,0.3474,0.498
53-4816.35,8131,7,0.5234,0.4523,0.154
12-4213.44,1481,7,0.5365,0.8581,0.3255
36-5233.68,7774,4,0.7305,0.2433,0.5848
43-1366.66,9167,7,0.6845,0.3726,0.351
48-6044.39,6654,7,0.7916,0.5306,0.4971
52-7404.87,7088,4,0.8787,0.3517,0.631
42-1834.79,8642,6,0.7739,0.7756,0.0452
47-7601.88,4169,6,0.7882,0.6762,0.2885
12-9210.65,1390,4,0.8955,0.5771,0.613
26-9998.64,8614,6,0.7383,0.8829,0.2086
26-9720.34,4442,6,0.8127,0.5108,0.5286
49-5091.70,7011,7,0.5891,0.5983,0.1106
51-9923.47,6269,6,0.8503,0.5553,0.2411
46-5763.89,2874,6,0.7767,0.2089,0.3521
39-2970.89,9447,5,0.2613,0.4022,0.2604
14-8554.15,6605,6,0.925,0.5471,0.4343
34-6726.20,7515,6,0.5823,0.6615,0.2393
38-5225.74,8747,5,0.5975,0.7614,0.4196
17-4677.74,5639,7,0.4283,0.2316,0.2039
52-8585.39,1320,5,0.7478,0.4388,0.5768
36-3108.67,3098,6,0.6183,0.6706,0.4711
33-3153.05,4225,6,0.4356,0.3468,0.6662
33-5530.11,9482,5,0.6448,0.4907,0.0438
40-9885.51,9545,7,0.5678,0.4768,0.2204
39-6587.10,5996,5,0.4244,0.7372,0.5212
47-5060.19,1271,5,0.8082,0.6271,0.7557
54-6798.06,7781,5,0.6573,0.5868,0.4658
53-7521.86,4498,7,0.9093,0.7257,0.3042
38-5957.12,1201,6,0.2922,0.1725,0.2611
40-2537.03,6234,6,0.7104,0.6951,0.2631
54-3680.70,4610,4,0.5369,0.4814,0.5472
50-4187.19,5919,6,0.575,0.8753,0.4653
44-6990.28,9160,7,0.6153,0.3771,0.1692
41-3546.97,7991,7,0.8908,0.7197,0.2048
36-8688.01,6360,7,0.6421,0.5522,0.5722
19-5948.07,7844,7,0.2452,0.4758,0.3346
47-9529.00,5660,5,0.325,0.4593,0.1691
16-2773.95,3168,5,0.7091,0.2746,0.4764
40-6252.87,5051,6,0.574,0.5365,0.2685
41-1771.44,9699,6,0.3787,0.47,0.3719
24-6902.88,5989,6,0.5303,0.3825,0.1341
39-4409.67,5226,8,0.4324,0.5195,0.7809
28-9865.22,9566,6,0.5431,0.4589,0.6889
33-2884.56,4071,5,0.6221,0.541,0.0835
31-4957.11,8110,5,0.6357,0.4902,0.6314
36-5839.31,6346,6,0.7416,0.5788,0.6242
20-4975.56,6584,8,0.7242,0.5058,0.6059
26-8072.98,1824,6,0.9005,0.5216,0.4686
53-6865.84,5646,8,0.6904,0.1532,0.0702
31-1790.85,2265,6,0.4747,0.6564,0.1775
34-4406.93,7144,6,0.8426,0.6974,0.746
17-1479.51,3210,8,0.6143,0.4033,0.4166
21-6304.59,2237,6,0.5519,0.3952,0.023
23-2587.14,5548,6,0.8004,0.3075,0.3726
35-7113.28,5191,4,0.7851,0.2104,0.3355
53-7805.06,1418,8,0.7808,0.6803,0.7125
12-8659.58,2713,7,0.6999,0.5739,0.4464
28-9615.03,9692,6,0.434,0.4852,0.543
29-2727.30,3679,6,0.3728,0.7009,0.9098
25-7001.05,8747,6,0.4214,0.5468,0.3751
44-7234.57,4883,8,0.7506,0.4986,0.6301
28-5258.96,9594,4,0.3574,0.6688,0.2863
12-6452.82,1180,7,0.7354,0.4477,0.1621
34-2239.76,7998,6,0.7088,0.4418,0.5753
44-3152.93,2797,8,0.5567,0.7463,0.2406
48-8812.14,8663,6,0.4258,0.3215,0.2852
24-3718.22,6696,6,0.7577,0.6128,0.4993
42-5865.82,2671,6,0.5582,0.7,0.1922
17-2130.09,8565,8,0.5302,0.3227,0.1699
37-7789.27,4176,5,0.9391,0.8284,0.1181
43-9180.07,9412,8,0.7037,0.3562,0.1901
15-9193.82,5415,7,0.3681,0.4669,0.693
16-9903.34,2958,4,0.6041,0.5025,0.3127
39-5482.21,3189,5,0.5195,0.4796,0.5913
50-2122.50,7312,7,0.6861,0.3966,0.5285
19-1332.91,2937,6,0.5728,0.6343,0.5146
35-9822.93,4253,8,0.876,0.6531,0.1996
21-5702.48,6717,6,0.8409,0.2025,0.2233
28-7464.33,4190,8,0.3802,0.6828,0.4147
30-2712.82,7249,4,0.7875,0.3507,0.3818
29-6828.10,6388,8,0.8245,0.5693,0.1742
35-1320.78,4386,6,0.5347,0.5312,0.3077
40-1875.76,8012,7,0.4755,0.5953,0.4942
27-9278.43,6052,6,0.6722,0.6246,0.2969
53-6149.22,8075,8,0.3676,0.5015,0.3956
17-6549.22,5793,6,0.4787,0.5698,0.3201
32-3652.73,6878,7,0.5207,0.5072,0.3639
54-6678.67,3847,6,0.8411,0.1726,0.5205
19-2523.87,4008,7,0.3767,0.3453,0.1198
35-8194.86,1194,7,0.7002,0.2303,0.3262
16-2466.02,9377,7,0.616,0.5723,0.2909
46-9755.75,5205,6,0.8149,0.3679,0.3386
36-5985.20,4463,4,0.8705,0.4807,0.723
51-7953.86,7494,4,0.8164,0.3034,0.1468
32-5555.07,4036,6,0.6478,0.5647,0.0703
33-7465.54,6101,6,0.5932,0.1064,0.4815
24-1647.32,9279,7,0.7664,0.4355,0.8659
50-9671.21,6346,6,0.6749,0.6182,0.1127
33-9432.94,1950,5,0.8004,0.2368,0.7529
39-3027.94,8341,6,0.5963,0.5024,0.3076
46-4267.10,6241,6,0.8218,0.5091,0.6299
30-3450.46,4869,6,0.3468,0.6413,0.4733
29-3489.06,3210,4,0.8437,0.2268,0.6751
46-9402.58,3098,6,0.6051,0.6941,0.193
24-4532.76,4631,5,0.8404,0.6081,0.265
40-8246.68,5086,8,0.3202,0.574,0.6665
21-6871.80,8061,6,0.4439,0.6221,0.1212
46-6658.41,9496,8,0.7772,0.4988,0.32
19-1828.73,8698,8,0.6299,0.5616,0.5365
47-5762.28,9223,6,0.8505,0.4688,0.4451
44-6583.94,8040,5,0.6468,0.4204,0.6142
33-1377.83,6213,7,0.5645,0.7872,0.6438
26-2199.64,4582,7,0.5434,0.5283,0.3187
26-4424.50,5968,6,0.7815,0.3607,0.5064
15-9264.13,5905,6,0.6891,0.387,0.4281
29-7675.95,8278,6,0.66,0.3209,0.2062
27-9730.54,7368,6,0.6939,0.6365,0.589
15-6426.23,7725,5,0.7361,0.499,0.1709
43-1185.71,7256,8,0.8197,0.3217,0.623
14-8580.13,7410,5,0.5416,0.4348,0.4892
23-1319.32,6290,6,0.8774,0.7339,0.1627
52-5066.03,6556,7,0.4942,0.6486,0.316
14-2808.62,3105,7,0.6242,0.5012,0.1299
14-5186.21,7641,7,0.5115,0.7557,0.3915
21-2344.68,3973,5,0.9004,0.3518,0.2811
27-8783.66,6955,5,0.4524,0.7138,0.6362
42-4768.91,4960,5,0.6376,0.4102,0.4435
15-5631.81,1152,6,0.6607,0.2509,0.2175
12-8160.64,4330,6,0.9592,0.7738,0.2846
53-4400.82,6374,7,0.3348,0.8286,0.6193
28-7814.85,1698,8,0.5458,0.4526,0.2436
49-3897.08,4379,6,0.588,0.6036,0.1936
46-9625.60,1229,6,0.5773,0.3655,0.5727
25-5054.03,5905,4,0.825,0.4271,0.1949
44-9799.63,3455,5,0.5316,0.6472,0.144
27-4240.34,5324,7,0.4946,0.4713,0.3245
22-4246.06,8635,6,0.7225,0.4642,0.2181
21-8933.24,7109,4,0.8453,0.3718,0.4743
41-8975.37,1292,6,0.1383,0.6513,0.07
43-9151.77,4225,7,0.6165,0.5111,0.1457
47-5617.08,3035,8,0.721,0.3563,0.2578
54-8479.92,6556,5,0.6096,0.3608,0.1358
18-9204.74,7816,5,0.6516,0.6403,0.0923
54-5287.41,3497,7,0.144,0.3586,0.3859
13-1066.89,3140,7,0.631,0.827,0.5457
46-3088.51,8901,8,0.4749,0.1625,0.489
21-5141.37,1418,7,0.5236,0.5148,0.0744
44-9529.75,3035,6,0.4098,0.6102,0.5545
22-4239.62,8236,6,0.7669,0.271,0.2226
33-4243.72,9643,5,0.8401,0.2291,0.546
52-8717.42,4183,7,0.5916,0.4659,0.3155
49-7135.91,6031,7,0.8333,0.5189,0.3428
12-7421.17,7991,6,0.5219,0.6605,0.1087
25-5836.58,1824,4,0.7665,0.673,0.3869
11-5319.50,4022,6,0.8212,0.8058,0.1643
38-5958.31,6199,5,0.4166,0.5104,0.5878
28-8835.26,1572,5,0.5545,0.5438,0.4594
49-3454.07,2216,8,0.6662,0.4631,0.4257
34-2606.47,4064,6,0.7798,0.731,0.1792
17-1068.46,2888,8,0.5294,0.3693,0.2412
50-7150.45,4085,6,0.7332,0.6439,0.4432
53-2540.86,8558,8,0.5653,0.6539,0.689
22-9402.10,7375,4,0.754,0.4306,0.3383
31-2127.10,3511,7,0.7445,0.5239,0.184
15-3926.52,9377,5,0.6434,0.7035,0.1387
41-3105.39,8425,8,0.5213,0.5145,0.4194
19-8634.55,7263,8,0.5019,0.6594,0.1723
37-1668.31,7830,6,0.8671,0.1956,0.4471
39-8380.70,3469,4,0.3233,0.5654,0.5947
21-9536.18,9090,7,0.9667,0.8434,0.2077
23-3093.88,2986,6,0.3516,0.8185,0.308
25-2140.22,8726,7,0.7554,0.4232,0.0771
32-6127.29,3231,7,0.3404,0.6216,0.3154
32-6027.93,5660,7,0.3122,0.2522,0.8574
18-5200.13,4736,6,0.3623,0.2835,0.3248
15-6264.37,8488,8,0.6949,0.3596,0.2555
48-6318.52,3350,6,0.7072,0.1943,0.1736
51-2238.50,1495,4,0.4726,0.5793,0.3986
17-6870.83,6661,7,0.5165,0.6306,0.1081
31-2690.73,5856,7,0.5235,0.583,0.2565
45-4738.90,7550,8,0.6888,0.5561,0.0388
27-4230.03,9643,6,0.6684,0.496,0.2077
44-9933.89,5709,5,0.8065,0.5561,0.2879
29-3680.00,8782,4,0.694,0.424,0.2817
22-2188.29,4008,6,0.8863,0.5438,0.4956
35-1720.41,7711,5,0.8111,0.4749,0.2193
37-1768.59,3105,7,0.5755,0.7718,0.7536
20-7750.90,7984,7,0.3602,0.1945,0.683
27-7226.38,7382,5,0.5627,0.417,0.5673
32-6716.40,2230,5,0.6096,0.6833,0.2967
21-1201.15,7102,4,0.6237,0.6226,0.3102
54-5272.80,3182,7,0.3602,0.4034,0.3984
21-9392.11,3007,7,0.3293,0.5156,0.412
27-9740.07,3777,6,0.5433,0.7148,0.3957
19-8414.11,8488,6,0.4155,0.5929,0.8768
33-5594.17,1929,5,0.4536,0.4783,0.0901
37-4198.79,8824,6,0.4905,0.6509,0.1753
44-5150.37,3595,7,0.5588,0.4626,0.5295
17-7877.05,7137,4,0.2783,0.5896,0.5891
13-1934.64,8320,6,0.8264,0.6104,0.1139
25-1653.77,2503,4,0.3858,0.6974,0.7441
16-1842.76,5219,4,0.777,0.4782,0.1625
14-2037.24,3231,6,0.4831,0.4961,0.3707
52-9935.41,6479,6,0.5662,0.6207,0.5322
14-6990.18,9307,7,0.5456,0.3793,0.9015
16-9654.15,4701,6,0.3876,0.4,0.3945
45-3134.12,4995,6,0.4942,0.4684,0.2687
23-8373.05,2027,6,0.5802,0.6881,0.0606
13-9178.71,4029,7,0.5588,0.6839,0.4222
11-3210.55,8257,7,0.6962,0.4352,0.2821
54-7611.72,3875,7,0.441,0.4152,0.3244
20-6315.23,1971,8,0.3358,0.7164,0.2921
52-4136.53,7298,7,0.6944,0.5272,0.6475
15-6998.45,8740,7,0.6994,0.5539,0.1958
39-7543.27,6381,6,0.7408,0.6273,0.449
27-8253.68,5429,6,0.7936,0.613,0.4847
52-4102.80,9356,7,0.8832,0.3557,0.0835
14-5436.95,9223,8,0.4147,0.1737,0.2235
20-9812.26,4540,8,0.4128,0.5169,0.6595
53-7249.49,5555,7,0.4178,0.611,0.247
41-9694.63,5856,6,0.8721,0.5049,0.3784
40-7097.20,1929,6,0.5568,0.2911,0.0952
52-8612.36,4267,5,0.8592,0.3373,0.7
41-5545.81,7697,6,0.8005,0.3205,0.904
12-4165.43,3518,5,0.741,0.4279,0.3811
11-3860.89,3021,8,0.4181,0.5113,0.0947
32-9131.33,4288,6,0.8316,0.6187,0.4609
53-5420.59,5240,7,0.6052,0.457,0.2322
49-9463.60,3105,6,0.818,0.6687,0.3428
50-4917.73,6227,7,0.5075,0.6442,0.181
34-2169.45,5527,7,0.6696,0.558,0.7581
49-6524.13,3392,5,0.3965,0.5827,0.0983
36-5177.38,4680,7,0.6874,0.4407,0.3192
32-1723.64,5989,6,0.6848,0.5422,0.3717
46-6171.82,7550,5,0.6623,0.3568,0.4165
27-7553.09,4302,7,0.7107,0.3471,0.1786
27-4682.19,9629,7,0.59,0.2565,0.34
17-1301.88,3539,6,0.7522,0.5299,0.6445
48-9088.89,1838,5,0.6108,0.4997,0.54
41-1440.88,1565,5,0.5793,0.5983,0.2079
47-4924.51,9552,8,0.4652,0.6685,0.3353
43-7370.21,5268,7,0.718,0.4584,0.6328
29-6566.24,8978,7,0.8913,0.2865,0.1318
38-6068.36,6353,6,0.8448,0.2047,0.6377
29-8742.78,6143,7,0.5142,0.6007,0.2014
17-5786.71,5548,7,0.6671,0.2975,0.0674
41-5580.95,1145,4,0.5524,0.394,0.5808
26-8385.15,3742,6,0.8742,0.5828,0.3858
19-3938.97,9321,5,0.5356,0.4909,0.5537
34-8636.85,3525,6,0.5371,0.5941,0.257
38-3364.61,7522,8,0.6229,0.2753,0.3948
21-7148.75,5499,8,0.6315,0.5088,0.275
21-8602.63,4484,7,0.4136,0.6352,0.5914
51-7761.81,8397,4,0.6603,0.3448,0.4149
38-3035.91,7949,7,0.2889,0.5628,0.3627
25-4371.23,5870,4,0.8768,0.2669,0.1456
14-7591.06,8264,8,0.5265,0.6277,0.0501
18-2735.00,7109,7,0.3049,0.4333,0.1495
37-4285.11,2426,6,0.6867,0.4398,0.4276
42-5370.84,2384,6,0.7057,0.3392,0.3231
19-5295.13,4547,4,0.6706,0.4261,0.4816
42-6870.53,6675,8,0.7546,0.2169,0.1888
14-5666.34,5177,4,0.674,0.0759,0.574
16-1538.22,8572,8,0.3877,0.553,0.3262
32-6361.02,9069,8,0.6092,0.457,0.058
50-1495.09,1628,7,0.5694,0.7046,0.1867
23-2848.04,8019,7,0.4807,0.4698,0.2247
24-7346.56,7949,6,0.6584,0.443,0.2084
20-1216.20,7333,7,0.6362,0.2762,0.4995
11-7773.74,7760,5,0.926,0.7001,0.3248
30-4008.04,9412,7,0.5657,0.4577,0.4674
28-7383.15,5968,8,0.7522,0.564,0.1409
28-9209.84,3567,7,0.5619,0.6739,0.682
53-4220.69,3833,7,0.6505,0.2527,0.4711
52-8126.12,1404,6,0.6636,0.6968,0.5538
28-4742.53,1313,6,0.7833,0.3119,0.5865
50-4088.81,6059,5,0.8646,0.7636,0.2332
44-8201.09,8915,6,0.4338,0.362,0.1298
48-6114.78,8565,6,0.6575,0.3864,0.6168
45-4013.79,2125,6,0.606,0.4391,0.6436
45-4214.49,8607,8,0.361,0.6218,0.5091
29-3264.91,3987,5,0.3602,0.5639,0.4049
52-1222.24,1229,8,0.5863,0.4647,0.7188
26-8998.73,1201,6,0.6397,0.508,0.6356
53-7664.75,3399,6,0.4902,0.4348,0.1454
18-4638.50,1607,6,0.68,0.3229,0.4506
26-9728.55,2790,6,0.6735,0.347,0.4315
52-5828.56,7620,5,0.945,0.7027,0.3028
18-4436.31,4099,6,0.6418,0.469,0.5324
43-7839.64,6318,5,0.6613,0.4937,0.2627
12-1434.15,2860,4,0.5353,0.7871,0.7003
36-9645.25,7165,6,0.6484,0.6289,0.2336
25-1355.65,4050,6,0.8238,0.5599,0.2214
11-9788.96,8278,6,0.5439,0.7182,0.5277
49-4928.09,5317,4,0.5035,0.6845,0.3551
16-4415.07,5828,7,0.4025,0.5808,0.1216
51-6818.06,4953,6,0.7449,0.3582,0.3085
38-4215.44,8747,6,0.5174,0.5389,0.3919
18-4237.03,9692,7,0.7665,0.7212,0.5309
52-9941.44,9174,6,0.6711,0.2869,0.8137
22-1490.24,4162,6,0.6276,0.6351,0.5812
20-1791.29,4582,8,0.6546,0.6551,0.7377
21-4535.21,8439,5,0.3974,0.1742,0.2777
36-1941.84,8152,7,0.6202,0.3947,0.2317
50-8009.61,5065,5,0.5282,0.4294,0.5534
21-6438.71,8971,7,0.4649,0.1533,0.5249
12-9524.83,6199,5,0.4487,0.3412,0.6725
39-8169.11,3119,5,0.6766,0.4075,0.1694
36-7941.50,5660,5,0.5887,0.2917,0.2477
26-2011.67,5044,5,0.6138,0.4001,0.7226
26-1286.05,7326,5,0.5382,0.4701,0.4843
53-5929.92,4792,5,0.2522,0.6711,0.1134
53-2435.76,7319,7,0.5627,0.7893,0.6946
33-1549.47,6458,6,0.4865,0.3923,0.5617
50-6081.27,9237,7,0.7893,0.1046,0.1792
21-1842.85,6955,6,0.7987,0.4091,0.447
37-1783.31,4505,4,0.628,0.5211,0.3257
49-1433.84,7473,8,0.7262,0.4465,0.8262
32-1201.80,9699,8,0.6769,0.4208,0.5709
36-2569.97,8152,5,0.3068,0.8867,0.2301
50-7035.87,1642,6,0.7395,0.5997,0.0721
36-6065.95,3133,8,0.7628,0.7062,0.1795
16-1005.54,4393,8,0.6661,0.4677,0.547
17-1157.26,7354,6,0.7825,0.5597,0.2898
18-2089.51,9020,4,0.6347,0.2917,0.3133
26-5625.56,5702,8,0.4936,0.3727,0.3065
33-9222.77,7669,5,0.479,0.7634,0.5097
42-5085.91,9559,7,0.7431,0.3479,0.3114
19-3882.19,1292,8,0.8364,0.3981,0.3638
51-7040.23,2538,7,0.3715,0.8124,0.2555
28-2275.18,3567,7,0.5682,0.4499,0.6902
44-9087.03,3847,7,0.319,0.6608,0.1672
39-1574.15,1145,6,0.398,0.5214,0.3621
22-5423.50,1670,6,0.746,0.3015,0.2845
39-5611.12,5555,6,0.6515,0.3022,0.3681
19-3027.08,6969,4,0.6166,0.565,0.0458
30-6219.11,8838,4,0.3512,0.3874,0.4291
33-3914.36,6150,7,0.5468,0.3989,0.3753
45-7639.94,5814,5,0.8772,0.2557,0.339
36-4436.26,1565,7,0.7254,0.1332,0.5349
23-9478.29,2202,7,0.8601,0.765,0.6088
46-1548.07,2734,4,0.7148,0.6018,0.4256
13-7452.75,8453,7,0.6042,0.5758,0.1698
49-8238.10,8257,6,0.7929,0.466,0.2973
45-5197.22,3476,6,0.6954,0.4342,0.6705
16-3823.11,9426,4,0.3882,0.1669,0.2961
18-4931.18,2986,6,0.86,0.6629,0.2332
34-9488.28,2475,6,0.7247,0.3925,0.3792
29-4081.08,3854,8,0.2938,0.4106,0.2381
47-3524.52,4547,7,0.4098,0.4683,0.3684
12-4310.10,3364,6,0.6533,0.5665,0.0957
50-2253.75,2713,6,0.6834,0.279,0.7111
33-4563.73,1705,4,0.4849,0.6274,0.9257
22-7028.97,4785,5,0.4925,0.4041,0.3341
53-6285.32,5163,6,0.8325,0.2951,0.1859
39-1066.83,6479,4,0.7242,0.5802,0.2677
28-8358.67,3301,5,0.5342,0.7438,0.2389
13-8754.80,7088,7,0.6583,0.5103,0.1306
40-9834.39,2384,6,0.7524,0.5338,0.62
41-8590.56,5891,5,0.8014,0.7253,0.3026
50-4607.13,1992,8,0.6298,0.6712,0.6943
48-2210.71,7921,7,0.6861,0.2789,0.3624
16-9306.12,5821,5,0.5451,0.5934,0.4933
16-5053.47,2741,6,0.5912,0.6139,0.4256
35-7128.53,3868,6,0.5982,0.5436,0.1811
15-9559.04,4358,6,0.4282,0.3607,0.4062
28-4416.50,5485,7,0.8317,0.6025,0.242
39-2541.64,3623,4,0.6197,0.427,0.3144
24-6557.54,4372,5,0.6597,0.6745,0.6048
12-3997.09,2097,7,0.6715,0.4209,0.4171
30-7235.77,4442,7,0.5552,0.2909,0.5476
54-3532.64,9468,7,0.4636,0.8121,0.1481
27-5799.95,1957,6,0.7984,0.6255,0.2752
28-5291.83,9391,6,0.6845,0.4259,0.1541
53-7222.52,3511,6,0.7362,0.3705,0.5425
24-5670.89,2720,4,0.7767,0.5309,0.2389
30-1930.73,2027,6,0.4165,0.49,0.4271
40-5172.16,2279,6,0.5396,0.5592,0.4981
24-7161.79,3672,4,0.6013,0.6329,0.2773
20-7838.02,2258,6,0.9343,0.5925,0.4344
23-9488.41,5744,7,0.3485,0.6075,0.0619
40-3658.88,4295,5,0.6059,0.3007,0.3822
16-6342.10,3371,7,0.7352,0.902,0.3364
48-3465.72,9279,7,0.8067,0.6514,0.2036
21-2434.27,4036,7,0.446,0.5978,0.6636
43-5902.05,3700,8,0.7029,0.6495,0.3933
24-9468.69,3217,6,0.5424,0.5989,0.275
15-4170.73,2510,7,0.7451,0.5976,0.3251
18-2655.02,9524,4,0.6445,0.4114,0.2872
16-2873.44,8936,6,0.5213,0.5091,0.3731
45-3736.62,5744,7,0.7157,0.6208,0.5878
50-3499.33,3525,7,0.6819,0.2328,0.6128
34-6721.34,6332,4,0.8734,0.8696,0.5375
41-7743.12,7179,8,0.5936,0.4771,0.7785
30-2139.82,4218,4,0.6274,0.3551,0.6487
27-7397.59,9202,7,0.4966,0.5864,0.1142
54-6392.05,8173,5,0.8989,0.5222,0.3138
26-1562.34,4267,6,0.4011,0.7248,0.1606
20-1322.69,7368,6,0.5777,0.4789,0.5177
54-6442.98,6066,6,0.5835,0.6256,0.8631
29-7133.27,4666,6,0.4894,0.9133,0.4705
44-8482.12,5016,6,0.2817,0.3176,0.3098
20-1905.62,4974,6,0.5033,0.5173,0.2605
26-3816.01,8649,8,0.3304,0.2674,0.1161
50-1822.77,3014,6,0.7027,0.355,0.6896
39-5247.43,9216,6,0.3982,0.5763,0.3422
20-3058.57,6619,7,0.8897,0.3152,0.3301
11-2647.53,8439,7,0.6796,0.6183,0.7527
12-4774.50,7263,7,0.5831,0.7517,0.1436
33-6633.88,2076,4,0.5128,0.3399,0.3428
50-6884.17,4505,8,0.4582,0.1998,0.4814
17-1598.10,1439,6,0.6939,0.368,0.3429
21-1855.09,3518,5,0.6232,0.1709,0.2637
47-7445.18,9272,5,0.9063,0.455,0.5581
14-1104.23,6066,7,0.3391,0.5995,0.2612
48-6692.09,6010,7,0.8197,0.0735,0.848
27-9569.49,5849,6,0.8936,0.6155,0.2244
44-8376.31,5065,7,0.3578,0.867,0.1358
50-3541.82,6374,6,0.8623,0.5031,0.1484
54-7719.90,8474,6,0.5417,0.553,0.1528
13-6220.32,9468,4,0.8009,0.4086,0.7366
13-2405.73,2930,6,0.5453,0.6558,0.4732
44-8139.82,7431,6,0.494,0.678,0.1091
51-9627.42,6318,6,0.7785,0.4537,0.1998
29-2853.59,5226,5,0.6493,0.3978,0.3378
49-2752.47,5156,6,0.6595,0.3725,0.6027
35-9358.60,4148,6,0.6079,0.6801,0.3457
33-9863.23,5471,5,0.6118,0.4196,0.52
50-7155.89,6094,4,0.7517,0.2669,0.1567
54-4782.18,5303,5,0.5483,0.6256,0.723
22-2343.64,2321,7,0.7267,0.3546,0.2718
42-1323.78,9230,7,0.693,0.2162,0.2168
18-9507.55,4274,7,0.4878,0.0722,0.4171
42-7057.26,4463,6,0.4893,0.6107,0.3918
47-4012.42,2062,7,0.8092,0.5909,0.4427
39-6018.30,1544,6,0.4028,0.3697,0.1708
26-1310.47,6080,6,0.531,0.6297,0.1578
12-5804.81,1936,6,0.5188,0.3043,0.3695
42-5685.44,1915,7,0.6362,0.4933,0.4929
26-6219.93,4036,7,0.441,0.7761,0.3708
25-2076.28,3182,7,0.4325,0.5961,0.7176
27-7735.81,7900,8,0.6874,0.4249,0.6447
46-4538.68,7116,6,0.4677,0.6004,0.4463
52-5698.11,5240,8,0.7747,0.7871,0.6513
49-5375.69,2762,6,0.7845,0.3446,0.4174
37-1742.53,5499,7,0.6442,0.6354,0.3721
47-9256.23,3987,6,0.5646,0.5471,0.6049
48-8646.14,4358,4,0.3161,0.2204,0.5501
19-7363.13,5079,6,0.6965,0.3534,0.0851
39-8964.73,6143,7,0.7376,0.5708,0.2256
17-9872.72,6584,6,0.7742,0.2706,0.5698
28-5102.79,2237,7,0.5947,0.4625,0.3079
15-5090.20,8012,5,0.6137,0.8087,0.4187
14-8943.58,2713,8,0.8197,0.2408,0.1638
15-1788.02,5394,7,0.5113,0.4523,0.6594
27-9639.28,2076,7,0.6452,0.4055,0.2505
34-9648.60,1173,4,0.7865,0.3107,0.4291
22-4329.70,5758,7,0.8062,0.5458,0.4327
21-9306.57,1726,6,0.7637,0.417,0.4827
49-6006.76,8803,6,0.798,0.7016,0.3419
11-6245.48,3497,6,0.7545,0.4918,0.0876
36-7428.59,7879,6,0.6844,0.3258,0.4098
32-7291.20,6227,7,0.585,0.5528,0.3208
23-5759.72,3273,4,0.63,0.4271,0.8142
37-3540.83,7228,6,0.3619,0.3027,0.3016
22-3190.35,7263,6,0.6232,0.3902,0.454
41-3258.76,9160,8,0.6489,0.5273,0.3734
32-9557.26,2426,5,0.8225,0.755,0.2124
49-8874.44,3924,7,0.5846,0.2545,0.4787
23-2180.10,8663,7,0.6429,0.3445,0.6465
51-5093.62,4407,6,0.822,0.6193,0.5141
32-2524.18,8635,8,0.7338,0.4304,0.2502
34-6387.40,4946,6,0.655,0.3092,0.1144
54-7330.76,3308,7,0.7571,0.5896,0.0366
39-6658.01,3273,5,0.8035,0.6095,0.6053
13-2994.48,3637,6,0.4906,0.4634,0.4143
42-8443.52,6311,4,0.727,0.4878,0.1748
16-3971.17,9650,5,0.4917,0.2492,0.464
19-4948.31,4386,8,0.866,0.4661,0.34
54-8399.40,8663,7,0.7992,0.6651,0.3759
32-1784.86,1110,7,0.5285,0.716,0.2601
36-1927.12,5093,7,0.4474,0.2617,0.3196
49-4543.37,5373,7,0.8342,0.5,0.1881
18-8402.51,4680,8,0.8988,0.4778,0.3674
21-9501.62,2146,7,0.3226,0.6082,0.5456
38-2560.49,5569,6,0.3936,0.6352,0.5474
12-4825.29,5765,5,0.9422,0.3618,0.7913
26-5952.98,4274,4,0.2631,0.521,0.2451
28-9756.97,2258,8,0.8678,0.5665,0.2326
54-7439.90,5625,7,0.7951,0.5065,0.6758
42-8953.40,2979,6,0.1838,0.7673,0.1786
51-7657.44,4337,5,0.4247,0.3604,0.2717
27-4466.86,3623,6,0.7059,0.6235,0.5358
12-6708.15,8579,8,0.5708,0.3372,0.585
22-1262.31,8418,6,0.6374,0.2854,0.2019
40-3675.17,8670,5,0.7562,0.4159,0.6291
46-6704.58,8152,6,0.5792,0.4423,0.3393
29-5577.37,4309,7,0.6191,0.3824,0.7132
28-4989.83,4169,6,0.5886,0.6948,0.915
28-4632.45,2594,6,0.6449,0.5333,0.3104
54-4226.24,7452,7,0.6819,0.7219,0.4821
29-6173.92,3280,5,0.8777,0.4929,0.6732
13-5340.60,3700,7,0.6519,0.3137,0.5034
30-1830.61,8992,5,0.5219,0.2442,0.2421
38-8521.96,2272,8,0.5587,0.5278,0.3626
24-8805.25,4561,7,0.7062,0.5988,0.7937
23-7168.85,2496,5,0.5595,0.4916,0.3382
31-8094.38,1929,4,0.5704,0.5426,0.3751
48-9625.44,1915,6,0.6431,0.7125,0.4884
14-4208.49,5023,6,0.6891,0.5259,0.2662
11-4956.11,9566,6,0.6853,0.5533,0.5817
26-8223.22,6598,6,0.706,0.3838,0.1379
34-8270.39,4960,8,0.6695,0.5441,0.5212
53-8702.52,8572,7,0.5593,0.4468,0.1628
19-7933.57,3147,4,0.7593,0.6458,0.3141
47-9192.42,5758,6,0.3706,0.6628,0.642
33-9783.05,9202,5,0.8642,0.4703,0.1551
20-7687.16,5996,7,0.5887,0.2953,0.6393
52-2897.50,7893,7,0.636,0.3476,0.5258
18-9311.16,3553,5,0.6017,0.1847,0.0969
16-3523.47,1390,4,0.582,0.4657,0.3909
37-5028.22,2776,7,0.7569,0.5097,0.188
48-8641.45,8824,7,0.7186,0.6519,0.5414
50-1303.81,9174,6,0.6467,0.5577,0.2817
47-8804.47,5065,6,0.7279,0.4033,0.4151
24-1741.43,8922,6,0.4707,0.4219,0.81
52-9309.67,5149,5,0.7446,0.426,0.2052
11-3883.70,8642,6,0.6585,0.4952,0.2959
34-1037.65,9132,6,0.7096,0.4889,0.5207
42-8340.49,6157,6,0.7853,0.5038,0.3405
37-8447.25,3777,6,0.6219,0.3506,0.203
44-5141.67,7228,5,0.5187,0.3173,0.2851
29-2396.18,7844,5,0.6507,0.35,0.191
19-5954.47,7830,7,0.6507,0.492,0.2511
17-5055.02,7312,8,0.5339,0.3653,0.7604
48-7091.30,2370,6,0.661,0.9081,0.7061
16-3290.97,5842,7,0.9323,0.3704,0.534
50-9879.28,7025,5,0.4359,0.5872,0.7119
11-8579.89,3826,8,0.6311,0.5896,0.5396
37-1673.62,1390,7,0.9141,0.173,0.6381
14-2484.94,2482,6,0.6141,0.5086,0.4712
39-8172.09,7683,7,0.7888,0.3192,0.2855
44-4617.36,7928,4,0.8761,0.5948,0.5448
50-8994.83,4855,7,0.3726,0.3457,0.111
53-3680.43,7445,5,0.4877,0.3656,0.221
17-7146.98,4421,8,0.8723,0.6744,0.4863
12-4345.03,5037,6,0.6122,0.7052,0.5373
14-8491.81,6654,7,0.5884,0.541,0.2108
13-2647.83,3371,7,0.6547,0.5846,0.4631
33-8213.46,7424,6,0.7546,0.6237,0.3195
37-2399.14,4372,7,0.678,0.5546,0.7719
27-1541.16,4337,7,0.5809,0.4835,0.649
12-5452.23,6514,7,0.9257,0.6755,0.267
18-3170.09,4631,8,0.4747,0.4289,0.2254
53-1336.61,2944,6,0.7707,0.8799,0.6161
27-5471.06,4750,7,0.7289,0.5556,0.2684
14-6192.54,8425,6,0.5189,0.5258,0.3317
25-9563.30,5940,7,0.5152,0.6005,0.545
35-5439.31,4491,6,0.6821,0.8433,0.2929
19-9118.90,9223,4,0.6701,0.4589,0.1634
42-2366.13,2027,6,0.8383,0.3019,0.1104
32-2805.70,5548,7,0.2852,0.6102,0.4996
17-4364.02,8516,5,0.5351,0.5919,0.7804
42-4941.03,4169,4,0.7602,0.658,0.0451
27-8395.16,1908,8,0.579,0.8087,0.4793
34-3202.45,2615,6,0.3336,0.5747,0.3005
20-4434.13,8621,7,0.8973,0.4154,0.5295
28-7501.57,2370,7,0.8649,0.2776,0.7592
40-7112.10,4827,6,0.5689,0.6934,0.2863
42-9651.57,8138,7,0.4612,0.8197,0.6366
28-9985.63,7067,6,0.658,0.4749,0.4732
33-8981.84,7074,7,0.8309,0.5478,0.4865
43-5178.85,5905,5,0.4396,0.5617,0.1972
48-8574.74,3007,5,0.4466,0.4111,0.2365
12-1883.25,9174,4,0.776,0.5488,0.736
39-7378.40,5765,6,0.3659,0.6733,0.4827
28-1221.85,8922,6,0.6714,0.4722,0.6308
19-6447.75,8432,5,0.2775,0.2907,0.3049
17-1885.27,5478,6,0.4639,0.4053,0.1511
45-2341.01,7879,5,0.8597,0.7675,0.5227
45-7672.78,4687,5,0.7095,0.7022,0.6606
50-6302.15,6619,7,0.5967,0.4458,0.7517
28-4695.70,7557,7,0.6721,0.5722,0.1346
39-9501.67,1299,5,0.6871,0.2637,0.914
30-8201.05,5933,7,0.6378,0.5951,0.6887
24-1035.59,4092,7,0.8059,0.7959,0.3114
13-6554.06,4491,4,0.5213,0.2465,0.6445
14-1333.48,9013,7,0.5097,0.5694,0.4156
37-4824.26,6332,6,0.7758,0.5978,0.3719
38-8214.28,7347,6,0.6592,0.3612,0.2406
19-6355.44,6794,8,0.7885,0.6052,0.1196
30-5790.78,3357,7,0.6539,0.4445,0.4377
13-1296.27,7193,6,0.5247,0.4158,0.2965
42-2404.58,1446,7,0.6419,0.5771,0.4029
20-2152.58,4708,4,0.3946,0.2833,0.6719
46-8134.45,5338,5,0.5404,0.4515,0.4873
15-1199.06,6248,7,0.7744,0.4662,0.4816
14-3064.98,1215,6,0.7723,0.849,0.1956
44-6898.27,4183,5,0.8192,0.5519,0.4739
13-4499.49,1173,4,0.3003,0.4735,0.2844
45-6015.39,8572,7,0.7324,0.4417,0.2911
36-2918.80,2391,7,0.6415,0.718,0.8879
40-1979.65,8803,7,0.4179,0.5938,0.1423
35-4188.08,7697,7,0.8482,0.5233,0.567
15-7944.75,2146,4,0.8158,0.581,0.1603
53-3309.88,9314,6,0.6164,0.4365,0.2285
39-5963.09,8649,6,0.339,0.2796,0.5698
43-7215.92,5954,7,0.5167,0.5114,0.716
31-9682.43,7592,7,0.3964,0.821,0.2467
16-9780.12,9279,6,0.3535,0.577,0.45
33-2422.44,4022,6,0.6455,0.4333,0.1281
19-5759.72,3028,8,0.4553,0.3555,0.5994
46-6658.32,1502,7,0.4304,0.5109,0.6651
13-2925.98,4239,6,0.6148,0.3518,0.2704
38-2042.04,6724,6,0.6832,0.4126,0.0924
16-8898.04,1873,7,0.5556,0.7634,0.2627
20-5993.47,7760,7,0.5672,0.441,0.5038
49-2349.45,2811,4,0.2655,0.4537,0.5437
18-2695.59,6773,7,0.5312,0.6308,0.7842
44-4931.56,6255,6,0.7189,0.7515,0.2079
18-9176.58,8208,6,0.5059,0.4489,0.1793
24-1180.34,8271,8,0.6707,0.2419,0.2317
34-5762.82,6108,8,0.7833,0.6549,0.23
34-3144.17,8222,7,0.6124,0.3984,0.2633
11-7021.40,4295,6,0.5756,0.4549,0.4022
44-6864.58,4218,8,0.6085,0.4938,0.6263
46-8115.61,8439,7,0.608,0.6696,0.6182
54-6782.65,1299,6,0.2535,0.3409,0.3235
18-5853.87,1348,8,0.6081,0.6562,0.3564
31-4549.33,4043,7,0.5462,0.3488,0.5725
13-5000.95,1572,5,0.6275,0.7215,0.4196
21-3525.51,7466,5,0.7296,0.4614,0.4375
13-4333.20,5863,6,0.4957,0.3261,0.4871
40-9765.65,6395,7,0.4022,0.6595,0.1976
30-3288.27,1124,8,0.5417,0.4071,0.2538
48-2744.75,7466,8,0.515,0.5968,0.2927
48-9014.77,1530,6,0.5749,0.4178,0.2935
53-3751.77,5422,7,0.662,0.4074,0.6803
41-8758.96,3105,4,0.5814,0.7812,0.3502
28-6183.22,5051,7,0.7733,0.4311,0.3584
33-2315.09,2762,6,0.8007,0.4824,0.5949
22-2988.00,9587,6,0.6671,0.6082,0.7359
42-6931.41,1369,4,0.6076,0.4316,0.2301
31-6706.25,6857,5,0.6266,0.5911,0.6458
16-1454.07,9454,5,0.7013,0.4412,0.6504
33-5146.70,3777,8,0.5083,0.4717,0.4727
37-4494.65,5625,7,0.9024,0.6818,0.5964
15-5805.20,7795,6,0.6186,0.6635,0.5227
19-8867.72,8915,5,0.6955,0.5887,0.2465
38-9780.69,6535,6,0.7191,0.358,0.6137
42-5380.36,5604,5,0.6184,0.252,0.3977
15-2803.57,3469,6,0.7848,0.5037,0.6175
11-7620.22,6129,4,0.5925,0.5006,0.282
48-1313.63,6213,7,0.5361,0.4941,0.3779
46-5368.12,5170,4,0.8373,0.336,0.394
22-3771.80,7382,7,0.5412,0.7852,0.1937
32-9544.12,1418,7,0.6368,0.4332,0.6802
11-5007.92,1418,5,0.6084,0.6289,0.4683
42-2791.90,6626,6,0.8873,0.3861,0.3883
23-5787.41,1551,6,0.8119,0.4324,0.5164
36-5901.59,4323,5,0.4752,0.6365,0.544
54-5091.81,8558,5,0.5417,0.185,0.2562
20-6157.55,6192,6,0.6225,0.1682,0.2401
11-4012.34,3798,7,0.5487,0.5643,0.0599
25-6697.20,3756,4,0.5324,0.7036,0.2836
42-1380.65,1698,7,0.463,0.609,0.5933
29-8578.67,9363,6,0.5598,0.528,0.7607
37-8002.27,4386,5,0.3346,0.7671,0.4164
28-3677.80,3532,7,0.3876,0.2666,0.6867
52-6311.88,3714,6,0.7794,0.7753,0.5779
42-7727.66,9699,4,0.4313,0.3331,0.4857
41-5511.64,8908,7,0.8419,0.4527,0.3557
11-5883.63,6535,5,0.5283,0.4445,0.1117
11-3211.36,6290,7,0.4114,0.7904,0.2176
40-4502.09,2146,6,0.7647,0.498,0.4918
23-4635.28,6906,6,0.5719,0.5448,0.5848
48-9315.91,5079,7,0.6255,0.391,0.3394
33-1407.87,3224,5,0.389,0.5257,0.3201
53-8045.81,8033,7,0.1191,0.3236,0.3502
50-2244.84,8670,5,0.6845,0.2419,0.1535
12-5520.74,3378,7,0.8505,0.3751,0.3726
27-5131.85,8460,7,0.47,0.2295,0.752
11-6928.57,1369,5,0.444,0.6018,0.3929
17-3387.08,7865,7,0.7354,0.5253,0.7629
29-8548.22,8481,5,0.5948,0.3793,0.565
20-6771.42,5555,6,0.5547,0.313,0.3212
19-5799.83,3490,6,0.6491,0.5903,0.2528
49-1508.30,2286,7,0.5958,0.9014,0.2107
19-1667.39,5583,7,0.8132,0.2713,0.5361
13-1453.05,9468,6,0.753,0.387,0.4259
51-5861.50,5135,8,0.6003,0.5894,0.5242
12-1927.76,6738,7,0.7582,0.2671,0.3877
51-7798.85,5394,6,0.7769,0.4328,0.491
36-8907.11,9244,6,0.6326,0.6993,0.475
46-6192.53,6507,6,0.9012,0.6735,0.2306
34-6491.51,5030,6,0.4907,0.3781,0.3279
11-6583.81,7851,8,0.8098,0.3865,0.21
39-5157.21,7347,6,0.6773,0.5835,0.4859
14-3021.70,8964,8,0.6664,0.3977,0.2586
13-9385.11,9132,5,0.8148,0.7258,0.0136
19-8748.96,4778,6,0.579,0.4635,0.2519
12-5296.04,7956,6,0.5486,0.5073,0.2789
41-6420.70,8390,8,0.7119,0.6174,0.5715
18-5739.09,2349,7,0.4041,0.8406,0.3024
18-4508.73,7508,8,0.5221,0.4585,0.0255
27-6038.93,9671,8,0.9431,0.7325,0.7214
16-3673.81,5114,5,0.5201,0.2787,0.242
38-3046.96,9629,6,0.6863,0.1576,0.4611
32-2077.05,1677,8,0.5076,0.2362,0.5593
45-1730.70,2804,8,0.4889,0.7254,0.1291
12-1526.96,1866,8,0.855,0.2944,0.6645
46-1934.36,9356,5,0.5479,0.5229,0.7635
16-6778.58,5240,7,0.5319,0.2911,0.5535
44-7776.29,8642,6,0.7036,0.4031,0.5965
24-6985.93,2713,6,0.5357,0.5261,0.3873
33-1262.75,7340,7,0.6254,0.6173,0.6814
22-3386.15,4428,7,0.785,0.716,0.4344
17-2989.95,8026,4,0.6434,0.6817,0.3864
21-6577.97,7200,8,0.7638,0.6628,0.4464
36-9219.12,6073,6,0.7894,0.724,0.3512
16-7364.36,6906,5,0.3957,0.4461,0.3114
41-4566.12,1887,8,0.7942,0.5734,0.5109
24-4926.49,6654,8,0.9315,0.341,0.522
23-1999.48,2440,7,0.9193,0.6075,0.4393
27-4302.86,2293,6,0.6605,0.6092,0.7249
21-4183.28,3987,7,0.2803,0.2996,0.3813
14-7741.56,4869,4,0.327,0.4386,0.3889
28-1395.76,1964,7,0.7903,0.3925,0.4435
41-3992.07,6920,4,0.6199,0.638,0.2658
19-6831.90,2916,7,0.6905,0.4738,0.4166
45-6882.98,7872,7,0.5263,0.5211,0.1806
25-8255.03,3693,8,0.7361,0.4429,0.6252
42-7181.78,9517,4,0.8401,0.2518,0.462
33-6459.27,7991,6,0.6499,0.7219,0.6247
52-3665.09,7333,4,0.7191,0.6044,0.483
11-1038.27,3245,6,0.418,0.2775,0.5266
53-8370.81,5338,5,0.5863,0.8304,0.3838
44-9761.40,3931,7,0.676,0.6147,0.262
28-3691.12,7802,5,0.6131,0.1201,0.4057
29-9461.97,7935,6,0.6804,0.3375,0.3381
38-4489.15,2468,6,0.4291,0.3524,0.2539
36-6005.96,4120,5,0.8086,0.5908,0.3183
49-4768.90,8565,8,0.6993,0.8481,0.5564
16-9000.47,4708,5,0.5412,0.5162,0.3005
50-9361.93,9195,4,0.5447,0.3746,0.3932
28-8872.50,5590,5,0.5321,0.3784,0.7335
24-3961.01,8278,7,0.5172,0.6153,0.5641
24-8292.94,6661,7,0.5027,0.6034,0.3599
43-7997.16,4736,6,0.3916,0.4383,0.8086
51-4845.77,6661,6,0.6302,0.345,0.2442
36-2772.74,5765,6,0.7508,0.273,0.2039
19-4146.90,2909,4,0.6159,0.6315,0.4488
18-9052.19,3595,6,0.2335,0.5047,0.2386
31-9702.74,1635,5,0.5761,0.6855,0.3724
41-7464.32,2734,7,0.443,0.5887,0.2411
26-7893.14,4561,7,0.2795,0.3428,0.4714
35-9014.74,5583,4,0.879,0.3372,0.5254
43-4942.41,5247,5,0.8448,0.5369,0.3577
23-6783.37,7123,4,0.6079,0.4148,0.7966
32-4419.97,8334,8,0.6741,0.5145,0.6227
27-2050.47,5128,8,0.638,0.3356,0.6252
24-6014.17,8544,7,0.7181,0.4724,0.357
25-6827.34,7109,6,0.528,0.6319,0.2213
28-3478.14,6325,7,0.5529,0.4391,0.5911
27-6839.76,9692,5,0.1732,0.6357,0.4838
15-5535.79,3105,6,0.6471,0.1991,0.5327
16-3270.53,8474,6,0.5672,0.2003,0.3214
21-3442.18,5135,7,0.8292,0.4978,0.607
28-4663.17,6710,6,0.3971,0.4585,0.2274
26-9597.46,4092,7,0.5965,0.4823,0.8935
11-9072.76,6780,4,0.6043,0.4389,0.5631
47-7571.07,3182,5,0.7156,0.5024,0.4907
12-8609.03,7361,7,0.7462,0.215,0.7758
38-1235.46,2468,6,0.5454,0.3952,0.9779
24-5104.79,8523,5,0.2404,0.4437,0.2717
44-7145.66,1642,7,0.5234,0.1924,0.512
31-6880.00,9699,6,0.7534,0.6613,0.0163
46-9628.82,9447,7,0.5429,0.2013,0.1546
24-1918.91,3511,5,0.6315,0.539,0.0797
38-7835.64,1208,7,0.6347,0.5271,0.1274
35-9398.06,1964,6,0.5642,0.3647,0.5182
33-2409.39,4372,6,0.5945,0.5546,0.2627
43-4880.01,4533,5,0.2912,0.2111,0.2197
23-4091.86,7585,5,0.69,0.5196,0.0824
35-9458.45,4449,6,0.8867,0.7237,0.3596
24-9298.19,5408,5,0.7717,0.2797,0.2235
47-9007.94,2237,7,0.7763,0.5854,0.8331
14-5903.96,4568,6,0.6477,0.3053,0.069
18-8895.77,1978,5,0.5872,0.6512,0.125
16-2325.92,8082,8,0.868,0.4757,0.7034
17-6399.94,7368,7,0.7581,0.4415,0.3139
52-7395.44,2643,5,0.7386,0.7447,0.4997
14-3623.56,6157,6,0.7354,0.5591,0.2958
24-5285.87,2062,6,0.8524,0.4665,0.4866
16-3773.75,7900,7,0.3167,0.4755,0.423
25-9515.72,3861,5,0.6127,0.6247,0.7325
32-8438.70,7837,4,0.7263,0.4792,0.117
43-2620.82,3119,7,0.7742,0.5192,0.1569
43-3705.90,2083,6,0.7205,0.475,0.1755
37-2562.70,5037,7,0.8051,0.6158,0.3955
28-1728.26,9041,4,0.6158,0.3342,0.3729
38-1987.07,8747,6,0.571,0.6814,0.2922
32-1824.46,2916,6,0.3789,0.5618,0.4485
30-1066.80,4673,7,0.6175,0.6613,0.0423
35-7396.41,3434,7,0.5784,0.4735,0.0493
30-9832.62,1229,6,0.7386,0.2459,0.3031
47-6397.47,3357,7,0.7763,0.2797,0.2753
27-4214.78,1229,5,0.2998,0.22,0.4598
12-9607.32,3021,6,0.7737,0.3315,0.5131
20-5435.65,3161,5,0.6343,0.2508,0.6506
40-6327.21,8586,7,0.7847,0.3573,0.208
37-5835.98,8481,4,0.8613,0.3932,0.3564
44-8758.56,7851,7,0.7679,0.4646,0.5703
19-2970.76,4463,7,0.4937,0.2788,0.2837
42-7162.49,2902,5,0.2738,0.1825,0.2103
50-6759.87,2713,5,0.806,0.656,0.3234
36-6871.45,7879,6,0.2422,0.361,0.4558
30-8331.04,2160,5,0.5944,0.5845,0.6647
22-3655.90,8068,6,0.8691,0.7905,0.4475
38-2435.33,8516,6,0.6116,0.591,0.2224
28-3964.13,6892,5,0.7946,0.6423,0.089
40-6714.09,5436,6,0.6667,0.2992,0.0985
17-8680.82,7067,6,0.6483,0.3771,0.1341
22-4117.39,2860,6,0.7548,0.3029,0.4958
19-6226.57,2468,6,0.3302,0.5659,0.219
43-8492.53,7424,7,0.7095,0.3353,0.3753
22-9681.56,8425,7,0.4925,0.2494,0.2227
37-7371.01,7564,8,0.5531,0.3451,0.6977
22-1177.82,5982,7,0.7188,0.5451,0.1776
36-8880.15,1397,7,0.32,0.4333,0.8635
45-8468.36,5436,6,0.6978,0.4931,0.7001
29-2165.42,2832,4,0.4706,0.6572,0.4389
29-2802.93,2510,4,0.8839,0.5469,0.5338
42-6234.46,2965,7,0.4084,0.2951,0.5659
33-2305.11,8292,6,0.5703,0.3905,0.3022
37-1870.30,5310,6,0.6224,0.0632,0.4146
49-3948.33,5058,5,0.7382,0.6164,0.4436
40-3461.65,7865,6,0.3278,0.854,0.5562
43-5191.31,4512,6,0.768,0.4638,0.4573
21-7737.32,5590,6,0.4767,0.5252,0.3965
39-3467.01,5317,6,0.8396,0.1229,0.3048
35-9518.03,2055,6,0.4884,0.3091,0.3775
40-4542.94,2293,6,0.5892,0.2766,0.5734
32-8416.50,3882,4,0.6428,0.5824,0.3686
48-4135.70,3595,5,0.7572,0.5928,0.6096
22-6726.35,8922,5,0.8953,0.7926,0.5197
24-3599.10,2405,5,0.5884,0.6839,0.6226
22-6471.08,2090,7,0.7043,0.6514,0.2984
43-4402.02,2685,6,0.8935,0.6344,0.4819
43-3936.13,3854,8,0.3232,0.5933,0.1591
17-3317.32,5065,6,0.465,0.2759,0.6087
47-9469.69,3700,8,0.4567,0.4825,0.5107
29-9471.35,6850,7,0.5214,0.709,0.795
41-8533.20,6766,4,0.362,0.465,0.5087
41-8355.56,7725,5,0.7394,0.6298,0.7556
18-9837.72,9230,5,0.7395,0.2734,0.2505
50-7931.46,9671,7,0.555,0.5994,0.1543
16-2669.32,3784,7,0.4819,0.4231,0.126
24-5683.23,9076,5,0.6265,0.7048,0.73
30-9822.87,1166,4,0.5686,0.598,0.1615
32-6822.39,5513,7,0.8697,0.2702,0.0768
14-4704.65,8761,5,0.1908,0.3675,0.4162
37-5378.02,9643,5,0.4533,0.6188,0.4824
13-6568.62,1845,5,0.9263,0.4198,0.3001
28-3117.82,5352,6,0.6235,0.4711,0.4039
17-5107.04,6927,7,0.7952,0.4027,0.5362
27-4550.81,7627,7,0.4007,0.4582,0.5278
18-3839.71,7851,6,0.7766,0.4069,0.2005
44-8332.98,6213,5,0.3226,0.3819,0.4563
33-5353.17,4554,5,0.8259,0.4367,0.2775
47-5301.74,7375,5,0.5073,0.7226,0.1673
52-4286.25,4575,7,0.5154,0.2634,0.1217
18-8921.71,3441,8,0.4826,0.4638,0.744
46-6087.87,1880,5,0.4772,0.4575,0.6814
36-4371.46,6668,6,0.8452,0.5131,0.5266
54-5991.85,1376,5,0.6984,0.1282,0.1213
27-7060.32,8376,6,0.7603,0.2315,0.6769
39-2213.53,6430,6,0.8698,0.6091,0.6944
