graduate_id	risk_score	eligible_z	enrolled_d
G2018000006	20.645	0	1
G2018000007	14.516	0	0
G2018000012	21.023	0	0
G2018000018	39.154	0	0
G2018000023	32.059	0	0
G2018000024	32.554	0	0
G2018000031	38.792	0	0
G2018000038	44.578	0	0
G2018000049	8.21	0	0
G2018000065	25.506	0	0
G2018000066	35.584	0	0
G2018000077	30.703	0	0
G2018000078	0.1	0	1
G2018000081	26.429	0	0
G2018000092	59.044	0	0
G2018000093	19.192	0	0
G2018000102	25.329	0	1
G2018000103	47.292	0	0
G2018000104	6.154	0	0
G2018000106	21.369	0	1
G2018000109	16.84	0	1
G2018000111	17.785	0	1
G2018000113	34.048	0	0
G2018000117	59.986	0	0
G2018000122	25.736	0	0
G2018000138	24.1	0	0
G2018000147	4.751	0	0
G2018000148	29.65	0	0
G2018000154	18.815	0	0
G2018000156	42.092	0	1
G2018000160	28.002	0	0
G2018000162	20.624	0	0
G2018000165	38.503	0	0
G2018000170	21.924	0	0
G2018000173	26.986	0	0
G2018000175	0.1	0	0
G2018000182	20.522	0	1
G2018000183	37.302	0	1
G2018000189	39.812	0	0
G2018000190	34.439	0	0
G2018000196	45.68	0	0
G2018000197	18.31	0	0
G2018000200	19.356	0	0
G2018000213	32.102	0	1
G2018000214	21.901	0	1
G2018000222	41.742	0	1
G2018000231	20.877	0	0
G2018000235	27.499	0	0
G2018000236	38.765	0	0
G2018000238	23.856	0	0
G2018000239	21.385	0	1
G2018000262	32.926	0	0
G2018000264	29.092	0	0
G2018000265	29.16	0	1
G2018000272	50.197	0	1
G2018000284	14.616	0	0
G2018000287	16.358	0	0
G2018000301	66.576	0	1
G2018000302	38.929	0	0
G2018000303	22.218	0	0
G2018000310	28.339	0	0
G2018000311	52.542	0	0
G2018000313	46.25	0	0
G2018000314	45.418	0	0
G2018000319	37.144	0	0
G2018000322	35.147	0	0
G2018000334	13.473	0	0
G2018000344	35.666	0	0
G2018000347	34.212	0	0
G2018000363	12.569	0	0
G2018000369	40.508	0	0
G2018000376	29.609	0	0
G2018000382	13.72	0	0
G2018000388	51.498	0	0
G2018000399	15.17	0	1
G2018000400	19.991	0	0
G2018000408	25.009	0	0
G2018000410	59.905	0	0
G2018000417	42.033	0	0
G2018000419	9.017	0	1
G2018000425	49.988	0	0
G2018000428	67.489	0	0
G2018000429	52.597	0	0
G2018000440	30.436	0	0
G2018000448	50.406	0	1
G2018000466	11.832	0	0
G2018000469	37.279	0	0
G2018000471	53.886	0	0
G2018000475	55.292	0	0
G2018000476	18.141	0	0
G2018000477	24.244	0	0
G2018000487	41.486	0	0
G2018000499	38.32	0	0
G2018000504	28.824	0	0
G2018000505	14.507	0	0
G2018000517	17.385	0	1
G2018000520	10.552	0	0
G2018000525	35.617	0	1
G2018000530	50.365	0	0
G2018000540	24.865	0	0
G2018000550	8.097	0	0
G2018000569	20.351	0	0
G2018000571	13.923	0	0
G2018000574	4.958	0	0
G2018000587	12.005	0	1
G2018000588	24.331	0	0
G2018000591	51.805	0	0
G2018000596	16.636	0	0
G2018000597	51.81	0	0
G2018000602	20.059	0	1
G2018000603	54.939	0	0
G2018000607	28.83	0	0
G2018000620	11.419	0	0
G2018000624	14.889	0	1
G2018000626	31.092	0	1
G2018000632	39.242	0	0
G2018000633	35.511	0	0
G2018000634	22.65	0	0
G2018000643	40.77	0	1
G2018000649	28.955	0	0
G2018000650	17.437	0	1
G2018000652	35.455	0	1
G2018000664	26.683	0	0
G2018000671	41.174	0	1
G2018000675	27.457	0	0
G2018000696	13.633	0	0
G2018000702	21.572	0	0
G2018000703	35.224	0	0
G2018000704	7.35	0	0
G2018000708	29.785	0	0
G2018000710	31.833	0	0
G2018000712	8.195	0	0
G2018000716	37.104	0	0
G2018000719	3.38	0	0
G2018000720	9.567	0	0
G2018000723	16.697	0	1
G2018000731	41.774	0	0
G2018000732	11.279	0	1
G2018000756	29.101	0	0
G2018000757	31.12	0	0
G2018000759	17.043	0	0
G2018000762	14.71	0	0
G2018000770	33.404	0	0
G2018000777	8.594	0	0
G2018000779	18.458	0	0
G2018000792	34.406	0	1
G2018000795	48.566	0	0
G2018000802	23.468	0	0
G2018000809	14.227	0	1
G2018000810	20.875	0	1
G2018000813	15.468	0	0
G2018000817	20.572	0	1
G2018000822	25.924	0	0
G2018000827	22.619	0	0
G2018000832	58.942	0	0
G2018000838	31.851	0	0
G2018000840	50.59	0	0
G2018000845	38.834	0	0
G2018000856	26.894	0	0
G2018000862	9.503	0	0
G2018000867	45.918	0	0
G2018000881	30.383	0	0
G2018000883	27.057	0	0
G2018000892	18.616	0	1
G2018000894	23.353	0	1
G2018000907	20.476	0	0
G2018000908	38.242	0	0
G2018000910	24.581	0	0
G2018000924	50.065	0	1
G2018000926	24.647	0	0
G2018000927	67.553	0	0
G2018000936	43.732	0	1
G2018000943	0.195	0	0
G2018000944	18.306	0	0
G2018000958	54.196	0	0
G2018000963	15.074	0	1
G2018000964	28.729	0	0
G2018000970	29.967	0	0
G2018000975	33.539	0	1
G2018000977	39.873	0	0
G2018000984	24.073	0	1
G2018000992	15.619	0	0
G2018000993	46.467	0	0
G2018001003	11.828	0	0
G2018001008	23.984	0	0
G2018001011	25.723	0	0
G2018001024	23.034	0	0
G2018001034	28.258	0	0
G2018001035	44.189	0	0
G2018001036	37.826	0	1
G2018001050	42.478	0	0
G2018001055	12.643	0	1
G2018001060	7.322	0	0
G2018001061	31.043	0	0
G2018001069	25.245	0	0
G2018001073	34.348	0	1
G2018001074	46.683	0	0
G2018001084	38.143	0	0
G2018001088	49.04	0	1
G2018001094	35.431	0	0
G2018001095	47.703	0	1
G2018001109	50.693	0	1
G2018001112	15.333	0	0
G2018001132	63.154	0	0
G2018001135	23.884	0	0
G2018001141	35.491	0	0
G2018001148	25.467	0	0
G2018001150	32.872	0	1
G2018001154	40.079	0	0
G2018001159	48.408	0	1
G2018001160	35.82	0	1
G2018001161	35.861	0	0
G2018001167	21.507	0	0
G2018001173	64.656	0	0
G2018001177	24.024	0	0
G2018001186	6.708	0	0
G2018001196	21.906	0	0
G2018001198	5.828	0	0
G2018001203	11.085	0	1
G2018001207	28.179	0	1
G2018001212	31.481	0	1
G2018001214	20.334	0	0
G2018001218	10.976	0	0
G2018001220	29.474	0	0
G2018001221	40.45	0	1
G2018001222	0.809	0	0
G2018001224	41.431	0	0
G2018001228	23.823	0	0
G2018001232	12.186	0	0
G2018001237	24.371	0	0
G2018001242	11.58	0	0
G2018001243	54.541	0	1
G2018001250	21.829	0	0
G2018001251	15.491	0	0
G2018001254	38.975	0	1
G2018001258	31.909	0	0
G2018001260	11.181	0	0
G2018001261	11.41	0	0
G2018001264	7.226	0	0
G2018001268	14.799	0	0
G2018001271	1.05	0	1
G2018001281	63.167	0	0
G2018001285	53.13	0	0
G2018001291	16.964	0	0
G2018001296	31.186	0	1
G2018001303	28.672	0	1
G2018001307	19.582	0	0
G2018001314	52.68	0	0
G2018001316	22.373	0	1
G2018001320	29.1	0	0
G2018001321	33.065	0	0
G2018001322	9.756	0	1
G2018001334	58.113	0	1
G2018001336	17.594	0	0
G2018001341	9.759	0	1
G2018001342	3.753	0	0
G2018001343	32.981	0	0
G2018001344	14.434	0	0
G2018001345	15.524	0	0
G2018001350	42.075	0	0
G2018001352	37.233	0	1
G2018001353	17.618	0	1
G2018001371	13.416	0	0
G2018001374	18.979	0	1
G2018001385	20.652	0	0
G2018001391	25.98	0	1
G2018001407	25.176	0	1
G2018001414	12.43	0	0
G2018001416	41.057	0	1
G2018001422	4.098	0	0
G2018001425	57.224	0	1
G2018001426	7.668	0	0
G2018001429	20.449	0	0
G2018001436	7.598	0	0
G2018001437	30.766	0	0
G2018001444	19.78	0	0
G2018001453	7.216	0	0
G2018001476	24.995	0	0
G2018001481	27.466	0	0
G2018001487	28.336	0	1
G2018001491	5.879	0	0
G2018001497	11.975	0	0
G2018001505	30.552	0	0
G2018001508	53.053	0	0
G2018001512	20.657	0	0
G2018001514	25.596	0	0
G2018001515	15.966	0	0
G2018001520	11.557	0	0
G2018001522	16.587	0	0
G2018001534	36.673	0	1
G2018001538	15.939	0	0
G2018001568	48.111	0	0
G2018001569	26.019	0	0
G2018001570	10.638	0	0
G2018001579	52.491	0	0
G2018001582	40.155	0	0
G2018001588	15.108	0	1
G2018001602	38.45	0	0
G2018001604	25.962	0	1
G2018001622	24.61	0	1
G2018001624	0.1	0	0
G2018001632	56.289	0	0
G2018001637	30.789	0	0
G2018001638	31.211	0	0
G2018001640	24.125	0	0
G2018001646	35.468	0	0
G2018001648	28.72	0	0
G2018001656	19.65	0	0
G2018001664	60.921	0	0
G2018001675	32.289	0	0
G2018001677	22.005	0	1
G2018001681	9.294	0	1
G2018001682	12.871	0	1
G2018001683	34.393	0	1
G2018001686	9.654	0	1
G2018001689	49.479	0	1
G2018001693	17.696	0	1
G2018001703	4.811	0	0
G2018001704	23.023	0	0
G2018001707	41.095	0	0
G2018001715	66.635	0	0
G2018001720	53.379	0	0
G2018001735	13.908	0	0
G2018001739	15.219	0	1
G2018001744	19.58	0	0
G2018001750	3.208	0	0
G2018001755	5.86	0	0
G2018001756	46.678	0	0
G2018001759	30.357	0	0
G2018001765	5.341	0	0
G2018001767	32.479	0	1
G2018001771	23.67	0	0
G2018001773	50.856	0	0
G2018001774	42.979	0	0
G2018001783	13.424	0	1
G2018001805	19.11	0	0
G2018001808	16.004	0	0
G2018001810	7.559	0	1
G2018001813	3.461	0	0
G2018001816	19.817	0	0
G2018001818	19.923	0	0
G2018001823	22.705	0	0
G2018001831	46.841	0	1
G2018001839	18.502	0	1
G2018001846	22.306	0	0
G2018001848	29.791	0	0
G2018001849	15.373	0	0
G2018001859	62.426	0	0
G2018001869	44.753	0	0
G2018001875	25.704	0	0
G2018001880	19.785	0	1
G2018001887	17.516	0	0
G2018001888	34.544	0	0
G2018001892	44.005	0	1
G2018001894	3.71	0	0
G2018001900	9.197	0	0
G2018001910	19.718	0	0
G2018001912	31.355	0	1
G2018001933	23.321	0	0
G2018001935	56.387	0	0
G2018001939	50.329	0	1
G2018001944	38.281	0	1
G2018001968	7.257	0	0
G2018001969	18.237	0	0
G2018001973	22.585	0	1
G2018001983	40.576	0	0
G2018002000	14.503	0	0
G2018002003	10.861	0	1
G2018002012	20.171	0	0
G2018002023	39.475	0	1
G2018002029	29.176	0	0
G2018002030	8.224	0	0
G2018002034	47.287	0	0
G2018002055	10.01	0	0
G2018002059	29.671	0	0
G2018002060	28.036	0	0
G2018002066	31.053	0	1
G2018002070	9.666	0	0
G2018002071	42.516	0	0
G2018002079	32.524	0	0
G2018002083	16.754	0	1
G2018002086	28.387	0	0
G2018002090	40.281	0	0
G2018002093	18.005	0	0
G2018002098	35.139	0	0
G2018002105	34.447	0	0
G2018002107	31.835	0	0
G2018002112	12.589	0	0
G2018002116	12.391	0	0
G2018002118	36.664	0	0
G2018002121	13.896	0	1
G2018002132	1.87	0	0
G2018002137	57.954	0	0
G2018002140	32.854	0	1
G2018002146	21.751	0	1
G2018002148	19.399	0	0
G2018002150	35.998	0	0
G2018002151	35.23	0	0
G2018002152	11.887	0	0
G2018002155	32.289	0	0
G2018002158	26.628	0	0
G2018002178	38.5	0	0
G2018002183	39.554	0	0
G2018002188	62.867	0	0
G2018002212	22.954	0	0
G2018002217	18.341	0	0
G2018002218	13.292	0	0
G2018002221	57.753	0	0
G2018002223	32.377	0	0
G2018002225	38.645	0	0
G2018002226	31.483	0	0
G2018002233	17.701	0	0
G2018002237	14.445	0	0
G2018002241	43.618	0	0
G2018002242	35.765	0	0
G2018002253	37.519	0	0
G2018002254	15.453	0	0
G2018002255	0.76	0	1
G2018002259	14.373	0	0
G2018002261	32.565	0	0
G2018002265	51.81	0	0
G2018002292	28.479	0	0
G2018002294	41.489	0	0
G2018002297	23.038	0	0
G2018002301	33.198	0	0
G2018002302	14.955	0	0
G2018002303	19.422	0	0
G2018002306	43.223	0	0
G2018002308	27.093	0	0
G2018002310	27.712	0	1
G2018002311	13.445	0	0
G2018002316	28.486	0	0
G2018002320	29.647	0	0
G2018002325	44.051	0	0
G2018002336	24.507	0	0
G2018002339	44.266	0	0
G2018002341	34.491	0	0
G2018002345	34.7	0	0
G2018002368	15.9	0	0
G2018002372	23.97	0	0
G2018002378	20.242	0	0
G2018002380	45.558	0	1
G2018002386	10.792	0	1
G2018002390	28.633	0	1
G2018002397	14.008	0	0
G2018002403	27.514	0	0
G2018002406	6.208	0	0
G2018002421	7.259	0	0
G2018002425	18.791	0	1
G2018002438	40.876	0	0
G2018002444	14.491	0	0
G2018002445	20.724	0	1
G2018002446	20.595	0	1
G2018002449	20.957	0	1
G2018002455	42.501	0	1
G2018002458	27.465	0	0
G2018002472	12.59	0	0
G2018002474	39.861	0	0
G2018002483	13.045	0	0
G2018002484	39.374	0	1
G2018002487	32.862	0	0
G2018002490	16.413	0	0
G2018002492	34.818	0	0
G2018002493	28.967	0	0
G2018002498	30.433	0	0
G2018002503	26.663	0	0
G2018002505	36.916	0	0
G2018002510	5.175	0	1
G2018002517	28.15	0	0
G2018002519	34.404	0	0
G2018002531	29.511	0	0
G2018002538	14.35	0	0
G2018002543	71.802	0	0
G2018002544	45.135	0	0
G2018002548	15.271	0	1
G2018002552	29.796	0	0
G2018002554	56.305	0	0
G2018002555	6.814	0	0
G2018002563	27.851	0	0
G2018002564	18.944	0	0
G2018002572	7.463	0	0
G2018002573	43.017	0	0
G2018002576	18.573	0	0
G2018002581	23.547	0	0
G2018002582	57.984	0	0
G2018002584	41.886	0	0
G2018002590	20.056	0	0
G2018002592	12.529	0	0
G2018002598	34.178	0	1
G2018002604	17.564	0	0
G2018002609	21.759	0	0
G2018002616	18.392	0	0
G2018002623	22.799	0	0
G2018002624	26.981	0	0
G2018002631	36.938	0	0
G2018002636	22.25	0	1
G2018002637	62.044	0	0
G2018002644	14.153	0	0
G2018002655	13.97	0	0
G2018002656	38.851	0	0
G2018002659	8.989	0	1
G2018002664	29.841	0	0
G2018002674	5.453	0	0
G2018002679	34.465	0	0
G2018002682	1.946	0	1
G2018002685	51.429	0	0
G2018002690	46.108	0	0
G2018002694	27.475	0	0
G2018002697	23.996	0	0
G2018002699	19.46	0	0
G2018002715	15.258	0	0
G2018002719	25.875	0	0
G2018002720	49.517	0	0
G2018002724	17.908	0	0
G2018002731	13.797	0	0
G2018002732	7.696	0	0
G2018002738	31.899	0	0
G2018002739	26.966	0	0
G2018002740	22.028	0	1
G2018002741	20.68	0	1
G2018002742	14.389	0	1
G2018002748	19.315	0	0
G2018002752	41.752	0	0
G2018002758	28.041	0	0
G2018002766	20.763	0	0
G2018002769	18.765	0	0
G2018002776	51.434	0	1
G2018002799	15.746	0	1
G2018002801	64.299	0	0
G2018002812	19.184	0	0
G2018002813	65.827	0	0
G2018002817	12.408	0	0
G2018002825	31.083	0	0
G2018002834	10.214	0	0
G2018002836	23.336	0	0
G2018002839	14.511	0	0
G2018002842	15.215	0	0
G2018002860	30.168	0	0
G2018002861	9.871	0	1
G2018002875	35.35	0	0
G2018002877	27.487	0	0
G2018002881	34.659	0	0
G2018002883	21.267	0	0
G2018002884	30.447	0	0
G2018002885	14.18	0	0
G2018002886	32.137	0	0
G2018002890	23.969	0	0
G2018002898	11.676	0	0
G2018002900	32.218	0	1
G2018002903	19.876	0	0
G2018002909	26.413	0	0
G2018002914	21.747	0	0
G2018002924	59.914	0	1
G2018002925	33.22	0	1
G2018002928	6.007	0	1
G2018002929	18.633	0	0
G2018002931	8.356	0	0
G2018002935	56.994	0	0
G2018002937	34.071	0	1
G2018002947	45.937	0	0
G2018002949	56.107	0	0
G2018002952	0.1	0	0
G2018002959	29.691	0	0
G2018002967	20.084	0	0
G2018002979	27.952	0	0
G2018002989	27.965	0	0
G2018002991	12.64	0	0
G2018002995	12.646	0	0
G2018003002	25.755	0	0
G2018003009	22.539	0	0
G2018003013	25.465	0	0
G2018003021	16.273	0	0
G2018003023	22.164	0	1
G2018003024	54.063	0	1
G2018003026	36.938	0	0
G2018003028	17.884	0	1
G2018003030	17.093	0	1
G2018003033	5.631	0	0
G2018003035	34.843	0	1
G2018003037	21.258	0	0
G2018003038	16.779	0	1
G2018003041	13.781	0	0
G2018003046	15.027	0	1
G2018003050	32.025	0	0
G2018003053	48.716	0	0
G2018003055	20.375	0	0
G2018003063	4.271	0	0
G2018003068	55.086	0	0
G2018003070	16.095	0	1
G2018003079	22.856	0	0
G2018003085	32.054	0	0
G2018003086	8.575	0	0
G2018003089	51.652	0	0
G2018003094	49.502	0	0
G2018003104	14.995	0	0
G2018003106	40.661	0	0
G2018003109	1.026	0	0
G2018003112	15.474	0	0
G2018003114	25.012	0	1
G2018003116	13.323	0	0
G2018003130	62.179	0	0
G2018003140	27.695	0	0
G2018003142	56.998	0	0
G2018003154	47.275	0	0
G2018003159	16.894	0	1
G2018003164	29.18	0	0
G2018003174	50.779	0	0
G2018003175	27.144	0	0
G2018003184	44.067	0	0
G2018003188	4.475	0	0
G2018003190	23.016	0	0
G2018003193	17.395	0	0
G2018003201	17.845	0	1
G2018003209	30.481	0	0
G2018003214	58.479	0	0
G2018003215	18.993	0	0
G2018003222	43.272	0	0
G2018003223	10.837	0	1
G2018003229	47.658	0	1
G2018003230	12.677	0	0
G2018003235	17.032	0	1
G2018003252	16.002	0	0
G2018003256	43.564	0	0
G2018003259	4.131	0	1
G2018003262	27.105	0	0
G2018003273	23.711	0	0
G2018003276	25.428	0	1
G2018003277	10.693	0	0
G2018003278	8.258	0	0
G2018003284	14.519	0	0
G2018003298	12.587	0	0
G2018003302	18.661	0	0
G2018003305	24.084	0	0
G2018003307	47.649	0	0
G2018003312	32.061	0	0
G2018003315	30.812	0	0
G2018003317	20.133	0	1
G2018003320	19.713	0	0
G2018003325	17.686	0	0
G2018003338	29.182	0	0
G2018003339	53.118	0	0
G2018003342	49.983	0	0
G2018003343	35.661	0	0
G2018003348	23.67	0	1
G2018003357	47.711	0	1
G2018003358	18.338	0	0
G2018003366	54.144	0	1
G2018003368	32.587	0	0
G2018003382	20.55	0	0
G2018003383	43.238	0	0
G2018003384	32.531	0	0
G2018003385	19.465	0	0
G2018003388	56.078	0	0
G2018003403	12.739	0	0
G2018003407	8.035	0	0
G2018003408	30.539	0	1
G2018003414	31.92	0	1
G2018003415	58.978	0	0
G2018003417	58.851	0	0
G2018003419	15.59	0	0
G2018003421	12.701	0	0
G2018003424	9.157	0	0
G2018003425	15.986	0	0
G2018003429	16.248	0	0
G2018003446	6.293	0	1
G2018003447	3.001	0	0
G2018003450	22.803	0	0
G2018003456	58.856	0	0
G2018003459	30.414	0	0
G2018003471	14.314	0	0
G2018003473	30.26	0	0
G2018003479	53.274	0	0
G2018003483	31.823	0	0
G2018003484	9.008	0	0
G2018003493	16.677	0	0
G2018003494	13.699	0	0
G2018003503	49.015	0	1
G2018003504	6.518	0	1
G2018003509	13.45	0	0
G2018003511	34.415	0	0
G2018003512	50.979	0	0
G2018003517	12.13	0	0
G2018003523	64.718	0	0
G2018003526	63.234	0	1
G2018003528	7.297	0	0
G2018003529	9.091	0	1
G2018003546	25.932	0	1
G2018003566	24.869	0	0
G2018003570	29.213	0	0
G2018003575	14.261	0	0
G2018003579	1.236	0	0
G2018003580	35.669	0	0
G2018003582	25.819	0	0
G2018003583	34.896	0	0
G2018003584	23.632	0	0
G2018003586	11.256	0	0
G2018003591	21.184	0	1
G2018003592	14.672	0	0
G2018003596	14.464	0	0
G2018003608	7.381	0	1
G2018003622	14.939	0	0
G2018003629	38.232	0	0
G2018003632	24.314	0	1
G2018003639	36.98	0	0
G2018003641	22.391	0	0
G2018003646	38.47	0	0
G2018003651	28.371	0	0
G2018003652	8.759	0	0
G2018003661	29.595	0	0
G2018003676	39.976	0	0
G2018003679	27.912	0	0
G2018003681	13.189	0	0
G2018003688	7.113	0	0
G2018003692	21.017	0	0
G2018003693	2.013	0	1
G2018003696	11.095	0	1
G2018003697	41.72	0	0
G2018003698	21.588	0	1
G2018003710	29.945	0	0
G2018003712	14.385	0	0
G2018003724	38.311	0	0
G2018003731	68.677	0	0
G2018003734	51.762	0	0
G2018003739	57.67	0	0
G2018003750	49.031	0	0
G2018003752	24.174	0	0
G2018003755	34.657	0	0
G2018003756	53.099	0	0
G2018003757	7.527	0	0
G2018003759	14.49	0	1
G2018003760	27.012	0	0
G2018003764	25.991	0	0
G2018003767	18.805	0	1
G2018003797	22.91	0	0
G2018003799	50.581	0	0
G2018003801	24.408	0	0
G2018003807	42.515	0	1
G2018003815	3.206	0	0
G2018003827	18.863	0	0
G2018003831	26.142	0	0
G2018003834	12.563	0	0
G2018003836	39.883	0	1
G2018003837	24.223	0	1
G2018003838	33.276	0	0
G2018003839	28.324	0	0
G2018003841	42.12	0	0
G2018003850	26.774	0	1
G2018003862	8.363	0	0
G2018003865	35.862	0	0
G2018003868	25.884	0	0
G2018003870	5.779	0	0
G2018003880	10.962	0	0
G2018003886	17.26	0	0
G2018003894	22.072	0	0
G2018003897	42.03	0	0
G2018003898	41.763	0	0
G2018003900	31.405	0	1
G2018003905	25.162	0	0
G2018003906	31.585	0	0
G2018003912	13.454	0	1
G2018003919	31.558	0	1
G2018003923	1.165	0	1
G2018003933	19.039	0	0
G2018003934	22.168	0	1
G2018003943	19.776	0	0
G2018003949	39.924	0	0
G2018003955	29.941	0	0
G2018003959	38.108	0	1
G2018003961	34.517	0	0
G2018003962	24.255	0	0
G2018003963	25.168	0	1
G2018003981	10.843	0	0
G2018003992	34.294	0	0
G2018003993	42.466	0	0
G2018003999	35.792	0	0
G2018004002	44.616	0	0
G2018004007	46.357	0	0
G2018004017	41.819	0	0
G2018004028	19.531	0	0
G2018004031	47.327	0	0
G2018004033	43.637	0	0
G2018004039	46.929	0	0
G2018004040	20.397	0	1
G2018004045	31.298	0	0
G2018004058	8.87	0	0
G2018004063	0.782	0	0
G2018004070	12.25	0	0
G2018004071	13.944	0	0
G2018004072	17.18	0	0
G2018004080	33.962	0	1
G2018004081	46.931	0	1
G2018004096	6.488	0	0
G2018004102	40.127	0	0
G2018004104	20.052	0	0
G2018004131	19.87	0	1
G2018004132	26.454	0	0
G2018004133	24.193	0	0
G2018004135	48.913	0	0
G2018004140	56.281	0	1
G2018004152	39.273	0	0
G2018004153	25.69	0	1
G2018004157	21.864	0	1
G2018004158	44.479	0	0
G2018004159	14.682	0	0
G2018004162	29.216	0	0
G2018004167	37.136	0	0
G2018004172	5.138	0	0
G2018004175	11.938	0	0
G2018004180	28.131	0	0
G2018004183	8.407	0	1
G2018004184	23.183	0	0
G2018004185	43.125	0	0
G2018004187	29.272	0	0
G2018004199	6.948	0	0
G2018004204	23.544	0	0
G2018004208	15.187	0	0
G2018004219	53.93	0	0
G2018004230	27.648	0	1
G2018004242	20.68	0	0
G2018004253	31.606	0	0
G2018004256	38.071	0	0
G2018004262	27.224	0	0
G2018004264	21.147	0	0
G2018004268	37.451	0	1
G2018004275	13.636	0	0
G2018004276	32.488	0	0
G2018004288	48.114	0	0
G2018004290	33.445	0	1
G2018004294	8.558	0	0
G2018004298	46.554	0	0
G2018004300	20.816	0	0
G2018004303	9.637	0	1
G2018004310	4.012	0	0
G2018004318	54.934	0	0
G2018004325	11.41	0	0
G2018004330	55.94	0	0
G2018004333	61.924	0	0
G2018004339	45.326	0	0
G2018004342	28.451	0	0
G2018004364	18.356	0	0
G2018004369	3.501	0	0
G2018004377	30.578	0	0
G2018004382	28.63	0	1
G2018004385	17.037	0	0
G2018004391	65.505	0	1
G2018004395	6.23	0	1
G2018004397	8.776	0	0
G2018004402	6.567	0	0
G2018004407	42.024	0	0
G2018004411	6.249	0	1
G2018004414	46.336	0	0
G2018004418	32.415	0	0
G2018004425	58.924	0	0
G2018004428	65.718	0	0
G2018004432	1.965	0	0
G2018004435	11.843	0	0
G2018004445	49.569	0	0
G2018004451	11.2	0	0
G2018004452	32.494	0	1
G2018004460	58.376	0	0
G2018004462	24.981	0	0
G2018004465	36.608	0	0
G2018004470	44.565	0	0
G2018004471	42.485	0	0
G2018004477	9.749	0	0
G2018004479	41.033	0	0
G2018004481	35.9	0	0
G2018004488	61.002	0	0
G2018004489	33.247	0	1
G2018004493	27.413	0	0
G2018004497	13.607	0	0
G2018004498	25.43	0	1
G2018004504	30.344	0	0
G2018004507	21.569	0	1
G2018004508	3.993	0	0
G2018004517	16.333	0	0
G2018004554	48.237	0	0
G2018004557	16.17	0	1
G2018004560	32.027	0	0
G2018004578	36.954	0	0
G2018004585	16.199	0	1
G2018004586	24.638	0	0
G2018004587	44.08	0	0
G2018004590	30.972	0	0
G2018004602	60.022	0	0
G2018004615	9.662	0	0
G2018004622	22.28	0	1
G2018004628	59.187	0	0
G2018004629	18.866	0	0
G2018004632	15.908	0	1
G2018004646	18.297	0	0
G2018004652	62.596	0	0
G2018004659	18.457	0	0
G2018004661	14.781	0	1
G2018004669	21.834	0	0
G2018004672	9.018	0	0
G2018004676	44.203	0	1
G2018004678	27.587	0	1
G2018004684	10.379	0	0
G2018004694	52.611	0	1
G2018004695	40.979	0	0
G2018004699	23.45	0	0
G2018004706	33.241	0	0
G2018004727	15.348	0	1
G2018004730	22.124	0	0
G2018004745	33.525	0	0
G2018004746	10.48	0	0
G2018004750	8.782	0	0
G2018004755	77.071	1	1
G2018004756	15.475	0	0
G2018004757	27.54	0	1
G2018004759	40.69	0	0
G2018004762	22.945	0	0
G2018004771	22.906	0	0
G2018004774	11.032	0	0
G2018004776	55.737	0	1
G2018004781	25.397	0	0
G2018004785	45.455	0	0
G2018004789	47.531	0	0
G2018004790	8.985	0	1
G2018004795	21.69	0	1
G2018004811	53.767	0	0
G2018004812	31.453	0	0
G2018004815	18.06	0	0
G2018004825	16.046	0	0
G2018004834	52.883	0	0
G2018004836	13.924	0	1
G2018004854	10.664	0	0
G2018004858	21.152	0	0
G2018004860	28.685	0	0
G2018004863	10.611	0	0
G2018004871	21.678	0	1
G2018004875	8.257	0	1
G2018004896	22.524	0	0
G2018004908	7.01	0	1
G2018004911	31.943	0	0
G2018004917	6.785	0	1
G2018004924	24.594	0	1
G2018004929	13.605	0	0
G2018004931	22.97	0	0
G2018004934	10.582	0	0
G2018004939	47.317	0	0
G2018004948	31.351	0	0
G2018004957	10.697	0	0
G2018004961	18.142	0	0
G2018004967	27.545	0	0
G2018004968	22.425	0	0
G2018004972	7.727	0	0
G2018004973	32.788	0	0
G2018004986	25.256	0	0
G2018004997	8.14	0	0
G2018004999	10.142	0	0
G2018005008	26.399	0	0
G2018005014	22.42	0	0
G2018005025	18.303	0	1
G2018005038	27.591	0	0
G2018005040	16.203	0	0
G2018005043	38.863	0	0
G2018005044	12.569	0	0
G2018005046	60.952	0	0
G2018005067	13.183	0	0
G2018005078	0.1	0	0
G2018005081	9.223	0	0
G2018005105	21.472	0	0
G2018005114	43.208	0	0
G2018005117	19.223	0	1
G2018005120	42.562	0	1
G2018005123	18.643	0	1
G2018005125	20.131	0	0
G2018005126	25.667	0	0
G2018005128	6.996	0	0
G2018005135	25.042	0	1
G2018005136	27.523	0	1
G2018005138	4.969	0	1
G2018005139	4.095	0	0
G2018005144	37.517	0	0
G2018005145	20.292	0	1
G2018005152	18.42	0	0
G2018005154	27.44	0	0
G2018005165	7.749	0	0
G2018005166	23.199	0	1
G2018005168	11.096	0	0
G2018005171	21.174	0	0
G2018005176	49.208	0	1
G2018005179	4.769	0	0
G2018005204	22.508	0	0
G2018005205	64.654	0	0
G2018005209	14.316	0	0
G2018005210	7.582	0	0
G2018005211	51.429	0	0
G2018005212	31.14	0	0
G2018005213	18.737	0	1
G2018005215	36.079	0	0
G2018005222	38.571	0	0
G2018005225	55.418	0	0
G2018005232	11.847	0	0
G2018005243	42.043	0	0
G2018005253	79.232	1	1
G2018005259	66.307	0	0
G2018005267	31.539	0	1
G2018005269	9.302	0	0
G2018005278	32.659	0	0
G2018005286	24.679	0	0
G2018005292	14.15	0	0
G2018005297	18.651	0	0
G2018005307	30.274	0	0
G2018005310	22.194	0	0
G2018005312	34.977	0	0
G2018005314	24.152	0	0
G2018005322	21.115	0	1
G2018005330	22.047	0	0
G2018005334	20.942	0	1
G2018005335	16.497	0	0
G2018005338	36.791	0	1
G2018005340	16.589	0	0
G2018005342	10.904	0	0
G2018005349	18.583	0	0
G2018005354	16.905	0	0
G2018005357	49.728	0	0
G2018005365	9.973	0	1
G2018005371	41.933	0	0
G2018005374	17.506	0	0
G2018005387	29.512	0	1
G2018005388	31.115	0	1
G2018005390	16.694	0	0
G2018005396	52.891	0	0
G2018005399	4.698	0	0
G2018005401	32.116	0	0
G2018005410	55.224	0	0
G2018005415	19.556	0	0
G2018005416	45.809	0	0
G2018005421	17.724	0	0
G2018005427	22.716	0	0
G2018005428	21.773	0	0
G2018005431	20.535	0	1
G2018005433	8.7	0	0
G2018005441	11.878	0	1
G2018005445	41.465	0	1
G2018005452	18.293	0	0
G2018005453	27.881	0	1
G2018005456	30.996	0	0
G2018005457	11.351	0	0
G2018005464	36.545	0	0
G2018005467	13.921	0	0
G2018005476	62.89	0	0
G2018005479	13.531	0	0
G2018005481	8.145	0	1
G2018005485	20.822	0	1
G2018005497	10.107	0	0
G2018005499	67.087	0	0
G2018005501	22.635	0	1
G2018005505	3.138	0	0
G2018005513	7.97	0	1
G2018005516	23.924	0	0
G2018005518	13.055	0	0
G2018005523	22.272	0	0
G2018005525	33.865	0	0
G2018005532	6.396	0	1
G2018005534	15.295	0	0
G2018005537	17.084	0	1
G2018005547	37.353	0	1
G2018005555	25.557	0	0
G2018005562	12.513	0	1
G2018005566	5.559	0	1
G2018005569	19.566	0	0
G2018005570	0.1	0	0
G2018005574	24.39	0	0
G2018005576	35.626	0	1
G2018005582	21.452	0	0
G2018005589	57.441	0	0
G2018005601	44.693	0	1
G2018005620	19.95	0	0
G2018005625	18.295	0	0
G2018005626	12.102	0	0
G2018005629	12.819	0	0
G2018005648	23.218	0	0
G2018005649	11.866	0	0
G2018005656	5.947	0	0
G2018005659	11.998	0	0
G2018005662	52.231	0	0
G2018005667	18.986	0	0
G2018005680	14.8	0	0
G2018005683	5.419	0	0
G2018005687	23.762	0	0
G2018005692	33.682	0	0
G2018005693	23.171	0	0
G2018005695	28.999	0	0
G2018005698	21.373	0	1
G2018005707	22.701	0	1
G2018005723	46.642	0	0
G2018005729	23.108	0	0
G2018005734	16.422	0	0
G2018005739	33.275	0	1
G2018005741	23.71	0	0
G2018005751	4.768	0	0
G2018005758	29.026	0	0
G2018005764	11.018	0	0
G2018005766	23.412	0	0
G2018005769	14.661	0	0
G2018005782	26.695	0	1
G2018005789	19.983	0	0
G2018005795	25.293	0	0
G2018005807	23.43	0	0
G2018005809	18.16	0	0
G2018005810	28.568	0	0
G2018005816	17.974	0	1
G2018005818	25.001	0	0
G2018005819	32.297	0	0
G2018005820	30.507	0	0
G2018005831	8.222	0	0
G2018005833	64.067	0	0
G2018005839	17.621	0	0
G2018005842	25.115	0	0
G2018005844	27.817	0	0
G2018005846	12.023	0	0
G2018005848	32.551	0	0
G2018005854	14.252	0	0
G2018005855	29.27	0	0
G2018005864	34.207	0	0
G2018005879	25.556	0	0
G2018005890	32.26	0	1
G2018005893	42.732	0	0
G2018005896	24.692	0	0
G2018005897	22.588	0	1
G2018005899	39.579	0	0
G2018005901	27.515	0	0
G2018005904	19.26	0	1
G2018005906	24.745	0	1
G2018005913	2.986	0	0
G2018005915	22.43	0	0
G2018005919	28.562	0	0
G2018005920	25.902	0	1
G2018005931	12.328	0	0
G2018005934	22.323	0	1
G2018005938	34.537	0	0
G2018005944	34.528	0	1
G2018005946	48.115	0	1
G2018005948	30.575	0	0
G2018005975	9.733	0	0
G2018005982	33.197	0	0
G2018005986	20.581	0	0
G2018005995	76.15	1	0
G2018005996	23.545	0	0
G2018006013	24.403	0	0
G2018006014	5.805	0	0
G2018006015	26.631	0	1
G2018006018	32.302	0	0
G2018006033	14.182	0	0
G2018006034	40.264	0	1
G2018006037	17.443	0	0
G2018006051	1.409	0	0
G2018006053	14.011	0	0
G2018006056	63.254	0	0
G2018006076	18.241	0	1
G2018006080	35.666	0	0
G2018006083	7.684	0	0
G2018006085	39.838	0	0
G2018006094	47.011	0	0
G2018006096	16.417	0	0
G2018006098	65.802	0	0
G2018006100	11.82	0	0
G2018006102	62.339	0	0
G2018006110	14.367	0	1
G2018006115	31.576	0	0
G2018006123	9.061	0	0
G2018006126	9.895	0	1
G2018006136	9.346	0	0
G2018006147	70.439	0	0
G2018006149	49.766	0	0
G2018006151	15.206	0	1
G2018006167	15.344	0	0
G2018006169	18.442	0	0
G2018006177	54.937	0	0
G2018006180	24.314	0	0
G2018006184	42.467	0	0
G2018006189	34.056	0	0
G2018006199	42.083	0	0
G2018006203	33.3	0	0
G2018006207	24.708	0	1
G2018006208	51.23	0	0
G2018006210	11.662	0	0
G2018006214	13.207	0	0
G2018006216	26.498	0	0
G2018006229	44.098	0	1
G2018006234	12.343	0	0
G2018006236	13.135	0	0
G2018006239	17.73	0	0
G2018006243	5.397	0	1
G2018006245	3.685	0	1
G2018006249	17.582	0	0
G2018006251	49.575	0	0
G2018006259	14.11	0	0
G2018006268	43.822	0	0
G2018006269	15.852	0	0
G2018006274	40.027	0	0
G2018006279	12.307	0	0
G2018006281	24.137	0	0
G2018006286	41.369	0	0
G2018006287	32.512	0	0
G2018006288	29.103	0	1
G2018006294	61.11	0	0
G2018006298	31.059	0	0
G2018006304	12.877	0	0
G2018006306	32.579	0	0
G2018006310	20.542	0	0
G2018006313	37.589	0	0
G2018006314	15.008	0	1
G2018006321	25.954	0	0
G2018006324	34.614	0	0
G2018006335	5.939	0	0
G2018006337	17.064	0	1
G2018006357	15.286	0	1
G2018006358	38.354	0	1
G2018006360	26.286	0	0
G2018006361	12.951	0	0
G2018006362	20.237	0	1
G2018006363	21.016	0	0
G2018006369	19.071	0	1
G2018006371	15.857	0	1
G2018006380	5.762	0	1
G2018006382	8.761	0	0
G2018006403	47.546	0	0
G2018006424	37.225	0	0
G2018006425	11.679	0	0
G2018006426	23.204	0	0
G2018006431	40.388	0	0
G2018006435	15.888	0	1
G2018006438	9.835	0	0
G2018006439	10.603	0	0
G2018006440	21.025	0	0
G2018006444	43.824	0	0
G2018006447	12.933	0	0
G2018006448	33.719	0	0
G2018006451	25.098	0	1
G2018006453	37.503	0	0
G2018006471	40.401	0	1
G2018006479	11.684	0	0
G2018006480	23.414	0	0
G2018006487	57.376	0	1
G2018006488	18.925	0	1
G2018006493	42.055	0	0
G2018006505	22.996	0	0
G2018006506	31.118	0	0
G2018006508	50.225	0	0
G2018006515	34.19	0	0
G2018006517	66.721	0	0
G2018006518	51.559	0	1
G2018006522	20.192	0	0
G2018006524	23.273	0	0
G2018006525	57.301	0	0
G2018006535	45.053	0	1
G2018006539	22.764	0	0
G2018006541	27.568	0	0
G2018006543	31.336	0	0
G2018006544	37.527	0	0
G2018006548	31.193	0	0
G2018006549	19.477	0	0
G2018006551	55.486	0	0
G2018006559	37.298	0	0
G2018006563	30.867	0	0
G2018006564	54.376	0	0
G2018006565	8.781	0	0
G2018006574	57.143	0	0
G2018006576	16.0	0	0
G2018006579	30.053	0	0
G2018006583	10.437	0	0
G2018006584	27.003	0	1
G2018006595	7.679	0	0
G2018006601	41.234	0	0
G2018006603	18.756	0	0
G2018006604	5.728	0	0
G2018006605	33.061	0	0
G2018006616	30.284	0	1
G2018006624	38.142	0	0
G2018006625	24.719	0	0
G2018006630	30.092	0	0
G2018006637	50.046	0	0
G2018006640	18.141	0	0
G2018006647	17.516	0	0
G2018006648	27.46	0	0
G2018006649	41.49	0	0
G2018006655	45.005	0	0
G2018006659	6.026	0	0
G2018006660	29.118	0	1
G2018006665	42.725	0	1
G2018006669	4.012	0	0
G2018006673	8.635	0	0
G2018006674	61.349	0	1
G2018006682	36.681	0	0
G2018006684	34.233	0	0
G2018006686	6.163	0	0
G2018006694	50.44	0	0
G2018006700	47.849	0	1
G2018006702	8.644	0	0
G2018006703	16.986	0	0
G2018006705	13.164	0	1
G2018006715	20.917	0	1
G2018006719	56.237	0	0
G2018006720	31.288	0	0
G2018006721	18.14	0	0
G2018006724	32.778	0	1
G2018006725	11.091	0	0
G2018006732	37.072	0	0
G2018006734	30.466	0	0
G2018006737	29.187	0	0
G2018006749	34.599	0	0
G2018006752	19.816	0	0
G2018006753	6.297	0	1
G2018006759	25.542	0	0
G2018006770	27.747	0	0
G2018006771	12.227	0	0
G2018006784	23.066	0	0
G2018006790	20.226	0	1
G2018006795	58.499	0	0
G2018006798	18.492	0	0
G2018006800	29.803	0	0
G2018006804	36.65	0	1
G2018006813	7.141	0	0
G2018006828	37.055	0	0
G2018006829	5.637	0	0
G2018006830	28.941	0	0
G2018006834	40.85	0	0
G2018006835	27.746	0	1
G2018006842	3.614	0	0
G2018006858	17.097	0	0
G2018006859	11.378	0	1
G2018006860	53.207	0	0
G2018006868	14.989	0	0
G2018006875	78.925	1	0
G2018006876	22.387	0	0
G2018006897	30.732	0	0
G2018006911	25.42	0	0
G2018006916	43.397	0	1
G2018006919	25.33	0	0
G2018006920	22.035	0	0
G2018006923	25.503	0	0
G2018006931	40.589	0	0
G2018006940	43.835	0	0
G2018006957	31.27	0	1
G2018006987	59.8	0	1
G2018006991	35.566	0	0
G2018006992	5.615	0	0
G2018006998	20.384	0	0
G2018007003	25.702	0	0
G2018007005	64.359	0	0
G2018007011	15.135	0	0
G2018007012	51.844	0	0
G2018007014	20.331	0	0
G2018007015	22.022	0	0
G2018007019	25.635	0	0
G2018007021	61.395	0	0
G2018007022	5.854	0	0
G2018007024	59.726	0	1
G2018007033	20.222	0	0
G2018007041	49.258	0	0
G2018007054	36.986	0	0
G2018007055	27.329	0	0
G2018007065	7.579	0	0
G2018007070	32.182	0	0
G2018007074	19.693	0	1
G2018007078	66.77	0	0
G2018007089	27.614	0	0
G2018007094	25.401	0	0
G2018007102	52.344	0	0
G2018007103	6.154	0	0
G2018007108	25.368	0	0
G2018007111	50.409	0	0
G2018007118	24.338	0	0
G2018007125	28.778	0	0
G2018007127	5.23	0	0
G2018007129	1.626	0	0
G2018007130	22.397	0	0
G2018007140	20.729	0	1
G2018007146	36.67	0	0
G2018007150	3.289	0	0
G2018007153	26.161	0	1
G2018007154	24.901	0	0
G2018007155	12.953	0	0
G2018007158	36.011	0	0
G2018007163	63.963	0	1
G2018007173	52.531	0	0
G2018007176	21.892	0	0
G2018007183	5.156	0	1
G2018007195	18.645	0	1
G2018007199	46.479	0	0
G2018007209	10.961	0	0
G2018007217	16.242	0	0
G2018007218	25.171	0	0
G2018007223	21.635	0	0
G2018007228	21.343	0	0
G2018007229	16.971	0	0
G2018007231	14.156	0	0
G2018007233	38.54	0	0
G2018007235	41.052	0	1
G2018007249	43.819	0	0
G2018007250	68.721	0	0
G2018007266	33.747	0	0
G2018007267	56.128	0	1
G2018007273	59.103	0	0
G2018007280	18.992	0	0
G2018007281	14.249	0	1
G2018007286	28.408	0	0
G2018007287	15.443	0	0
G2018007290	7.448	0	0
G2018007293	4.151	0	1
G2018007295	11.894	0	1
G2018007305	33.894	0	1
G2018007310	12.243	0	1
G2018007319	17.346	0	1
G2018007321	47.812	0	1
G2018007330	24.621	0	0
G2018007338	5.793	0	0
G2018007339	13.939	0	0
G2018007346	18.202	0	0
G2018007370	30.193	0	0
G2018007371	27.555	0	0
G2018007373	18.557	0	1
G2018007375	34.08	0	0
G2018007380	43.379	0	0
G2018007381	29.018	0	0
G2018007386	46.795	0	0
G2018007406	48.941	0	1
G2018007409	17.644	0	0
G2018007410	27.587	0	0
G2018007412	15.725	0	0
G2018007423	22.244	0	0
G2018007425	42.704	0	0
G2018007435	22.605	0	0
G2018007439	28.923	0	0
G2018007440	25.738	0	1
G2018007452	44.724	0	0
G2018007459	18.594	0	1
G2018007461	53.937	0	0
G2018007463	33.875	0	0
G2018007465	13.851	0	1
G2018007466	11.064	0	1
G2018007468	34.699	0	0
G2018007477	27.125	0	0
G2018007489	51.709	0	0
G2018007490	21.859	0	1
G2018007506	11.886	0	0
G2018007517	46.751	0	1
G2018007530	2.861	0	1
G2018007532	22.339	0	0
G2018007535	40.744	0	0
G2018007539	19.973	0	0
G2018007543	37.304	0	0
G2018007549	50.52	0	0
G2018007553	34.712	0	0
G2018007557	16.385	0	0
G2018007560	51.527	0	0
G2018007562	8.754	0	1
G2018007579	56.421	0	0
G2018007580	18.953	0	0
G2018007581	28.348	0	0
G2018007588	11.507	0	0
G2018007589	28.65	0	0
G2018007595	56.198	0	1
G2018007608	41.378	0	0
G2018007620	25.515	0	0
G2018007627	46.043	0	0
G2018007631	13.692	0	0
G2018007632	28.332	0	0
G2018007635	10.838	0	0
G2018007637	26.125	0	0
G2018007640	20.315	0	0
G2018007641	25.12	0	0
G2018007643	41.54	0	0
G2018007646	40.416	0	0
G2018007649	40.664	0	0
G2018007655	18.803	0	0
G2018007660	26.495	0	0
G2018007666	50.405	0	0
G2018007676	57.293	0	0
G2018007678	41.043	0	0
G2018007691	21.042	0	0
G2018007696	13.063	0	1
G2018007697	62.912	0	1
G2018007707	46.441	0	0
G2018007710	38.549	0	0
G2018007714	68.227	0	0
G2018007719	34.059	0	1
G2018007730	26.897	0	0
G2018007746	41.152	0	1
G2018007755	60.481	0	0
G2018007758	26.398	0	0
G2018007766	19.688	0	1
G2018007769	30.528	0	0
G2018007774	7.937	0	1
G2018007794	28.836	0	0
G2018007795	20.983	0	0
G2018007796	7.252	0	1
G2018007803	32.938	0	1
G2018007809	27.371	0	0
G2018007831	5.206	0	0
G2018007838	35.49	0	0
G2018007840	5.935	0	1
G2018007848	11.001	0	0
G2018007860	37.322	0	1
G2018007861	62.234	0	0
G2018007863	17.887	0	0
G2018007864	28.992	0	0
G2018007865	12.404	0	0
G2018007869	17.751	0	1
G2018007876	38.1	0	0
G2018007882	33.698	0	0
G2018007895	20.397	0	0
G2018007906	29.025	0	0
G2018007908	14.288	0	0
G2018007924	30.907	0	1
G2018007929	15.98	0	0
G2018007930	36.582	0	0
G2018007936	24.053	0	0
G2018007938	21.315	0	0
G2018007948	18.393	0	0
G2018007951	27.558	0	0
G2018007952	44.021	0	0
G2018007961	56.102	0	0
G2018007963	40.605	0	0
G2018007965	26.111	0	1
G2018007970	64.665	0	0
G2018007980	0.1	0	1
G2018007984	10.194	0	0
G2018007993	49.283	0	1
G2018007997	18.629	0	0
G2018008000	28.752	0	1
G2018008003	25.511	0	0
G2018008013	7.782	0	0
G2018008014	2.347	0	0
G2018008019	13.674	0	0
G2018008030	19.79	0	0
G2018008052	19.536	0	0
G2018008055	33.701	0	1
G2018008058	44.712	0	0
G2018008060	13.141	0	0
G2018008061	69.584	0	0
G2018008067	28.683	0	0
G2018008075	1.817	0	0
G2018008076	54.003	0	0
G2018008080	9.107	0	0
G2018008085	32.939	0	0
G2018008088	19.197	0	0
G2018008100	21.244	0	0
G2018008117	29.612	0	0
G2018008119	1.73	0	0
G2018008134	49.212	0	1
G2018008139	34.471	0	1
G2018008145	31.37	0	0
G2018008152	6.106	0	1
G2018008153	46.073	0	1
G2018008154	31.141	0	0
G2018008156	26.594	0	0
G2018008166	21.098	0	0
G2018008168	18.956	0	1
G2018008173	62.085	0	0
G2018008177	17.885	0	1
G2018008180	4.412	0	1
G2018008183	20.229	0	0
G2018008190	4.671	0	0
G2018008201	30.372	0	0
G2018008204	28.713	0	0
G2018008214	21.082	0	0
G2018008215	27.674	0	0
G2018008219	27.611	0	0
G2018008231	9.109	0	1
G2018008233	50.184	0	0
G2018008240	37.207	0	0
G2018008241	34.625	0	1
G2018008245	43.655	0	1
G2018008248	14.446	0	1
G2018008250	17.321	0	0
G2018008257	36.784	0	0
G2018008266	21.718	0	0
G2018008267	28.308	0	1
G2018008272	32.395	0	0
G2018008278	23.53	0	0
G2018008280	12.694	0	0
G2018008283	35.925	0	1
G2018008302	34.59	0	0
G2018008303	29.351	0	0
G2018008310	3.041	0	1
G2018008311	14.334	0	0
G2018008312	11.803	0	0
G2018008313	23.984	0	0
G2018008314	52.512	0	0
G2018008326	10.767	0	0
G2018008330	3.761	0	0
G2018008332	47.301	0	0
G2018008334	16.245	0	1
G2018008335	3.983	0	0
G2018008336	34.777	0	1
G2018008338	22.052	0	0
G2018008343	23.458	0	1
G2018008354	46.934	0	0
G2018008355	16.456	0	1
G2018008359	51.931	0	0
G2018008361	24.187	0	1
G2018008372	41.533	0	0
G2018008386	75.177	1	0
G2018008391	55.739	0	0
G2018008395	32.472	0	1
G2018008404	23.209	0	1
G2018008405	17.509	0	0
G2018008417	20.435	0	0
G2018008419	22.041	0	0
G2018008426	29.107	0	0
G2018008428	19.562	0	0
G2018008429	28.364	0	0
G2018008433	40.374	0	0
G2018008441	33.916	0	0
G2018008445	26.653	0	0
G2018008451	25.41	0	0
G2018008456	26.442	0	0
G2018008460	53.153	0	0
G2018008472	64.777	0	0
G2018008475	24.509	0	0
G2018008489	57.138	0	0
G2018008499	36.499	0	0
G2018008503	39.876	0	1
G2018008504	20.27	0	0
G2018008505	24.015	0	0
G2018008511	10.482	0	0
G2018008515	1.758	0	0
G2018008520	29.989	0	1
G2018008524	27.92	0	0
G2018008527	7.348	0	0
G2018008537	18.201	0	0
G2018008544	19.392	0	0
G2018008546	13.044	0	0
G2018008549	45.975	0	0
G2018008558	39.737	0	0
G2018008560	54.391	0	0
G2018008562	64.573	0	0
G2018008565	59.38	0	0
G2018008570	38.531	0	0
G2018008576	51.219	0	0
G2018008579	16.947	0	0
G2018008582	33.49	0	0
G2018008594	57.239	0	0
G2018008608	7.817	0	1
G2018008611	10.53	0	0
G2018008623	25.069	0	0
G2018008624	0.334	0	0
G2018008626	32.614	0	0
G2018008629	41.444	0	0
G2018008634	41.519	0	0
G2018008638	45.6	0	0
G2018008639	27.468	0	0
G2018008642	17.75	0	1
G2018008646	44.944	0	0
G2018008655	25.476	0	0
G2018008661	42.399	0	1
G2018008670	45.449	0	0
G2018008673	40.258	0	0
G2018008677	41.105	0	0
G2018008680	45.029	0	1
G2018008681	26.64	0	0
G2018008688	49.794	0	0
G2018008690	27.128	0	1
G2018008698	44.784	0	0
G2018008700	10.356	0	1
G2018008704	39.83	0	0
G2018008716	16.305	0	0
G2018008724	31.328	0	0
G2018008729	39.381	0	1
G2018008730	35.526	0	0
G2018008731	37.29	0	0
G2018008740	10.406	0	0
G2018008744	66.619	0	0
G2018008746	35.125	0	1
G2018008750	34.852	0	0
G2018008752	19.093	0	0
G2018008755	18.758	0	0
G2018008758	50.652	0	0
G2018008762	25.805	0	0
G2018008767	32.715	0	0
G2018008774	51.394	0	0
G2018008785	15.832	0	0
G2018008786	35.726	0	0
G2018008790	4.218	0	1
G2018008795	5.784	0	0
G2018008797	51.879	0	0
G2018008806	40.279	0	0
G2018008807	17.084	0	0
G2018008813	29.559	0	0
G2018008815	35.889	0	0
G2018008816	6.32	0	1
G2018008817	44.846	0	1
G2018008820	59.403	0	0
G2018008823	8.044	0	0
G2018008824	54.728	0	0
G2018008827	30.976	0	0
G2018008831	20.295	0	0
G2018008833	24.935	0	0
G2018008834	24.543	0	0
G2018008849	4.246	0	0
G2018008850	14.204	0	0
G2018008853	31.13	0	0
G2018008859	21.237	0	1
G2018008863	5.418	0	0
G2018008864	23.09	0	0
G2018008867	46.627	0	0
G2018008873	33.572	0	0
G2018008878	25.455	0	0
G2018008882	5.387	0	0
G2018008884	7.282	0	0
G2018008889	54.291	0	0
G2018008899	25.539	0	1
G2018008902	14.511	0	0
G2018008912	19.873	0	0
G2018008918	32.239	0	0
G2018008919	60.268	0	0
G2018008921	20.486	0	0
G2018008923	48.362	0	0
G2018008938	41.225	0	0
G2018008947	26.012	0	0
G2018008950	18.329	0	0
G2018008956	10.565	0	1
G2018008969	32.774	0	1
G2018008973	33.366	0	0
G2018008979	47.296	0	1
G2018008980	11.394	0	1
G2018008984	17.845	0	0
G2018008988	33.024	0	0
G2018009000	2.606	0	0
G2018009009	39.635	0	1
G2018009010	9.65	0	0
G2018009023	18.131	0	1
G2018009040	15.953	0	1
G2018009041	25.454	0	0
G2018009048	57.984	0	0
G2018009058	21.543	0	0
G2018009080	11.412	0	0
G2018009108	15.654	0	0
G2018009110	26.965	0	0
G2018009115	19.635	0	0
G2018009120	53.711	0	0
G2018009123	38.863	0	0
G2018009124	32.587	0	1
G2018009131	33.327	0	0
G2018009134	32.221	0	0
G2018009155	35.38	0	0
G2018009156	21.025	0	1
G2018009160	8.166	0	1
G2018009163	40.228	0	0
G2018009166	17.812	0	0
G2018009167	30.704	0	0
G2018009172	26.311	0	0
G2018009175	33.96	0	0
G2018009181	39.733	0	0
G2018009182	54.379	0	0
G2018009190	29.036	0	0
G2018009192	3.508	0	1
G2018009199	27.169	0	1
G2018009202	42.92	0	0
G2018009212	33.351	0	0
G2018009217	11.814	0	0
G2018009223	8.166	0	1
G2018009227	13.455	0	0
G2018009229	36.738	0	0
G2018009230	19.921	0	0
G2018009243	34.29	0	1
G2018009249	19.407	0	1
G2018009252	3.738	0	0
G2018009268	12.019	0	0
G2018009270	47.738	0	0
G2018009274	10.547	0	0
G2018009277	8.422	0	0
G2018009293	39.286	0	0
G2018009298	33.5	0	0
G2018009302	15.585	0	1
G2018009306	29.933	0	0
G2018009311	44.31	0	0
G2018009315	40.707	0	0
G2018009319	38.567	0	0
G2018009327	27.783	0	1
G2018009331	19.022	0	0
G2018009333	23.647	0	0
G2018009342	26.219	0	0
G2018009345	39.912	0	0
G2018009353	37.104	0	0
G2018009358	71.868	0	0
G2018009362	10.967	0	0
G2018009365	39.632	0	0
G2018009380	24.896	0	1
G2018009381	7.211	0	0
G2018009389	25.829	0	0
G2018009395	12.445	0	1
G2018009399	32.443	0	1
G2018009400	20.553	0	0
G2018009402	61.793	0	0
G2018009403	52.727	0	0
G2018009407	22.571	0	0
G2018009413	47.655	0	1
G2018009422	39.034	0	0
G2018009424	20.671	0	0
G2018009434	51.927	0	0
G2018009444	48.166	0	0
G2018009453	54.1	0	0
G2018009457	9.984	0	0
G2018009471	31.167	0	1
G2018009473	26.264	0	0
G2018009474	51.277	0	0
G2018009475	20.82	0	0
G2018009477	74.331	0	0
G2018009483	6.091	0	0
G2018009486	29.002	0	0
G2018009490	33.375	0	0
G2018009497	38.575	0	0
G2018009499	61.281	0	0
G2018009504	33.174	0	0
G2018009511	23.09	0	0
G2018009516	20.224	0	0
G2018009520	30.243	0	0
G2018009532	4.944	0	0
G2018009540	34.064	0	0
G2018009542	31.328	0	0
G2018009546	25.802	0	0
G2018009551	0.737	0	0
G2018009565	7.726	0	0
G2018009568	16.735	0	0
G2018009573	16.486	0	1
G2018009574	1.158	0	0
G2018009575	23.162	0	0
G2018009582	48.631	0	0
G2018009585	40.796	0	1
G2018009587	6.162	0	0
G2018009615	36.889	0	0
G2018009616	50.862	0	0
G2018009622	37.702	0	0
G2018009626	29.163	0	0
G2018009633	72.136	0	1
G2018009648	16.622	0	0
G2018009650	33.561	0	1
G2018009652	19.835	0	0
G2018009656	3.944	0	0
G2018009657	35.185	0	0
G2018009659	32.751	0	0
G2018009664	11.983	0	0
G2018009665	10.623	0	0
G2018009666	21.436	0	0
G2018009673	31.782	0	0
G2018009687	10.282	0	1
G2018009688	44.563	0	0
G2018009700	22.768	0	0
G2018009704	30.145	0	0
G2018009712	40.627	0	0
G2018009720	19.748	0	1
G2018009731	30.86	0	0
G2018009732	38.397	0	0
G2018009739	21.395	0	0
G2018009741	10.123	0	1
G2018009742	5.865	0	0
G2018009744	34.014	0	0
G2018009756	37.353	0	0
G2018009762	17.728	0	0
G2018009772	28.825	0	0
G2018009776	22.82	0	0
G2018009778	1.197	0	0
G2018009786	10.675	0	0
G2018009788	51.033	0	1
G2018009794	15.689	0	1
G2018009798	24.494	0	1
G2018009805	9.06	0	1
G2018009818	51.778	0	0
G2018009819	6.076	0	1
G2018009827	2.077	0	0
G2018009836	49.643	0	1
G2018009840	16.623	0	0
G2018009842	7.904	0	1
G2018009844	11.448	0	0
G2018009848	16.202	0	0
G2018009850	12.398	0	1
G2018009858	19.94	0	0
G2018009864	20.819	0	0
G2018009868	7.794	0	1
G2018009873	36.562	0	0
G2018009881	22.082	0	0
G2018009884	67.494	0	0
G2018009889	30.873	0	0
G2018009891	25.545	0	0
G2018009893	39.145	0	0
G2018009899	24.97	0	0
G2018009909	12.134	0	0
G2018009911	23.342	0	0
G2018009912	38.77	0	0
G2018009916	24.713	0	0
G2018009917	9.758	0	1
G2018009919	39.112	0	0
G2018009936	16.411	0	0
G2018009951	19.4	0	0
G2018009953	21.011	0	0
G2018009960	24.931	0	0
G2018009967	12.488	0	0
G2018009971	27.151	0	0
G2018009975	40.376	0	1
G2018009977	39.247	0	0
G2018009980	36.844	0	0
G2018009984	43.115	0	0
G2018009986	29.653	0	0
G2018009992	1.824	0	1
G2018009994	26.924	0	0
G2018009996	24.41	0	0
G2018010007	24.205	0	1
G2018010010	45.027	0	1
G2018010013	14.45	0	0
G2018010023	25.986	0	1
G2018010024	23.602	0	0
G2018010047	40.912	0	1
G2018010054	5.821	0	1
G2018010055	38.22	0	0
G2018010056	26.437	0	0
G2018010066	6.652	0	1
G2018010067	25.455	0	1
G2018010070	4.63	0	0
G2018010071	18.536	0	0
G2018010077	13.881	0	0
G2018010078	49.994	0	0
G2018010087	22.547	0	0
G2018010091	68.432	0	0
G2018010094	19.353	0	0
G2018010095	13.69	0	1
G2018010106	26.844	0	1
G2018010107	18.529	0	1
G2018010113	9.07	0	0
G2018010114	27.646	0	0
G2018010115	4.853	0	0
G2018010119	29.664	0	1
G2018010132	36.577	0	0
G2018010135	19.223	0	0
G2018010137	26.392	0	1
G2018010144	18.727	0	0
G2018010146	37.762	0	0
G2018010151	32.395	0	0
G2018010152	27.294	0	0
G2018010168	25.431	0	0
G2018010170	18.539	0	0
G2018010171	28.54	0	0
G2018010175	29.903	0	1
G2018010177	23.877	0	0
G2018010179	11.003	0	0
G2018010186	65.339	0	0
G2018010193	1.836	0	0
G2018010195	7.432	0	0
G2018010200	18.522	0	0
G2018010206	19.928	0	0
G2018010207	29.749	0	1
G2018010208	11.805	0	0
G2018010224	10.223	0	0
G2018010225	17.341	0	1
G2018010229	45.277	0	0
G2018010234	56.299	0	1
G2018010246	34.161	0	0
G2018010248	32.919	0	0
G2018010268	23.894	0	0
G2018010282	4.019	0	1
G2018010288	39.562	0	0
G2018010292	43.567	0	1
G2018010303	32.645	0	0
G2018010306	28.885	0	0
G2018010319	19.445	0	1
G2018010320	19.685	0	1
G2018010327	4.073	0	1
G2018010330	46.481	0	0
G2018010333	31.622	0	0
G2018010340	25.355	0	1
G2018010343	28.227	0	0
G2018010346	6.556	0	1
G2018010350	8.12	0	0
G2018010355	31.115	0	0
G2018010356	3.31	0	1
G2018010367	28.728	0	0
G2018010370	23.599	0	0
G2018010374	52.819	0	1
G2018010375	16.812	0	0
G2018010376	43.676	0	0
G2018010380	20.245	0	0
G2018010387	62.584	0	0
G2018010389	37.958	0	0
G2018010390	37.149	0	0
G2018010391	43.191	0	0
G2018010397	61.115	0	0
G2018010402	20.222	0	0
G2018010403	35.441	0	0
G2018010410	35.651	0	1
G2018010411	13.399	0	0
G2018010413	31.319	0	0
G2018010421	18.887	0	0
G2018010437	29.071	0	0
G2018010445	47.879	0	1
G2018010448	36.496	0	0
G2018010449	21.341	0	0
G2018010455	41.379	0	0
G2018010457	9.429	0	0
G2018010459	26.391	0	1
G2018010469	27.285	0	0
G2018010472	7.983	0	0
G2018010482	26.279	0	0
G2018010495	54.595	0	0
G2018010498	49.046	0	0
G2018010502	53.026	0	0
G2018010505	37.57	0	0
G2018010507	42.775	0	0
G2018010516	31.131	0	1
G2018010527	49.032	0	0
G2018010528	24.236	0	0
G2018010532	57.393	0	1
G2018010534	26.379	0	1
G2018010539	3.053	0	0
G2018010540	17.859	0	1
G2018010542	18.395	0	0
G2018010543	65.429	0	0
G2018010545	5.401	0	0
G2018010548	37.342	0	0
G2018010549	30.036	0	0
G2018010550	29.295	0	0
G2018010557	48.36	0	0
G2018010564	34.048	0	0
G2018010570	17.111	0	0
G2018010573	16.024	0	0
G2018010583	70.521	0	0
G2018010590	34.427	0	0
G2018010591	9.92	0	1
G2018010594	17.809	0	0
G2018010598	18.86	0	1
G2018010600	18.303	0	0
G2018010602	34.618	0	1
G2018010608	42.891	0	0
G2018010609	47.113	0	0
G2018010610	18.092	0	0
G2018010613	29.095	0	0
G2018010615	28.043	0	0
G2018010617	24.491	0	0
G2018010624	44.055	0	0
G2018010628	18.686	0	0
G2018010636	34.11	0	0
G2018010638	17.546	0	1
G2018010648	7.572	0	0
G2018010676	24.792	0	1
G2018010677	23.822	0	0
G2018010694	23.899	0	0
G2018010695	37.619	0	0
G2018010707	42.198	0	0
G2018010708	22.617	0	0
G2018010719	17.78	0	0
G2018010720	8.239	0	0
G2018010724	37.116	0	1
G2018010732	26.243	0	0
G2018010745	61.024	0	0
G2018010761	49.194	0	0
G2018010765	32.631	0	0
G2018010767	27.341	0	0
G2018010771	31.266	0	0
G2018010776	32.935	0	0
G2018010778	51.75	0	0
G2018010779	24.643	0	0
G2018010785	35.449	0	0
G2018010796	19.383	0	1
G2018010799	17.762	0	0
G2018010809	28.484	0	0
G2018010811	48.693	0	0
G2018010815	50.512	0	0
G2018010821	40.135	0	1
G2018010822	21.388	0	0
G2018010824	27.355	0	0
G2018010827	11.88	0	0
G2018010837	10.624	0	0
G2018010838	33.951	0	0
G2018010849	27.866	0	0
G2018010850	33.719	0	0
G2018010855	28.963	0	0
G2018010856	41.121	0	0
G2018010865	6.715	0	0
G2018010866	29.376	0	0
G2018010870	36.142	0	1
G2018010871	31.963	0	0
G2018010872	13.482	0	0
G2018010875	9.148	0	0
G2018010880	40.372	0	0
G2018010881	10.087	0	0
G2018010885	8.999	0	1
G2018010892	40.389	0	0
G2018010896	17.049	0	0
G2018010906	39.926	0	1
G2018010908	42.336	0	0
G2018010914	47.136	0	1
G2018010926	25.987	0	0
G2018010929	23.452	0	0
G2018010930	38.631	0	0
G2018010940	17.059	0	0
G2018010942	40.109	0	0
G2018010945	9.663	0	0
G2018010947	34.942	0	0
G2018010948	45.38	0	0
G2018010949	7.914	0	0
G2018010951	23.538	0	0
G2018010953	19.548	0	0
G2018010954	16.784	0	0
G2018010957	31.924	0	1
G2018010965	59.944	0	0
G2018010970	25.869	0	0
G2018010975	21.659	0	0
G2018010978	52.198	0	1
G2018010982	26.398	0	1
G2018010985	17.574	0	0
G2018010988	23.845	0	0
G2018010989	24.428	0	0
G2018010993	28.181	0	1
G2018010994	21.309	0	0
G2018011010	76.812	1	1
G2018011015	20.936	0	1
G2018011018	18.547	0	0
G2018011021	23.151	0	0
G2018011024	20.91	0	0
G2018011039	42.283	0	0
G2018011042	9.106	0	0
G2018011043	17.1	0	0
G2018011047	45.627	0	0
G2018011048	14.58	0	0
G2018011065	19.871	0	0
G2018011067	19.861	0	0
G2018011071	20.339	0	0
G2018011073	54.908	0	0
G2018011074	38.062	0	0
G2018011079	24.586	0	0
G2018011081	17.661	0	1
G2018011083	11.878	0	0
G2018011085	7.162	0	1
G2018011092	9.172	0	0
G2018011095	24.646	0	0
G2018011099	52.084	0	0
G2018011100	44.324	0	0
G2018011104	57.032	0	0
G2018011107	21.338	0	0
G2018011108	23.923	0	0
G2018011112	21.091	0	0
G2018011118	48.599	0	0
G2018011121	25.758	0	0
G2018011124	12.537	0	0
G2018011134	30.189	0	0
G2018011136	43.812	0	0
G2018011143	45.013	0	0
G2018011157	19.625	0	1
G2018011159	26.306	0	0
G2018011160	4.214	0	0
G2018011162	16.72	0	0
G2018011195	44.621	0	0
G2018011200	26.149	0	0
G2018011202	12.271	0	0
G2018011210	55.234	0	0
G2018011217	31.599	0	0
G2018011222	24.202	0	0
G2018011225	29.853	0	0
G2018011231	8.448	0	0
G2018011232	12.822	0	0
G2018011234	67.938	0	1
G2018011235	2.226	0	0
G2018011238	44.936	0	0
G2018011239	9.122	0	0
G2018011244	63.744	0	0
G2018011255	8.766	0	0
G2018011265	56.935	0	1
G2018011271	49.123	0	1
G2018011273	12.977	0	0
G2018011275	17.914	0	1
G2018011276	32.217	0	0
G2018011288	42.319	0	1
G2018011289	20.977	0	1
G2018011300	23.468	0	0
G2018011303	20.706	0	1
G2018011306	66.531	0	0
G2018011308	39.45	0	0
G2018011309	13.5	0	1
G2018011312	46.184	0	0
G2018011319	10.81	0	0
G2018011321	41.56	0	0
G2018011327	20.796	0	0
G2018011333	54.549	0	0
G2018011334	26.841	0	0
G2018011336	15.346	0	1
G2018011338	28.107	0	0
G2018011339	6.589	0	0
G2018011348	16.792	0	0
G2018011351	10.786	0	0
G2018011354	51.69	0	0
G2018011361	10.619	0	1
G2018011365	11.33	0	1
G2018011368	16.647	0	1
G2018011369	17.644	0	1
G2018011370	26.976	0	0
G2018011371	7.024	0	0
G2018011374	55.052	0	0
G2018011377	32.267	0	0
G2018011381	20.155	0	0
G2018011386	41.944	0	0
G2018011391	20.514	0	0
G2018011392	29.884	0	0
G2018011399	34.192	0	0
G2018011403	24.973	0	0
G2018011408	49.263	0	0
G2018011412	37.493	0	0
G2018011414	72.519	0	0
G2018011417	11.657	0	0
G2018011420	32.325	0	1
G2018011422	10.235	0	1
G2018011423	37.262	0	1
G2018011424	27.26	0	0
G2018011432	26.019	0	1
G2018011433	10.995	0	0
G2018011435	20.024	0	0
G2018011437	24.086	0	0
G2018011440	19.615	0	1
G2018011441	40.718	0	0
G2018011442	40.432	0	1
G2018011448	32.98	0	0
G2018011450	71.393	0	0
G2018011460	13.416	0	0
G2018011462	29.383	0	0
G2018011469	15.591	0	0
G2018011474	24.703	0	0
G2018011485	30.826	0	0
G2018011487	18.01	0	0
G2018011492	33.208	0	1
G2018011514	40.585	0	0
G2018011516	20.488	0	1
G2018011521	42.069	0	0
G2018011523	29.033	0	0
G2018011526	45.208	0	0
G2018011527	18.015	0	0
G2018011534	33.933	0	0
G2018011546	18.792	0	0
G2018011554	14.905	0	0
G2018011566	36.367	0	0
G2018011574	10.347	0	0
G2018011575	23.065	0	1
G2018011576	31.79	0	0
G2018011578	39.249	0	0
G2018011579	35.065	0	1
G2018011582	12.257	0	0
G2018011589	42.478	0	0
G2018011591	27.601	0	0
G2018011596	10.393	0	0
G2018011599	24.884	0	0
G2018011601	10.487	0	0
G2018011602	30.429	0	0
G2018011610	16.117	0	1
G2018011611	17.466	0	0
G2018011612	52.774	0	1
G2018011613	15.036	0	0
G2018011617	0.653	0	0
G2018011618	58.915	0	0
G2018011620	23.865	0	0
G2018011633	7.079	0	0
G2018011637	50.991	0	0
G2018011642	23.572	0	0
G2018011645	19.593	0	0
G2018011653	45.157	0	0
G2018011656	28.95	0	1
G2018011657	28.717	0	0
G2018011668	43.78	0	1
G2018011672	19.324	0	0
G2018011676	53.63	0	0
G2018011678	35.736	0	0
G2018011683	33.693	0	1
G2018011688	60.193	0	0
G2018011693	21.495	0	0
G2018011707	7.889	0	0
G2018011710	20.146	0	0
G2018011718	38.235	0	0
G2018011719	44.534	0	0
G2018011727	8.999	0	1
G2018011733	43.38	0	1
G2018011735	21.531	0	0
G2018011745	39.468	0	1
G2018011746	16.697	0	0
G2018011754	31.467	0	0
G2018011756	43.625	0	0
G2018011761	45.29	0	0
G2018011763	4.856	0	0
G2018011767	20.992	0	0
G2018011772	50.149	0	1
G2018011774	31.594	0	0
G2018011778	2.553	0	1
G2018011782	7.373	0	1
G2018011784	29.023	0	1
G2018011786	28.54	0	0
G2018011790	35.073	0	0
G2018011793	11.6	0	0
G2018011794	9.473	0	1
G2018011795	44.393	0	0
G2018011797	45.655	0	0
G2018011798	18.771	0	0
G2018011801	20.299	0	1
G2018011802	59.317	0	1
G2018011816	36.161	0	0
G2018011819	14.776	0	0
G2018011831	14.674	0	0
G2018011834	15.273	0	1
G2018011837	1.771	0	0
G2018011842	19.873	0	0
G2018011848	13.714	0	0
G2018011853	19.023	0	1
G2018011862	38.851	0	0
G2018011879	45.151	0	0
G2018011882	57.037	0	1
G2018011892	31.016	0	0
G2018011897	30.164	0	1
G2018011901	13.285	0	1
G2018011905	36.164	0	0
G2018011910	27.996	0	0
G2018011914	17.335	0	0
G2018011918	31.776	0	0
G2018011921	32.701	0	0
G2018011927	33.366	0	0
G2018011930	37.618	0	1
G2018011935	58.816	0	1
G2018011936	61.052	0	1
G2018011937	2.133	0	0
G2018011939	28.901	0	0
G2018011947	32.012	0	0
G2018011950	9.719	0	0
G2018011951	27.797	0	0
G2018011960	6.463	0	0
G2018011972	17.993	0	1
G2018011974	27.937	0	0
G2018011979	26.248	0	1
G2018011985	19.116	0	0
G2018011987	17.445	0	0
G2018011988	36.837	0	0
G2018011991	22.305	0	1
G2018012002	30.123	0	1
G2018012003	33.618	0	0
G2018012004	18.351	0	0
G2018012027	21.928	0	0
G2018012028	19.091	0	0
G2018012039	18.999	0	0
G2018012044	10.497	0	0
G2018012045	54.557	0	1
G2018012051	13.343	0	0
G2018012053	43.097	0	1
G2018012057	43.186	0	0
G2018012060	67.139	0	1
G2018012063	37.624	0	0
G2018012068	24.342	0	0
G2018012069	10.191	0	1
G2018012076	5.258	0	0
G2018012082	36.614	0	0
G2018012084	11.96	0	1
G2018012085	19.306	0	1
G2018012088	26.288	0	0
G2018012090	36.314	0	1
G2018012093	24.217	0	0
G2018012094	21.074	0	0
G2018012097	42.706	0	0
G2018012103	32.539	0	0
G2018012111	24.02	0	0
G2018012131	33.987	0	0
G2018012132	11.456	0	0
G2018012133	13.982	0	1
G2018012139	11.787	0	0
G2018012141	9.966	0	0
G2018012149	28.342	0	0
G2018012151	31.589	0	0
G2018012165	25.356	0	1
G2018012171	48.233	0	0
G2018012174	9.492	0	0
G2018012179	33.831	0	0
G2018012186	63.854	0	0
G2018012189	6.718	0	0
G2018012193	25.766	0	0
G2018012207	15.98	0	0
G2018012213	28.391	0	0
G2018012215	60.033	0	0
G2018012219	26.823	0	1
G2018012222	34.906	0	1
G2018012224	16.926	0	0
G2018012229	24.92	0	1
G2018012231	23.806	0	0
G2018012237	62.003	0	0
G2018012238	12.066	0	1
G2018012240	26.788	0	1
G2018012246	12.241	0	1
G2018012251	26.546	0	1
G2018012252	34.042	0	0
G2018012256	18.758	0	0
G2018012260	16.822	0	1
G2018012263	46.493	0	0
G2018012267	16.043	0	0
G2018012292	6.761	0	1
G2018012299	35.741	0	1
G2018012305	33.536	0	0
G2018012307	41.08	0	0
G2018012308	12.84	0	0
G2018012314	33.283	0	1
G2018012317	49.929	0	0
G2018012319	30.801	0	0
G2018012322	35.93	0	0
G2018012329	45.439	0	1
G2018012330	11.637	0	0
G2018012342	78.948	1	0
G2018012344	26.287	0	0
G2018012347	43.103	0	0
G2018012348	39.627	0	0
G2018012353	51.075	0	0
G2018012355	49.584	0	0
G2018012361	31.541	0	0
G2018012366	27.76	0	0
G2018012370	38.201	0	0
G2018012371	22.516	0	0
G2018012377	56.027	0	0
G2018012381	7.702	0	0
G2018012387	43.834	0	0
G2018012388	37.14	0	0
G2018012399	75.814	1	1
G2018012417	27.01	0	0
G2018012419	41.786	0	0
G2018012422	32.993	0	0
G2018012425	28.014	0	1
G2018012435	8.395	0	0
G2018012437	9.864	0	0
G2018012443	32.741	0	0
G2018012444	10.745	0	0
G2018012451	6.748	0	0
G2018012452	26.491	0	0
G2018012459	28.452	0	1
G2018012462	20.809	0	1
G2018012469	59.179	0	0
G2018012475	28.384	0	0
G2018012478	18.043	0	0
G2018012480	12.83	0	1
G2018012487	24.732	0	0
G2018012490	45.657	0	0
G2018012492	21.234	0	0
G2018012496	45.203	0	0
G2018012503	47.55	0	1
G2018012504	48.179	0	0
G2018012511	23.81	0	0
G2018012512	19.995	0	1
G2018012513	46.419	0	1
G2018012515	46.269	0	0
G2018012516	33.804	0	0
G2018012518	19.806	0	0
G2018012520	36.513	0	0
G2018012527	36.819	0	0
G2018012537	37.746	0	0
G2018012539	90.927	1	1
G2018012540	23.585	0	0
G2018012550	9.692	0	0
G2018012551	55.946	0	0
G2018012555	2.09	0	0
G2018012561	7.735	0	0
G2018012564	12.446	0	1
G2018012565	20.133	0	1
G2018012566	2.069	0	1
G2018012570	21.339	0	0
G2018012576	37.843	0	0
G2018012585	49.769	0	0
G2018012588	32.873	0	0
G2018012592	25.634	0	1
G2018012615	32.167	0	0
G2018012623	58.811	0	1
G2018012632	4.635	0	0
G2018012636	75.741	1	0
G2018012637	33.188	0	0
G2018012638	32.025	0	0
G2018012639	23.591	0	1
G2018012645	48.475	0	1
G2018012650	35.36	0	0
G2018012653	16.896	0	0
G2018012654	15.645	0	0
G2018012655	47.739	0	0
G2018012656	46.827	0	1
G2018012657	26.85	0	1
G2018012669	16.889	0	1
G2018012672	28.322	0	0
G2018012678	48.569	0	0
G2018012682	19.514	0	0
G2018012702	18.091	0	0
G2018012704	29.802	0	0
G2018012712	26.941	0	0
G2018012733	40.602	0	1
G2018012735	11.732	0	0
G2018012738	48.924	0	0
G2018012744	22.828	0	0
G2018012755	12.711	0	0
G2018012759	26.829	0	0
G2018012762	3.588	0	0
G2018012764	13.107	0	1
G2018012778	1.646	0	0
G2018012780	31.155	0	0
G2018012782	35.957	0	0
G2018012791	14.869	0	0
G2018012797	37.216	0	0
G2018012807	32.88	0	1
G2018012810	27.752	0	0
G2018012815	69.965	0	0
G2018012817	37.586	0	0
G2018012827	13.477	0	0
G2018012829	23.183	0	0
G2018012837	17.112	0	0
G2018012842	30.967	0	0
G2018012845	10.211	0	0
G2018012851	14.384	0	1
G2018012867	31.368	0	1
G2018012872	24.406	0	1
G2018012874	43.318	0	1
G2018012881	21.08	0	0
G2018012894	52.732	0	0
G2018012901	14.575	0	0
G2018012902	19.363	0	0
G2018012906	42.631	0	0
G2018012915	14.713	0	1
G2018012917	29.0	0	0
G2018012918	23.951	0	0
G2018012920	23.348	0	0
G2018012927	19.5	0	0
G2018012931	5.166	0	0
G2018012932	32.666	0	0
G2018012934	49.079	0	1
G2018012936	35.594	0	0
G2018012939	16.62	0	1
G2018012957	31.315	0	0
G2018012962	32.024	0	0
G2018012970	36.989	0	1
G2018012971	23.273	0	0
G2018012974	48.865	0	0
G2018012983	41.084	0	0
G2018012985	16.469	0	0
G2018012994	35.645	0	0
G2018012999	62.194	0	0
G2018013004	12.076	0	1
G2018013005	13.398	0	0
G2018013009	17.389	0	0
G2018013014	19.629	0	1
G2018013023	39.247	0	0
G2018013029	24.024	0	0
G2018013034	13.21	0	0
G2018013035	24.693	0	0
G2018013047	30.274	0	1
G2018013049	27.789	0	0
G2018013050	35.589	0	0
G2018013055	40.14	0	0
G2018013058	13.394	0	0
G2018013062	63.32	0	1
G2018013067	20.136	0	0
G2018013077	15.528	0	0
G2018013085	33.975	0	0
G2018013090	27.707	0	0
G2018013091	41.614	0	0
G2018013094	34.489	0	0
G2018013103	45.706	0	0
G2018013105	16.723	0	1
G2018013113	48.651	0	1
G2018013118	3.188	0	0
G2018013119	31.947	0	1
G2018013120	30.631	0	1
G2018013129	27.625	0	0
G2018013133	9.437	0	0
G2018013134	16.968	0	0
G2018013136	36.998	0	1
G2018013139	23.256	0	0
G2018013147	22.115	0	1
G2018013160	8.997	0	0
G2018013161	48.395	0	0
G2018013162	50.321	0	1
G2018013163	25.982	0	0
G2018013165	25.817	0	1
G2018013166	31.002	0	0
G2018013168	21.28	0	0
G2018013172	39.683	0	0
G2018013175	26.248	0	0
G2018013183	20.467	0	0
G2018013191	54.518	0	0
G2018013194	15.08	0	0
G2018013197	23.022	0	1
G2018013205	7.943	0	0
G2018013206	12.325	0	0
G2018013210	21.764	0	1
G2018013211	29.484	0	0
G2018013219	36.524	0	0
G2018013223	46.944	0	0
G2018013225	44.339	0	0
G2018013235	21.894	0	1
G2018013237	25.266	0	0
G2018013253	19.905	0	0
G2018013255	20.484	0	0
G2018013262	33.661	0	0
G2018013263	66.801	0	0
G2018013264	5.739	0	0
G2018013266	45.619	0	1
G2018013269	11.788	0	0
G2018013274	59.307	0	0
G2018013277	65.052	0	0
G2018013278	15.099	0	1
G2018013285	65.684	0	0
G2018013286	17.645	0	0
G2018013288	45.653	0	0
G2018013293	42.21	0	0
G2018013295	13.023	0	0
G2018013297	13.606	0	0
G2018013300	13.216	0	0
G2018013305	52.827	0	0
G2018013306	58.215	0	0
G2018013309	16.773	0	0
G2018013321	59.243	0	0
G2018013325	24.642	0	0
G2018013328	46.029	0	0
G2018013339	32.778	0	0
G2018013342	23.423	0	0
G2018013347	45.294	0	1
G2018013351	15.31	0	0
G2018013356	23.61	0	0
G2018013357	39.536	0	0
G2018013360	20.649	0	1
G2018013364	30.46	0	0
G2018013371	32.012	0	0
G2018013380	32.953	0	0
G2018013388	24.378	0	0
G2018013392	3.192	0	0
G2018013395	51.803	0	0
G2018013398	10.999	0	0
G2018013400	26.018	0	1
G2018013401	33.14	0	1
G2018013404	37.873	0	0
G2018013407	9.94	0	0
G2018013412	26.46	0	1
G2018013419	9.478	0	0
G2018013427	52.938	0	0
G2018013429	47.372	0	0
G2018013432	9.792	0	0
G2018013436	12.894	0	1
G2018013438	18.914	0	0
G2018013446	55.948	0	0
G2018013452	34.664	0	0
G2018013455	39.675	0	0
G2018013460	18.011	0	0
G2018013461	28.5	0	0
G2018013470	11.544	0	0
G2018013473	12.136	0	1
G2018013475	41.875	0	0
G2018013476	51.472	0	0
G2018013481	29.64	0	0
G2018013486	39.463	0	0
G2018013488	14.571	0	0
G2018013490	38.219	0	1
G2018013497	4.062	0	0
G2018013498	58.244	0	0
G2018013501	41.072	0	0
G2018013511	19.646	0	0
G2018013516	29.106	0	0
G2018013519	20.117	0	0
G2018013532	61.251	0	0
G2018013534	37.683	0	0
G2018013537	32.915	0	1
G2018013538	20.553	0	0
G2018013539	8.04	0	1
G2018013541	35.477	0	1
G2018013549	46.292	0	0
G2018013559	25.486	0	0
G2018013566	26.439	0	0
G2018013574	29.074	0	1
G2018013591	35.989	0	0
G2018013592	23.581	0	0
G2018013593	14.913	0	1
G2018013600	2.922	0	1
G2018013606	12.389	0	0
G2018013612	39.286	0	0
G2018013615	15.021	0	0
G2018013616	49.117	0	0
G2018013618	60.587	0	0
G2018013620	17.026	0	0
G2018013621	40.048	0	0
G2018013624	52.783	0	0
G2018013626	16.55	0	0
G2018013633	32.339	0	1
G2018013634	27.034	0	0
G2018013635	34.938	0	0
G2018013636	62.929	0	1
G2018013637	14.104	0	0
G2018013640	10.06	0	1
G2018013642	11.04	0	1
G2018013644	45.297	0	0
G2018013645	10.221	0	0
G2018013647	12.18	0	0
G2018013649	18.779	0	0
G2018013652	33.757	0	0
G2018013654	34.939	0	1
G2018013656	33.118	0	0
G2018013675	18.02	0	0
G2018013689	24.129	0	0
G2018013691	59.148	0	0
G2018013693	17.333	0	1
G2018013700	12.61	0	0
G2018013703	35.269	0	0
G2018013705	53.524	0	1
G2018013708	19.225	0	0
G2018013710	33.461	0	1
G2018013720	19.349	0	0
G2018013721	51.789	0	0
G2018013722	5.477	0	1
G2018013724	27.175	0	0
G2018013727	37.647	0	0
G2018013731	22.112	0	0
G2018013742	25.18	0	0
G2018013743	6.795	0	1
G2018013751	12.242	0	1
G2018013755	10.826	0	0
G2018013762	21.744	0	1
G2018013763	14.585	0	0
G2018013776	34.531	0	0
G2018013778	32.958	0	0
G2018013780	19.849	0	0
G2018013793	45.745	0	0
G2018013796	60.563	0	0
G2018013797	32.383	0	1
G2018013798	54.043	0	0
G2018013804	13.52	0	0
G2018013808	80.65	1	1
G2018013811	40.851	0	1
G2018013816	48.532	0	0
G2018013818	52.153	0	0
G2018013824	31.022	0	0
G2018013835	31.514	0	0
G2018013847	21.196	0	0
G2018013849	31.239	0	0
G2018013852	45.743	0	1
G2018013855	35.083	0	0
G2018013856	29.91	0	0
G2018013867	14.116	0	1
G2018013869	22.402	0	0
G2018013872	27.041	0	1
G2018013878	21.027	0	1
G2018013880	12.386	0	0
G2018013892	37.975	0	0
G2018013896	69.682	0	1
G2018013899	28.614	0	1
G2018013902	26.827	0	0
G2018013911	23.915	0	0
G2018013917	13.917	0	0
G2018013925	29.958	0	1
G2018013936	65.766	0	0
G2018013938	1.964	0	0
G2018013941	15.155	0	0
G2018013951	32.537	0	0
G2018013954	37.5	0	1
G2018013966	27.753	0	0
G2018013981	46.911	0	1
G2018013992	22.823	0	1
G2018014001	41.701	0	0
G2018014004	10.452	0	0
G2018014008	40.361	0	1
G2018014016	58.542	0	0
G2018014017	71.976	0	0
G2018014021	16.325	0	0
G2018014023	35.365	0	0
G2018014025	57.76	0	0
G2018014045	47.641	0	0
G2018014051	8.29	0	0
G2018014053	15.315	0	0
G2018014061	46.086	0	0
G2018014062	21.515	0	1
G2018014070	8.937	0	0
G2018014075	42.303	0	0
G2018014083	30.755	0	0
G2018014085	37.796	0	0
G2018014088	57.407	0	0
G2018014091	33.92	0	0
G2018014098	65.845	0	0
G2018014101	28.368	0	0
G2018014103	20.608	0	0
G2018014107	50.418	0	0
G2018014113	15.961	0	0
G2018014116	6.113	0	0
G2018014121	41.627	0	0
G2018014125	11.677	0	0
G2018014126	35.467	0	0
G2018014131	28.863	0	0
G2018014136	9.082	0	0
G2018014141	3.934	0	0
G2018014147	43.258	0	1
G2018014148	4.561	0	1
G2018014153	45.76	0	0
G2018014181	25.592	0	0
G2018014182	22.287	0	0
G2018014183	12.608	0	0
G2018014184	14.877	0	0
G2018014188	62.32	0	0
G2018014191	47.734	0	0
G2018014196	59.449	0	0
G2018014209	18.176	0	0
G2018014210	50.656	0	1
G2018014212	24.356	0	0
G2018014217	53.908	0	1
G2018014239	17.007	0	1
G2018014244	0.662	0	0
G2018014246	24.584	0	0
G2018014260	9.006	0	0
G2018014261	25.792	0	0
G2018014274	10.742	0	0
G2018014276	15.002	0	1
G2018014278	45.512	0	0
G2018014281	24.245	0	1
G2018014291	31.017	0	0
G2018014296	39.613	0	0
G2018014313	44.856	0	0
G2018014323	7.892	0	0
G2018014327	9.507	0	0
G2018014339	7.216	0	0
G2018014340	40.831	0	0
G2018014349	49.843	0	0
G2018014355	62.879	0	0
G2018014362	52.628	0	0
G2018014364	24.088	0	0
G2018014365	47.743	0	0
G2018014368	19.149	0	0
G2018014370	49.436	0	0
G2018014380	32.769	0	0
G2018014388	27.864	0	0
G2018014394	18.333	0	1
G2018014410	14.362	0	0
G2018014421	84.181	1	0
G2018014422	50.28	0	0
G2018014425	37.187	0	0
G2018014428	28.83	0	0
G2018014431	57.808	0	0
G2018014432	10.514	0	0
G2018014445	36.292	0	0
G2018014447	35.203	0	0
G2018014453	15.136	0	0
G2018014461	40.105	0	0
G2018014466	74.509	0	0
G2018014471	28.675	0	1
G2018014479	58.388	0	1
G2018014482	8.869	0	0
G2018014486	35.77	0	0
G2018014489	10.592	0	0
G2018014496	24.998	0	0
G2018014508	13.058	0	0
G2018014520	22.152	0	0
G2018014522	19.892	0	0
G2018014527	19.805	0	1
G2018014529	21.59	0	0
G2018014545	41.077	0	1
G2018014549	39.391	0	0
G2018014550	4.794	0	1
G2018014553	14.303	0	0
G2018014566	10.866	0	0
G2018014575	6.545	0	0
G2018014576	28.676	0	0
G2018014579	35.922	0	1
G2018014585	20.704	0	0
G2018014587	42.849	0	0
G2018014589	25.263	0	0
G2018014596	19.735	0	0
G2018014599	70.501	0	1
G2018014607	40.614	0	1
G2018014616	60.632	0	0
G2018014629	29.897	0	0
G2018014631	4.96	0	0
G2018014634	20.649	0	0
G2018014635	31.916	0	1
G2018014639	42.386	0	0
G2018014650	13.473	0	0
G2018014655	1.283	0	0
G2018014657	42.013	0	1
G2018014672	34.033	0	0
G2018014679	7.572	0	1
G2018014681	36.898	0	0
G2018014687	3.002	0	0
G2018014696	46.64	0	0
G2018014697	5.385	0	0
G2018014706	39.666	0	0
G2018014715	37.719	0	0
G2018014719	28.951	0	1
G2018014722	26.991	0	1
G2018014731	33.721	0	0
G2018014734	23.193	0	0
G2018014736	17.753	0	0
G2018014743	21.533	0	1
G2018014747	41.427	0	0
G2018014749	46.917	0	1
G2018014760	30.546	0	1
G2018014763	17.514	0	0
G2018014767	32.652	0	1
G2018014770	24.097	0	0
G2018014775	21.342	0	0
G2018014776	21.471	0	0
G2018014779	25.374	0	0
G2018014780	20.661	0	0
G2018014788	21.089	0	0
G2018014789	9.6	0	0
G2018014793	47.088	0	0
G2018014800	39.989	0	0
G2018014807	30.582	0	0
G2018014814	18.767	0	0
G2018014827	50.323	0	0
G2018014835	32.009	0	0
G2018014838	31.343	0	0
G2018014860	37.491	0	0
G2018014862	26.262	0	0
G2018014870	29.038	0	1
G2018014872	63.778	0	0
G2018014873	15.189	0	0
G2018014879	25.458	0	0
G2018014882	25.276	0	0
G2018014883	5.496	0	0
G2018014884	6.751	0	0
G2018014890	34.477	0	1
G2018014892	23.089	0	1
G2018014909	11.076	0	0
G2018014911	45.591	0	0
G2018014913	26.923	0	0
G2018014917	20.096	0	0
G2018014921	14.111	0	0
G2018014932	16.407	0	1
G2018014938	37.144	0	0
G2018014939	38.339	0	1
G2018014940	53.111	0	1
G2018014949	39.739	0	1
G2018014951	20.817	0	0
G2018014954	55.246	0	0
G2018014955	18.338	0	0
G2018014957	7.274	0	0
G2018014960	36.82	0	1
G2018014961	34.942	0	1
G2018014965	20.216	0	0
G2018014966	37.018	0	0
G2018014968	15.301	0	0
G2018014970	20.474	0	0
G2018014977	30.025	0	0
G2018014995	21.311	0	1
G2018015001	5.239	0	0
G2018015002	9.952	0	0
G2018015008	51.911	0	0
G2018015016	44.639	0	1
G2018015019	60.072	0	0
G2018015023	24.564	0	0
G2018015028	41.84	0	0
G2018015034	61.347	0	0
G2018015046	23.908	0	1
G2018015061	54.077	0	0
G2018015071	28.175	0	1
G2018015072	40.476	0	1
G2018015073	5.966	0	0
G2018015080	40.664	0	0
G2018015084	17.197	0	0
G2018015088	12.316	0	1
G2018015097	51.601	0	0
G2018015099	11.158	0	1
G2018015100	27.005	0	0
G2018015101	5.082	0	0
G2018015104	29.292	0	1
G2018015105	36.648	0	0
G2018015110	12.765	0	0
G2018015113	9.636	0	1
G2018015116	50.32	0	0
G2018015123	18.014	0	0
G2018015128	8.581	0	0
G2018015135	22.115	0	0
G2018015139	5.957	0	0
G2018015140	7.968	0	0
G2018015141	58.767	0	0
G2018015155	33.317	0	0
G2018015158	27.362	0	0
G2018015160	26.459	0	1
G2018015168	45.317	0	0
G2018015176	2.831	0	1
G2018015178	37.301	0	0
G2018015181	16.842	0	0
G2018015187	64.623	0	0
G2018015192	48.893	0	1
G2018015198	37.058	0	0
G2018015200	52.621	0	0
G2018015202	28.447	0	0
G2018015203	55.912	0	1
G2018015207	22.596	0	0
G2018015209	12.642	0	0
G2018015211	13.262	0	0
G2018015226	15.196	0	0
G2018015228	26.247	0	0
G2018015230	26.829	0	0
G2018015237	23.93	0	0
G2018015239	44.014	0	0
G2018015242	21.614	0	1
G2018015243	12.431	0	0
G2018015244	28.23	0	1
G2018015247	11.264	0	0
G2018015256	27.376	0	0
G2018015257	23.366	0	0
G2018015261	33.167	0	0
G2018015263	37.118	0	0
G2018015273	26.477	0	0
G2018015299	29.74	0	0
G2018015321	35.507	0	0
G2018015326	41.122	0	0
G2018015329	5.859	0	1
G2018015332	16.243	0	1
G2018015335	9.376	0	1
G2018015338	16.109	0	0
G2018015342	5.699	0	0
G2018015348	9.612	0	1
G2018015350	38.02	0	0
G2018015352	27.682	0	0
G2018015357	6.947	0	0
G2018015364	10.824	0	0
G2018015368	10.429	0	0
G2018015372	71.2	0	1
G2018015377	44.843	0	0
G2018015383	40.052	0	0
G2018015385	30.308	0	1
G2018015390	31.429	0	1
G2018015395	5.071	0	0
G2018015396	24.543	0	0
G2018015402	36.5	0	0
G2018015408	76.591	1	1
G2018015415	29.608	0	0
G2018015427	43.3	0	0
G2018015428	21.756	0	0
G2018015433	42.936	0	1
G2018015437	10.857	0	0
G2018015438	25.172	0	0
G2018015441	1.322	0	0
G2018015454	48.007	0	1
G2018015459	24.214	0	0
G2018015462	33.551	0	0
G2018015463	12.516	0	0
G2018015467	27.522	0	0
G2018015469	26.107	0	1
G2018015470	14.926	0	0
G2018015473	31.737	0	0
G2018015476	12.225	0	0
G2018015481	22.111	0	1
G2018015482	21.832	0	0
G2018015484	31.001	0	0
G2018015490	30.152	0	1
G2018015496	45.579	0	0
G2018015498	45.504	0	1
G2018015501	65.228	0	0
G2018015510	10.421	0	0
G2018015514	36.879	0	1
G2018015518	74.832	0	1
G2018015524	43.522	0	0
G2018015528	12.842	0	0
G2018015540	13.61	0	0
G2018015541	28.161	0	0
G2018015542	32.853	0	0
G2018015544	43.161	0	0
G2018015547	21.714	0	1
G2018015557	25.648	0	1
G2018015558	68.334	0	0
G2018015560	42.509	0	0
G2018015570	47.369	0	0
G2018015575	27.064	0	0
G2018015576	24.587	0	0
G2018015578	53.86	0	0
G2018015581	15.471	0	0
G2018015583	33.061	0	0
G2018015587	11.066	0	0
G2018015588	7.371	0	0
G2018015591	23.132	0	0
G2018015596	24.426	0	0
G2018015597	12.389	0	0
G2018015598	56.776	0	0
G2018015599	33.147	0	0
G2018015604	34.71	0	0
G2018015605	8.87	0	0
G2018015609	23.999	0	1
G2018015622	10.188	0	0
G2018015624	34.448	0	0
G2018015633	42.041	0	0
G2018015634	14.66	0	0
G2018015636	20.839	0	0
G2018015638	30.777	0	0
G2018015643	38.832	0	0
G2018015649	15.262	0	0
G2018015654	24.181	0	0
G2018015665	24.18	0	0
G2018015668	42.234	0	0
G2018015669	12.295	0	0
G2018015671	27.035	0	1
G2018015674	7.706	0	0
G2018015684	12.441	0	0
G2018015685	13.291	0	1
G2018015694	7.52	0	1
G2018015700	1.964	0	0
G2018015705	19.142	0	0
G2018015706	8.069	0	0
G2018015708	37.269	0	0
G2018015715	29.839	0	0
G2018015718	28.195	0	0
G2018015720	59.502	0	0
G2018015722	6.776	0	0
G2018015727	23.087	0	0
G2018015734	14.196	0	0
G2018015735	20.718	0	0
G2018015736	13.703	0	0
G2018015741	34.837	0	0
G2018015742	32.992	0	0
G2018015745	35.205	0	0
G2018015747	12.798	0	0
G2018015754	66.0	0	0
G2018015763	68.034	0	0
G2018015766	30.31	0	0
G2018015769	16.764	0	1
G2018015771	20.545	0	0
G2018015774	35.825	0	1
G2018015775	82.812	1	1
G2018015782	10.668	0	1
G2018015787	31.307	0	0
G2018015790	33.606	0	0
G2018015799	15.372	0	0
G2018015803	41.415	0	0
G2018015806	32.116	0	0
G2018015818	9.887	0	0
G2018015821	18.118	0	0
G2018015826	23.655	0	1
G2018015831	5.786	0	1
G2018015835	44.05	0	0
G2018015856	16.974	0	1
G2018015857	6.683	0	0
G2018015859	18.552	0	0
G2018015860	18.692	0	1
G2018015861	48.716	0	0
G2018015865	70.295	0	1
G2018015867	35.601	0	1
G2018015870	35.647	0	0
G2018015871	6.443	0	1
G2018015874	3.225	0	1
G2018015880	32.435	0	0
G2018015881	24.641	0	0
G2018015892	0.134	0	0
G2018015908	40.886	0	1
G2018015915	58.082	0	1
G2018015927	73.176	0	0
G2018015950	27.419	0	0
G2018015951	31.523	0	0
G2018015960	20.569	0	1
G2018015963	24.204	0	0
G2018015970	46.511	0	1
G2018015973	37.847	0	1
G2018015978	36.61	0	0
G2018015990	24.181	0	0
G2018015995	8.121	0	0
G2018016002	35.478	0	0
G2018016005	5.555	0	0
G2018016013	32.156	0	0
G2018016018	59.258	0	0
G2018016019	18.074	0	0
G2018016024	22.762	0	0
G2018016035	53.929	0	0
G2018016043	3.971	0	0
G2018016056	7.987	0	0
G2018016057	11.641	0	0
G2018016059	33.171	0	1
G2018016061	5.879	0	0
G2018016063	44.742	0	0
G2018016064	28.05	0	0
G2018016071	49.61	0	0
G2018016083	27.205	0	0
G2018016086	26.055	0	1
G2018016095	10.223	0	0
G2018016101	17.204	0	0
G2018016114	37.441	0	0
G2018016125	29.964	0	0
G2018016127	20.694	0	0
G2018016131	28.245	0	0
G2018016136	45.657	0	0
G2018016140	42.044	0	0
G2018016141	52.999	0	0
G2018016142	25.003	0	0
G2018016143	31.722	0	1
G2018016148	11.07	0	1
G2018016149	37.912	0	0
G2018016152	6.344	0	0
G2018016155	36.057	0	0
G2018016158	5.285	0	1
G2018016159	40.371	0	0
G2018016171	8.799	0	0
G2018016172	16.727	0	1
G2018016177	23.27	0	1
G2018016179	33.294	0	0
G2018016184	5.892	0	0
G2018016196	38.664	0	0
G2018016198	12.414	0	1
G2018016200	31.133	0	0
G2018016205	29.218	0	1
G2018016207	53.224	0	0
G2018016208	10.288	0	0
G2018016209	22.867	0	0
G2018016214	4.636	0	0
G2018016215	36.506	0	0
G2018016218	13.149	0	0
G2018016229	3.562	0	0
G2018016249	19.599	0	1
G2018016255	17.724	0	0
G2018016260	38.466	0	0
G2018016262	23.375	0	0
G2018016267	41.572	0	0
G2018016269	25.569	0	1
G2018016277	48.903	0	0
G2018016292	6.704	0	0
G2018016295	49.547	0	0
G2018016297	37.218	0	0
G2018016299	0.1	0	0
G2018016300	23.478	0	0
G2018016301	23.216	0	0
G2018016304	3.15	0	1
G2018016308	15.056	0	1
G2018016309	21.739	0	0
G2018016312	29.01	0	0
G2018016313	18.842	0	0
G2018016318	46.221	0	0
G2018016321	53.011	0	0
G2018016328	41.547	0	0
G2018016337	52.6	0	0
G2018016340	34.171	0	1
G2018016344	15.606	0	0
G2018016358	5.567	0	0
G2018016367	36.78	0	0
G2018016372	28.875	0	1
G2018016375	18.199	0	0
G2018016381	43.474	0	0
G2018016390	33.374	0	0
G2018016397	42.626	0	0
G2018016400	3.187	0	1
G2018016404	6.848	0	0
G2018016408	27.287	0	0
G2018016412	49.797	0	1
G2018016417	24.492	0	0
G2018016444	21.066	0	0
G2018016453	49.239	0	0
G2018016456	59.974	0	0
G2018016465	22.538	0	1
G2018016469	30.435	0	0
G2018016472	26.799	0	1
G2018016483	39.733	0	1
G2018016488	24.555	0	0
G2018016492	54.38	0	1
G2018016493	66.89	0	1
G2018016497	42.788	0	0
G2018016502	7.863	0	0
G2018016505	1.139	0	0
G2018016516	32.409	0	1
G2018016524	17.446	0	1
G2018016528	15.132	0	0
G2018016530	32.204	0	1
G2018016533	32.213	0	1
G2018016539	40.712	0	0
G2018016540	4.168	0	0
G2018016543	19.327	0	0
G2018016550	7.219	0	0
G2018016559	45.786	0	0
G2018016561	33.011	0	0
G2018016566	21.556	0	0
G2018016568	58.776	0	0
G2018016581	49.425	0	1
G2018016582	35.359	0	0
G2018016596	38.958	0	0
G2018016599	10.534	0	1
G2018016602	12.488	0	0
G2018016617	16.038	0	1
G2018016618	69.411	0	1
G2018016619	41.823	0	0
G2018016625	70.487	0	0
G2018016626	43.229	0	0
G2018016639	4.448	0	0
G2018016642	16.172	0	1
G2018016650	25.653	0	1
G2018016657	34.094	0	0
G2018016664	34.209	0	0
G2018016666	46.422	0	0
G2018016672	4.545	0	0
G2018016674	52.122	0	0
G2018016675	13.307	0	1
G2018016680	25.861	0	0
G2018016684	25.026	0	0
G2018016692	9.322	0	0
G2018016704	30.507	0	0
G2018016707	17.4	0	1
G2018016715	16.324	0	0
G2018016717	20.88	0	0
G2018016718	58.057	0	0
G2018016725	67.094	0	0
G2018016727	19.121	0	0
G2018016731	0.949	0	0
G2018016733	7.525	0	0
G2018016739	82.943	1	0
G2018016743	62.528	0	0
G2018016752	38.833	0	1
G2018016755	21.886	0	0
G2018016757	31.639	0	0
G2018016767	38.74	0	0
G2018016773	12.405	0	0
G2018016782	16.53	0	0
G2018016784	27.833	0	0
G2018016785	24.606	0	0
G2018016790	36.5	0	0
G2018016791	4.149	0	0
G2018016793	58.951	0	1
G2018016795	21.116	0	0
G2018016798	48.136	0	1
G2018016800	30.696	0	0
G2018016805	6.606	0	0
G2018016806	7.965	0	0
G2018016810	17.849	0	0
G2018016816	32.989	0	0
G2018016827	28.246	0	0
G2018016828	31.576	0	0
G2018016829	26.122	0	0
G2018016840	43.334	0	0
G2018016842	37.453	0	0
G2018016846	38.776	0	0
G2018016848	50.494	0	1
G2018016851	8.758	0	1
G2018016852	5.954	0	0
G2018016855	49.741	0	0
G2018016856	30.892	0	0
G2018016860	10.05	0	0
G2018016863	33.554	0	0
G2018016864	26.361	0	0
G2018016870	26.644	0	0
G2018016899	82.312	1	0
G2018016901	20.106	0	0
G2018016907	16.823	0	1
G2018016911	16.684	0	0
G2018016913	3.117	0	0
G2018016915	31.712	0	1
G2018016923	12.781	0	0
G2018016924	23.175	0	1
G2018016925	6.439	0	0
G2018016926	4.792	0	1
G2018016935	10.936	0	0
G2018016944	29.472	0	0
G2018016950	28.711	0	0
G2018016964	11.396	0	0
G2018016965	32.138	0	0
G2018016971	10.983	0	0
G2018016974	34.107	0	0
G2018016975	26.15	0	0
G2018016977	24.168	0	0
G2018016984	17.349	0	0
G2018016987	15.188	0	0
G2018016996	48.835	0	0
G2018016999	62.443	0	0
G2018017000	48.052	0	0
G2018017003	11.021	0	1
G2018017006	36.667	0	0
G2018017009	50.682	0	0
G2018017014	11.339	0	0
G2018017015	12.011	0	0
G2018017021	22.504	0	0
G2018017027	27.341	0	1
G2018017028	21.238	0	0
G2018017033	48.218	0	0
G2018017034	47.19	0	0
G2018017036	34.372	0	0
G2018017044	42.877	0	0
G2018017051	21.512	0	1
G2018017059	22.246	0	0
G2018017068	22.573	0	1
G2018017079	24.33	0	0
G2018017084	20.172	0	0
G2018017087	16.873	0	0
G2018017088	27.652	0	0
G2018017089	16.564	0	1
G2018017090	16.433	0	0
G2018017093	29.062	0	0
G2018017096	42.393	0	0
G2018017099	25.959	0	1
G2018017106	24.523	0	0
G2018017113	24.539	0	0
G2018017114	12.041	0	0
G2018017116	8.228	0	0
G2018017135	5.907	0	0
G2018017140	20.811	0	0
G2018017148	6.07	0	0
G2018017151	11.303	0	0
G2018017153	8.993	0	0
G2018017156	37.943	0	0
G2018017158	10.198	0	0
G2018017159	32.881	0	0
G2018017161	27.249	0	1
G2018017163	8.513	0	0
G2018017166	34.689	0	0
G2018017171	12.849	0	1
G2018017173	60.918	0	1
G2018017174	22.376	0	0
G2018017176	34.457	0	0
G2018017183	19.496	0	0
G2018017186	2.199	0	0
G2018017190	57.987	0	0
G2018017195	30.427	0	0
G2018017200	23.744	0	0
G2018017202	7.603	0	0
G2018017203	43.852	0	1
G2018017207	8.616	0	0
G2018017211	24.008	0	0
G2018017215	22.929	0	0
G2018017219	27.484	0	0
G2018017220	25.922	0	0
G2018017225	45.806	0	0
G2018017226	2.086	0	0
G2018017238	25.711	0	0
G2018017250	34.437	0	0
G2018017252	30.093	0	0
G2018017256	5.738	0	0
G2018017264	19.111	0	0
G2018017268	10.847	0	0
G2018017281	27.745	0	0
G2018017283	2.692	0	0
G2018017286	14.323	0	1
G2018017293	51.51	0	0
G2018017299	20.615	0	0
G2018017300	42.705	0	0
G2018017302	27.243	0	0
G2018017309	49.477	0	0
G2018017321	4.529	0	0
G2018017323	27.039	0	0
G2018017325	60.012	0	0
G2018017331	71.089	0	0
G2018017340	32.645	0	1
G2018017349	24.766	0	0
G2018017352	32.787	0	0
G2018017365	34.29	0	0
G2018017367	5.213	0	0
G2018017372	41.675	0	1
G2018017385	57.084	0	0
G2018017395	42.69	0	0
G2018017396	25.236	0	0
G2018017397	39.693	0	0
G2018017399	31.634	0	0
G2018017401	37.219	0	0
G2018017407	23.748	0	0
G2018017412	34.323	0	0
G2018017419	62.276	0	0
G2018017430	13.654	0	0
G2018017436	11.156	0	0
G2018017440	31.384	0	0
G2018017442	32.388	0	0
G2018017443	5.672	0	0
G2018017454	32.84	0	0
G2018017477	38.577	0	0
G2018017478	25.993	0	1
G2018017482	38.886	0	1
G2018017486	32.16	0	1
G2018017508	11.76	0	0
G2018017521	34.536	0	0
G2018017524	24.722	0	0
G2018017529	24.784	0	1
G2018017537	8.553	0	0
G2018017547	15.994	0	0
G2018017548	24.387	0	0
G2018017550	59.379	0	0
G2018017555	13.554	0	0
G2018017556	24.769	0	1
G2018017557	15.328	0	1
G2018017559	16.375	0	1
G2018017560	25.151	0	0
G2018017567	33.375	0	0
G2018017570	15.225	0	0
G2018017571	10.839	0	0
G2018017572	19.393	0	0
G2018017577	23.807	0	0
G2018017578	55.626	0	0
G2018017587	25.798	0	0
G2018017589	20.958	0	0
G2018017595	50.516	0	0
G2018017597	21.938	0	0
G2018017603	34.557	0	1
G2018017605	12.115	0	0
G2018017609	44.764	0	0
G2018017613	44.861	0	0
G2018017614	20.123	0	0
G2018017616	54.207	0	0
G2018017623	28.625	0	1
G2018017627	14.389	0	0
G2018017631	63.37	0	0
G2018017635	62.932	0	0
G2018017640	20.373	0	0
G2018017645	3.326	0	0
G2018017649	11.76	0	0
G2018017654	32.02	0	0
G2018017660	11.816	0	1
G2018017665	13.13	0	1
G2018017670	13.239	0	0
G2018017671	30.518	0	0
G2018017672	16.681	0	0
G2018017673	33.795	0	0
G2018017682	51.052	0	0
G2018017685	10.955	0	0
G2018017687	22.891	0	0
G2018017689	50.981	0	0
G2018017692	18.879	0	1
G2018017694	34.455	0	0
G2018017702	30.031	0	0
G2018017703	8.534	0	0
G2018017719	20.045	0	0
G2018017725	19.498	0	0
G2018017727	51.028	0	1
G2018017728	60.767	0	0
G2018017730	42.347	0	0
G2018017732	19.626	0	1
G2018017742	32.324	0	1
G2018017743	45.167	0	0
G2018017751	20.25	0	0
G2018017752	23.058	0	0
G2018017753	14.185	0	0
G2018017757	31.985	0	0
G2018017762	30.823	0	1
G2018017769	28.668	0	0
G2018017771	17.882	0	0
G2018017775	9.62	0	1
G2018017780	83.271	1	0
G2018017784	30.441	0	0
G2018017793	23.457	0	0
G2018017804	7.671	0	1
G2018017805	48.451	0	0
G2018017813	26.498	0	0
G2018017816	58.039	0	0
G2018017822	22.219	0	1
G2018017829	21.146	0	0
G2018017833	50.119	0	0
G2018017841	32.247	0	1
G2018017843	24.571	0	0
G2018017849	21.813	0	0
G2018017855	25.136	0	1
G2018017859	56.912	0	1
G2018017867	46.079	0	1
G2018017870	31.126	0	0
G2018017872	16.742	0	1
G2018017875	28.317	0	0
G2018017876	7.027	0	0
G2018017880	34.811	0	0
G2018017887	38.441	0	0
G2018017908	11.211	0	0
G2018017914	62.84	0	1
G2018017915	33.542	0	0
G2018017917	10.716	0	0
G2018017921	6.975	0	1
G2018017922	65.242	0	1
G2018017928	53.261	0	1
G2018017932	29.338	0	1
G2018017934	27.585	0	1
G2018017941	17.818	0	0
G2018017949	8.167	0	0
G2018017957	41.558	0	0
G2018017961	35.968	0	0
G2018017965	35.622	0	0
G2018017966	36.694	0	0
G2018017982	20.851	0	0
G2018017986	51.794	0	0
G2018017990	12.559	0	1
G2018017992	28.879	0	0
G2018017994	18.098	0	0
G2018017995	21.257	0	0
G2018018001	25.448	0	0
G2018018004	21.439	0	1
G2018018005	19.651	0	0
G2018018006	9.044	0	1
G2018018015	37.493	0	0
G2018018019	45.379	0	0
G2018018033	12.615	0	0
G2018018036	17.882	0	0
G2018018042	46.232	0	0
G2018018057	48.0	0	0
G2018018065	44.362	0	1
G2018018067	16.144	0	0
G2018018086	42.63	0	0
G2018018089	41.233	0	0
G2018018091	35.492	0	1
G2018018096	61.786	0	1
G2018018101	13.941	0	0
G2018018104	0.1	0	0
G2018018106	54.206	0	0
G2018018107	19.403	0	0
G2018018109	12.218	0	0
G2018018117	7.173	0	0
G2018018119	18.397	0	0
G2018018122	53.962	0	0
G2018018123	6.489	0	0
G2018018126	9.194	0	0
G2018018131	20.893	0	0
G2018018141	31.06	0	1
G2018018143	0.57	0	0
G2018018146	35.485	0	0
G2018018148	29.452	0	1
G2018018156	54.737	0	1
G2018018163	5.925	0	1
G2018018165	28.563	0	0
G2018018171	1.872	0	1
G2018018173	33.06	0	0
G2018018195	24.731	0	0
G2018018200	15.941	0	0
G2018018202	55.302	0	0
G2018018205	41.713	0	0
G2018018209	26.502	0	1
G2018018211	32.134	0	1
G2018018214	57.587	0	0
G2018018218	11.142	0	1
G2018018221	27.207	0	0
G2018018227	8.388	0	0
G2018018230	53.277	0	1
G2018018232	16.637	0	0
G2018018235	29.947	0	0
G2018018248	22.749	0	1
G2018018250	9.861	0	0
G2018018255	34.989	0	0
G2018018259	19.125	0	1
G2018018263	8.418	0	0
G2018018267	26.487	0	0
G2018018269	56.135	0	0
G2018018274	28.88	0	0
G2018018275	58.029	0	0
G2018018281	17.032	0	0
G2018018283	7.593	0	1
G2018018286	13.773	0	0
G2018018288	67.434	0	0
G2018018289	20.331	0	0
G2018018295	36.554	0	1
G2018018301	43.509	0	0
G2018018313	15.784	0	0
G2018018315	33.26	0	1
G2018018319	47.6	0	0
G2018018320	40.105	0	0
G2018018325	55.735	0	0
G2018018331	11.963	0	0
G2018018345	27.885	0	0
G2018018347	34.071	0	0
G2018018348	16.681	0	0
G2018018352	63.305	0	1
G2018018366	24.835	0	0
G2018018376	60.908	0	0
G2018018378	56.651	0	1
G2018018391	9.98	0	0
G2018018392	60.851	0	0
G2018018399	46.869	0	1
G2018018402	40.063	0	0
G2018018405	55.235	0	0
G2018018410	12.349	0	0
G2018018416	57.674	0	0
G2018018417	4.052	0	1
G2018018421	41.348	0	1
G2018018424	40.61	0	0
G2018018428	39.828	0	0
G2018018442	16.574	0	0
G2018018449	18.988	0	0
G2018018455	45.464	0	0
G2018018459	34.424	0	0
G2018018460	69.465	0	0
G2018018474	18.679	0	0
G2018018478	26.041	0	0
G2018018490	22.401	0	0
G2018018501	27.012	0	0
G2018018504	12.374	0	0
G2018018514	30.162	0	0
G2018018516	25.157	0	1
G2018018517	9.703	0	0
G2018018521	47.001	0	0
G2018018527	47.019	0	0
G2018018528	33.526	0	1
G2018018531	25.914	0	0
G2018018541	18.483	0	0
G2018018544	59.445	0	0
G2018018560	10.26	0	0
G2018018563	24.281	0	0
G2018018564	6.391	0	0
G2018018567	21.098	0	1
G2018018568	55.739	0	0
G2018018573	6.891	0	0
G2018018575	18.033	0	1
G2018018576	39.655	0	0
G2018018581	50.544	0	0
G2018018583	42.468	0	0
G2018018587	8.513	0	0
G2018018592	18.859	0	1
G2018018609	49.007	0	1
G2018018615	50.147	0	0
G2018018616	38.604	0	0
G2018018618	17.874	0	0
G2018018624	54.495	0	0
G2018018626	10.183	0	0
G2018018629	39.009	0	0
G2018018633	11.905	0	0
G2018018643	38.994	0	0
G2018018650	15.642	0	0
G2018018654	45.575	0	0
G2018018655	7.31	0	0
G2018018659	26.361	0	0
G2018018662	4.193	0	0
G2018018668	10.926	0	0
G2018018670	15.858	0	1
G2018018674	36.261	0	0
G2018018676	11.989	0	0
G2018018680	31.951	0	0
G2018018682	18.612	0	0
G2018018693	31.538	0	0
G2018018695	68.334	0	1
G2018018706	12.054	0	0
G2018018710	22.184	0	1
G2018018713	8.023	0	1
G2018018714	21.924	0	0
G2018018720	25.815	0	0
G2018018722	11.88	0	0
G2018018725	60.933	0	0
G2018018727	11.503	0	0
G2018018737	9.397	0	0
G2018018738	36.898	0	0
G2018018747	25.424	0	1
G2018018753	39.734	0	0
G2018018757	41.789	0	0
G2018018768	48.544	0	0
G2018018773	65.861	0	0
G2018018774	9.348	0	1
G2018018780	22.237	0	1
G2018018786	44.249	0	1
G2018018792	41.154	0	1
G2018018798	10.047	0	0
G2018018799	7.98	0	0
G2018018807	7.485	0	0
G2018018809	14.379	0	0
G2018018812	33.38	0	1
G2018018813	7.198	0	0
G2018018816	45.875	0	0
G2018018820	17.312	0	0
G2018018821	22.154	0	0
G2018018825	65.302	0	0
G2018018826	56.852	0	0
G2018018827	18.176	0	0
G2018018833	43.862	0	0
G2018018841	7.737	0	0
G2018018844	20.209	0	0
G2018018847	16.347	0	1
G2018018851	41.712	0	0
G2018018852	7.548	0	1
G2018018861	13.431	0	0
G2018018864	61.654	0	0
G2018018866	48.167	0	0
G2018018867	67.738	0	0
G2018018871	10.971	0	0
G2018018875	29.06	0	1
G2018018878	23.819	0	0
G2018018891	17.325	0	0
G2018018896	5.115	0	1
G2018018903	50.532	0	0
G2018018909	18.299	0	0
G2018018919	3.478	0	1
G2018018920	20.797	0	0
G2018018927	69.07	0	0
G2018018944	12.752	0	0
G2018018945	29.119	0	0
G2018018947	13.08	0	0
G2018018948	35.53	0	0
G2018018960	20.41	0	0
G2018018961	43.135	0	1
G2018018967	21.788	0	0
G2018018968	23.069	0	0
G2018018970	58.097	0	0
G2018018971	9.749	0	1
G2018018980	24.749	0	0
G2018018984	45.42	0	0
G2018018991	7.627	0	0
G2018018992	39.0	0	1
G2018019004	20.673	0	0
G2018019005	7.35	0	0
G2018019007	13.236	0	0
G2018019014	15.682	0	0
G2018019016	2.43	0	0
G2018019033	20.619	0	0
G2018019035	28.135	0	0
G2018019040	28.114	0	0
G2018019042	17.335	0	0
G2018019048	31.886	0	0
G2018019053	24.903	0	0
G2018019085	25.553	0	0
G2018019086	22.337	0	0
G2018019088	13.844	0	0
G2018019091	36.684	0	0
G2018019096	36.629	0	0
G2018019098	52.971	0	0
G2018019100	7.124	0	0
G2018019105	26.981	0	0
G2018019111	40.341	0	0
G2018019113	35.71	0	0
G2018019116	24.755	0	0
G2018019134	43.276	0	0
G2018019137	18.852	0	0
G2018019139	16.105	0	0
G2018019140	43.546	0	0
G2018019143	13.075	0	0
G2018019148	15.187	0	0
G2018019154	35.411	0	0
G2018019161	20.96	0	0
G2018019164	14.355	0	0
G2018019169	19.118	0	1
G2018019171	44.671	0	0
G2018019181	18.645	0	0
G2018019182	54.471	0	0
G2018019186	43.26	0	0
G2018019208	44.742	0	1
G2018019210	17.614	0	1
G2018019211	9.098	0	0
G2018019215	28.472	0	0
G2018019224	6.644	0	0
G2018019235	23.307	0	0
G2018019239	16.832	0	0
G2018019242	12.253	0	1
G2018019250	32.326	0	0
G2018019253	34.61	0	0
G2018019258	9.013	0	1
G2018019259	15.351	0	0
G2018019267	12.236	0	0
G2018019268	15.438	0	1
G2018019275	32.356	0	1
G2018019277	29.933	0	0
G2018019281	41.402	0	1
G2018019282	3.353	0	0
G2018019283	1.238	0	0
G2018019287	35.636	0	0
G2018019288	37.589	0	0
G2018019290	13.732	0	0
G2018019300	50.759	0	0
G2018019306	34.398	0	0
G2018019307	21.335	0	0
G2018019314	20.243	0	0
G2018019319	14.983	0	1
G2018019321	28.65	0	0
G2018019331	42.798	0	0
G2018019336	46.759	0	0
G2018019337	54.694	0	0
G2018019338	41.028	0	0
G2018019339	35.344	0	0
G2018019341	30.8	0	1
G2018019343	48.84	0	0
G2018019348	53.694	0	1
G2018019352	9.826	0	0
G2018019359	20.728	0	0
G2018019381	8.905	0	1
G2018019382	13.71	0	0
G2018019398	33.591	0	0
G2018019406	48.53	0	0
G2018019411	12.346	0	0
G2018019416	34.134	0	1
G2018019430	9.124	0	0
G2018019431	1.588	0	0
G2018019432	26.163	0	1
G2018019442	44.445	0	1
G2018019443	24.517	0	0
G2018019449	64.34	0	0
G2018019458	11.642	0	0
G2018019465	35.928	0	1
G2018019466	12.944	0	0
G2018019470	42.639	0	0
G2018019498	26.088	0	0
G2018019501	1.792	0	0
G2018019507	10.54	0	0
G2018019510	31.268	0	0
G2018019511	29.839	0	0
G2018019513	13.793	0	0
G2018019520	15.243	0	0
G2018019531	14.958	0	0
G2018019538	42.264	0	0
G2018019541	40.362	0	0
G2018019543	24.198	0	0
G2018019544	44.229	0	0
G2018019549	56.309	0	1
G2018019562	6.242	0	1
G2018019571	48.137	0	1
G2018019573	34.812	0	0
G2018019577	6.424	0	0
G2018019578	26.097	0	0
G2018019581	6.141	0	1
G2018019585	30.963	0	0
G2018019587	29.192	0	0
G2018019588	18.793	0	0
G2018019591	21.185	0	0
G2018019592	16.411	0	0
G2018019593	7.822	0	0
G2018019597	34.872	0	0
G2018019605	4.021	0	0
G2018019616	15.482	0	0
G2018019620	16.16	0	0
G2018019641	25.056	0	0
G2018019642	36.533	0	0
G2018019644	45.863	0	0
G2018019646	30.137	0	0
G2018019667	57.494	0	0
G2018019668	41.831	0	0
G2018019669	17.155	0	0
G2018019674	48.812	0	0
G2018019676	28.23	0	0
G2018019682	25.302	0	1
G2018019694	33.517	0	0
G2018019695	25.285	0	0
G2018019702	37.959	0	0
G2018019708	14.449	0	0
G2018019714	22.805	0	1
G2018019720	50.442	0	1
G2018019728	14.863	0	0
G2018019734	13.648	0	0
G2018019737	35.095	0	1
G2018019747	34.164	0	0
G2018019759	29.379	0	0
G2018019762	24.384	0	1
G2018019763	35.575	0	0
G2018019768	22.303	0	0
G2018019772	49.161	0	0
G2018019778	11.915	0	0
G2018019779	32.95	0	0
G2018019782	21.317	0	0
G2018019796	61.321	0	0
G2018019797	40.283	0	0
G2018019798	11.548	0	0
G2018019803	31.864	0	1
G2018019804	13.725	0	0
G2018019814	36.318	0	0
G2018019816	42.514	0	0
G2018019819	36.185	0	0
G2018019821	16.074	0	0
G2018019826	46.396	0	1
G2018019832	13.991	0	0
G2018019835	29.575	0	0
G2018019836	22.212	0	0
G2018019839	59.415	0	0
G2018019840	52.782	0	1
G2018019853	32.225	0	0
G2018019861	75.291	1	1
G2018019864	48.636	0	0
G2018019875	12.455	0	0
G2018019881	18.092	0	0
G2018019882	29.169	0	0
G2018019883	33.965	0	0
G2018019889	38.218	0	0
G2018019891	4.913	0	1
G2018019894	29.69	0	0
G2018019896	5.874	0	1
G2018019897	39.729	0	0
G2018019899	40.964	0	0
G2018019903	3.22	0	0
G2018019904	8.627	0	1
G2018019906	27.927	0	0
G2018019907	55.402	0	0
G2018019909	14.642	0	0
G2018019913	4.905	0	1
G2018019917	7.682	0	0
G2018019922	35.221	0	1
G2018019924	23.132	0	0
G2018019929	42.194	0	0
G2018019930	49.401	0	0
G2018019933	28.771	0	0
G2018019938	4.195	0	1
G2018019941	23.323	0	1
G2018019951	28.824	0	0
G2018019957	7.538	0	0
G2018019961	30.857	0	0
G2018019968	7.69	0	0
G2018019977	9.694	0	0
G2018019981	80.24	1	0
G2018019982	0.1	0	0
G2018019987	26.745	0	1
G2018019988	12.231	0	0
G2018019991	51.884	0	0
G2018019998	44.242	0	0
G2018020008	38.343	0	0
G2018020011	47.29	0	1
G2018020019	22.91	0	0
G2018020022	12.991	0	0
G2018020035	39.565	0	0
G2018020044	18.279	0	0
G2018020052	46.648	0	0
G2018020059	31.678	0	0
G2018020066	11.19	0	0
G2018020068	29.685	0	0
G2018020073	55.492	0	0
G2018020079	17.281	0	0
G2018020087	24.944	0	0
G2018020088	23.948	0	0
G2018020097	29.294	0	0
G2018020100	27.318	0	0
G2018020104	39.055	0	0
G2018020107	33.339	0	0
G2018020109	17.699	0	0
G2018020110	22.922	0	0
G2018020113	15.058	0	1
G2018020114	16.931	0	0
G2018020127	3.759	0	0
G2018020135	12.587	0	0
G2018020141	66.102	0	0
G2018020143	28.589	0	0
G2018020161	33.234	0	1
G2018020180	21.209	0	0
G2018020182	13.683	0	0
G2018020189	15.63	0	0
G2018020194	23.806	0	0
G2018020206	39.688	0	0
G2018020211	8.321	0	0
G2018020215	37.177	0	1
G2018020223	29.839	0	1
G2018020246	21.386	0	0
G2018020253	51.916	0	0
G2018020256	40.757	0	1
G2018020264	22.092	0	0
G2018020266	19.824	0	0
G2018020268	15.85	0	1
G2018020270	31.365	0	0
G2018020271	50.988	0	1
G2018020274	31.856	0	0
G2018020276	24.691	0	1
G2018020289	9.613	0	0
G2018020293	7.401	0	0
G2018020295	26.51	0	0
G2018020298	16.496	0	0
G2018020306	59.893	0	0
G2018020311	23.484	0	0
G2018020315	36.342	0	0
G2018020316	40.975	0	0
G2018020321	8.383	0	1
G2018020322	40.248	0	0
G2018020327	38.513	0	0
G2018020334	44.116	0	0
G2018020340	18.272	0	0
G2018020342	18.324	0	1
G2018020354	11.661	0	0
G2018020360	15.581	0	0
G2018020365	7.512	0	0
G2018020367	12.669	0	1
G2018020373	32.046	0	0
G2018020376	30.207	0	0
G2018020381	36.738	0	0
G2018020387	43.316	0	0
G2018020389	14.537	0	1
G2018020394	21.212	0	0
G2018020398	45.753	0	1
G2018020402	55.356	0	0
G2018020403	22.342	0	0
G2018020405	31.569	0	1
G2018020407	7.852	0	0
G2018020409	25.872	0	1
G2018020410	14.982	0	0
G2018020412	33.173	0	0
G2018020427	5.358	0	0
G2018020436	52.684	0	0
G2018020442	47.864	0	0
G2018020446	18.173	0	0
G2018020450	47.629	0	0
G2018020454	2.608	0	1
G2018020456	33.226	0	0
G2018020459	25.481	0	0
G2018020490	10.098	0	0
G2018020491	26.656	0	0
G2018020495	7.128	0	1
G2018020496	33.753	0	1
G2018020497	38.931	0	0
G2018020498	49.581	0	0
G2018020500	53.872	0	0
G2018020505	23.876	0	0
G2018020509	27.985	0	0
G2018020513	26.505	0	0
G2018020521	26.593	0	0
G2018020527	15.545	0	0
G2018020529	33.796	0	1
G2018020532	64.672	0	1
G2018020538	27.04	0	0
G2018020544	32.071	0	0
G2018020545	8.667	0	1
G2018020553	49.29	0	0
G2018020556	23.001	0	1
G2018020566	40.439	0	0
G2018020568	19.657	0	1
G2018020572	2.879	0	0
G2018020578	14.053	0	1
G2018020584	32.857	0	1
G2018020590	51.148	0	0
G2018020592	44.538	0	0
G2018020596	31.841	0	1
G2018020602	71.593	0	0
G2018020608	5.138	0	0
G2018020613	28.171	0	0
G2018020614	51.74	0	1
G2018020621	10.463	0	1
G2018020625	56.864	0	0
G2018020636	25.763	0	1
G2018020637	47.337	0	0
G2018020638	4.051	0	0
G2018020646	11.152	0	0
G2018020651	6.477	0	0
G2018020655	49.584	0	0
G2018020658	47.592	0	0
G2018020662	18.674	0	0
G2018020665	25.261	0	0
G2018020669	34.985	0	0
G2018020672	41.864	0	0
G2018020686	11.423	0	0
G2018020697	5.617	0	0
G2018020699	8.492	0	0
G2018020700	42.439	0	0
G2018020703	33.01	0	0
G2018020704	21.876	0	1
G2018020707	24.069	0	0
G2018020711	59.681	0	0
G2018020714	20.999	0	0
G2018020719	5.315	0	1
G2018020721	15.82	0	1
G2018020722	19.308	0	1
G2018020727	2.697	0	0
G2018020729	54.659	0	0
G2018020732	24.685	0	0
G2018020734	17.387	0	1
G2018020736	55.903	0	1
G2018020739	38.002	0	1
G2018020742	15.709	0	0
G2018020744	13.354	0	0
G2018020749	41.469	0	0
G2018020754	20.887	0	0
G2018020756	45.11	0	1
G2018020758	22.778	0	0
G2018020765	46.703	0	0
G2018020782	44.205	0	0
G2018020784	21.285	0	0
G2018020794	16.78	0	0
G2018020797	21.803	0	1
G2018020800	19.477	0	0
G2018020801	37.279	0	1
G2018020805	34.606	0	1
G2018020818	34.634	0	1
G2018020827	13.904	0	0
G2018020830	24.284	0	0
G2018020833	13.217	0	1
G2018020838	24.678	0	0
G2018020842	19.601	0	0
G2018020846	39.328	0	0
G2018020850	10.086	0	1
G2018020852	42.574	0	0
G2018020855	12.89	0	0
G2018020861	32.61	0	0
G2018020864	12.144	0	0
G2018020878	8.485	0	1
G2018020884	7.208	0	0
G2018020885	20.322	0	0
G2018020889	30.862	0	0
G2018020894	7.114	0	0
G2018020897	0.1	0	0
G2018020901	39.726	0	0
G2018020908	41.963	0	1
G2018020911	34.925	0	0
G2018020922	12.657	0	0
G2018020925	13.199	0	0
G2018020926	40.211	0	0
G2018020927	47.82	0	1
G2018020929	26.744	0	0
G2018020931	65.722	0	0
G2018020936	8.496	0	1
G2018020938	18.455	0	1
G2018020944	24.308	0	0
G2018020945	40.17	0	0
G2018020962	5.215	0	1
G2018020971	16.298	0	0
G2018020974	35.791	0	1
G2018020975	23.926	0	0
G2018020976	17.556	0	0
G2018020986	18.01	0	1
G2018020988	25.143	0	1
G2018020989	54.268	0	0
G2018020991	38.417	0	0
G2018020994	30.724	0	0
G2018021011	21.908	0	0
G2018021012	28.572	0	1
G2018021014	38.311	0	1
G2018021018	12.889	0	0
G2018021019	24.519	0	1
G2018021023	20.618	0	0
G2018021028	45.851	0	1
G2018021036	34.907	0	0
G2018021039	28.079	0	0
G2018021040	33.829	0	1
G2018021044	10.975	0	0
G2018021059	8.51	0	0
G2018021066	15.613	0	1
G2018021078	31.193	0	1
G2018021081	24.144	0	0
G2018021085	16.387	0	0
G2018021086	25.851	0	1
G2018021088	31.362	0	0
G2018021091	45.807	0	1
G2018021093	14.44	0	0
G2018021099	39.837	0	0
G2018021109	27.192	0	0
G2018021111	35.062	0	0
G2018021119	61.885	0	0
G2018021122	27.591	0	0
G2018021138	7.695	0	0
G2018021141	16.857	0	0
G2018021151	32.036	0	1
G2018021153	25.492	0	0
G2018021158	28.061	0	0
G2018021159	6.345	0	0
G2018021161	28.874	0	1
G2018021167	19.474	0	1
G2018021179	35.027	0	1
G2018021182	49.328	0	0
G2018021183	41.595	0	0
G2018021187	17.872	0	0
G2018021190	13.963	0	0
G2018021193	2.69	0	0
G2018021196	43.858	0	1
G2018021200	49.993	0	1
G2018021203	11.382	0	0
G2018021212	13.806	0	0
G2018021218	44.962	0	0
G2018021224	64.12	0	0
G2018021225	24.058	0	0
G2018021228	17.237	0	0
G2018021230	32.531	0	1
G2018021233	10.687	0	1
G2018021259	53.355	0	0
G2018021277	27.942	0	0
G2018021286	37.961	0	0
G2018021290	28.451	0	0
G2018021303	13.076	0	0
G2018021316	17.208	0	1
G2018021318	13.183	0	1
G2018021320	50.379	0	0
G2018021323	33.883	0	1
G2018021324	25.052	0	0
G2018021330	23.688	0	1
G2018021339	24.373	0	0
G2018021342	57.524	0	1
G2018021346	52.439	0	0
G2018021350	75.19	1	1
G2018021361	15.628	0	1
G2018021365	26.519	0	0
G2018021367	45.091	0	0
G2018021371	8.112	0	1
G2018021374	22.759	0	1
G2018021376	23.523	0	0
G2018021384	19.962	0	0
G2018021387	34.574	0	0
G2018021392	16.504	0	0
G2018021394	4.251	0	0
G2018021396	33.61	0	0
G2018021407	50.393	0	0
G2018021410	18.688	0	0
G2018021416	39.469	0	0
G2018021419	27.028	0	1
G2018021426	6.475	0	0
G2018021428	19.579	0	0
G2018021432	10.086	0	0
G2018021434	10.019	0	0
G2018021454	37.832	0	0
G2018021455	27.575	0	0
G2018021456	19.732	0	1
G2018021467	12.574	0	0
G2018021470	44.724	0	0
G2018021471	35.937	0	1
G2018021473	77.477	1	1
G2018021479	14.697	0	0
G2018021489	15.213	0	0
G2018021490	11.813	0	0
G2018021493	30.407	0	1
G2018021494	29.018	0	0
G2018021496	16.978	0	0
G2018021507	55.595	0	0
G2018021510	12.993	0	0
G2018021521	6.469	0	0
G2018021522	45.721	0	0
G2018021533	16.904	0	0
G2018021548	6.267	0	0
G2018021557	24.477	0	1
G2018021558	10.537	0	0
G2018021580	23.521	0	1
G2018021586	7.517	0	1
G2018021587	55.757	0	0
G2018021589	15.204	0	1
G2018021596	32.699	0	0
G2018021603	7.543	0	0
G2018021604	23.139	0	0
G2018021610	26.336	0	0
G2018021616	7.717	0	0
