graduate_id,cate_match_hat,cate_quality_hat,cate_stab_hat,se_stab
G2018000000,9.4093,0.10203,0.12892,0.033
G2018000001,8.4148,0.08685,0.12292,0.0306
G2018000002,9.4816,0.10635,0.15512,0.02769
G2018000003,9.9346,0.11228,0.14662,0.02136
G2018000004,5.3608,0.06748,0.08737,0.02816
G2018000005,8.3727,0.08879,0.13341,0.02784
G2018000006,5.7465,0.05461,0.08677,0.02144
G2018000007,5.9436,0.06646,0.08989,0.02578
G2018000008,5.9958,0.0573,0.08294,0.02625
G2018000009,8.1306,0.08066,0.12477,0.03346
G2018000010,4.9395,0.05665,0.10434,0.01881
G2018000011,5.3874,0.06858,0.09526,0.02924
G2018000012,5.0439,0.06129,0.08342,0.02577
G2018000013,6.5489,0.05554,0.09448,0.03033
G2018000014,6.4333,0.05879,0.07757,0.02593
G2018000015,7.6063,0.09103,0.15216,0.02745
G2018000016,9.6999,0.10049,0.14968,0.02066
G2018000017,9.5694,0.11644,0.15416,0.02697
G2018000018,10.4366,0.09996,0.13462,0.02352
G2018000019,5.8449,0.06483,0.07126,0.02719
G2018000020,8.4813,0.07032,0.12231,0.02138
G2018000021,9.5078,0.1022,0.14588,0.03205
G2018000022,5.4928,0.05665,0.07794,0.03016
G2018000023,8.4949,0.07942,0.13851,0.03384
G2018000024,5.7563,0.06176,0.09181,0.02468
G2018000025,4.9364,0.04724,0.09009,0.03291
G2018000026,5.8157,0.06001,0.09588,0.02129
G2018000027,9.3603,0.11119,0.15674,0.02151
G2018000028,5.2846,0.08131,0.09885,0.03147
G2018000029,6.4439,0.07766,0.08049,0.03567
G2018000030,5.3167,0.06014,0.06677,0.03225
G2018000031,5.3282,0.05897,0.09021,0.02213
G2018000032,9.8435,0.10288,0.12661,0.0219
G2018000033,5.3663,0.06645,0.0933,0.02438
G2018000034,11.9656,0.14201,0.17581,0.02643
G2018000035,5.8939,0.07355,0.08442,0.02635
G2018000036,9.7998,0.11014,0.13634,0.02849
G2018000037,8.0881,0.08402,0.14335,0.02511
G2018000038,5.3331,0.04459,0.09403,0.02121
G2018000039,5.304,0.08409,0.06256,0.02969
G2018000040,5.4298,0.05622,0.09915,0.029
G2018000041,5.7997,0.06586,0.08105,0.03291
G2018000042,5.7821,0.06336,0.09556,0.03093
G2018000043,6.0385,0.05575,0.07889,0.02227
G2018000044,6.1013,0.06031,0.0847,0.02306
G2018000045,5.2141,0.06911,0.10866,0.02408
G2018000046,9.8551,0.10519,0.1681,0.0319
G2018000047,4.5855,0.06009,0.08266,0.02573
G2018000048,5.7671,0.04478,0.07741,0.02731
G2018000049,6.9442,0.05423,0.06595,0.02952
G2018000050,5.2842,0.07114,0.08739,0.03074
G2018000051,9.2221,0.10019,0.15184,0.03399
G2018000052,10.0121,0.08657,0.14814,0.03594
G2018000053,12.0938,0.13935,0.18682,0.02319
G2018000054,9.7486,0.10491,0.13776,0.0358
G2018000055,6.2894,0.05781,0.07862,0.02281
G2018000056,8.7086,0.10793,0.14594,0.03301
G2018000057,6.1519,0.04953,0.1006,0.03492
G2018000058,7.871,0.09182,0.10581,0.03098
G2018000059,8.6025,0.09491,0.12725,0.02845
G2018000060,5.6959,0.05652,0.09265,0.03407
G2018000061,5.2206,0.04509,0.07593,0.03154
G2018000062,10.3227,0.10489,0.15074,0.01809
G2018000063,10.0739,0.10035,0.13874,0.02144
G2018000064,5.69,0.05342,0.06061,0.02398
G2018000065,12.197,0.12596,0.18929,0.02671
G2018000066,5.777,0.0541,0.07853,0.0214
G2018000067,5.1507,0.06563,0.08629,0.03447
G2018000068,5.3514,0.06561,0.0784,0.03222
G2018000069,4.9185,0.06227,0.10215,0.0209
G2018000070,7.8123,0.09322,0.13439,0.02033
G2018000071,6.4084,0.054,0.10267,0.02997
G2018000072,5.5835,0.06684,0.08052,0.02568
G2018000073,5.5106,0.05206,0.10897,0.02634
G2018000074,9.8757,0.11955,0.13309,0.03232
G2018000075,6.2306,0.05179,0.09434,0.01899
G2018000076,9.7922,0.10103,0.14918,0.0278
G2018000077,9.0525,0.08372,0.10762,0.01837
G2018000078,5.4376,0.07884,0.08408,0.0254
G2018000079,9.3935,0.10522,0.15021,0.03377
G2018000080,11.6792,0.13291,0.20054,0.01978
G2018000081,5.8903,0.05489,0.06248,0.03167
G2018000082,5.5199,0.05708,0.083,0.03423
G2018000083,5.1553,0.06523,0.09069,0.02112
G2018000084,5.429,0.07974,0.10192,0.03173
G2018000085,10.0677,0.10383,0.15524,0.02214
G2018000086,5.5439,0.06991,0.09802,0.03324
G2018000087,5.9087,0.07336,0.07758,0.02603
G2018000088,8.4714,0.08482,0.1296,0.03045
G2018000089,7.6835,0.07696,0.13562,0.03486
G2018000090,6.226,0.07281,0.08403,0.03129
G2018000091,8.3362,0.06798,0.1279,0.02108
G2018000092,5.6349,0.05721,0.07809,0.02492
G2018000093,5.8651,0.06263,0.07579,0.03145
G2018000094,12.7881,0.12143,0.16877,0.03226
G2018000095,5.2345,0.05999,0.08486,0.0256
G2018000096,9.7999,0.10834,0.16432,0.03582
G2018000097,4.2172,0.05265,0.07221,0.03315
G2018000098,8.4709,0.08211,0.11928,0.03426
G2018000099,6.4666,0.06846,0.07266,0.03173
G2018000100,9.1988,0.10453,0.14643,0.02491
G2018000101,9.3763,0.11302,0.15265,0.02642
G2018000102,8.0702,0.07661,0.1383,0.01904
G2018000103,9.3326,0.10043,0.12725,0.03062
G2018000104,5.9398,0.06209,0.08015,0.02703
G2018000105,12.321,0.14331,0.1733,0.01852
G2018000106,4.6864,0.06554,0.10359,0.02417
G2018000107,5.2477,0.05722,0.08218,0.02822
G2018000108,9.1928,0.09172,0.1434,0.02069
G2018000109,10.6001,0.10055,0.14145,0.02942
G2018000110,5.7683,0.07196,0.07996,0.03457
G2018000111,9.8682,0.09523,0.15639,0.03275
G2018000112,11.6533,0.13581,0.19934,0.02233
G2018000113,4.6923,0.0726,0.07428,0.02286
G2018000114,5.9621,0.07081,0.08757,0.0242
G2018000115,9.9477,0.10292,0.14439,0.03113
G2018000116,6.0065,0.05819,0.10394,0.02745
G2018000117,5.9103,0.07316,0.09896,0.02818
G2018000118,9.0164,0.09569,0.14372,0.02421
G2018000119,5.695,0.05365,0.08111,0.02234
G2018000120,6.0156,0.06207,0.10429,0.02793
G2018000121,5.2963,0.06413,0.084,0.02605
G2018000122,8.022,0.09005,0.11928,0.01972
G2018000123,5.4786,0.05893,0.08513,0.03088
G2018000124,4.9614,0.08288,0.07921,0.02069
G2018000125,7.7265,0.0944,0.10948,0.01858
G2018000126,5.4001,0.07727,0.06889,0.03548
G2018000127,5.4976,0.0581,0.09138,0.02438
G2018000128,5.2961,0.05029,0.0816,0.02719
G2018000129,9.1435,0.11646,0.14964,0.01815
G2018000130,5.416,0.03361,0.05843,0.0319
G2018000131,9.9257,0.1063,0.14291,0.01917
G2018000132,11.4719,0.12282,0.17166,0.02175
G2018000133,5.915,0.05992,0.08408,0.02746
G2018000134,7.972,0.08983,0.12673,0.02443
G2018000135,11.0256,0.10999,0.16315,0.02454
G2018000136,13.0269,0.12344,0.1622,0.02162
G2018000137,5.6398,0.06522,0.10046,0.02751
G2018000138,6.1581,0.05769,0.08177,0.03114
G2018000139,7.5532,0.07939,0.1394,0.01818
G2018000140,9.5281,0.10042,0.16253,0.02282
G2018000141,5.3803,0.05508,0.08156,0.02328
G2018000142,6.0414,0.06704,0.07862,0.02293
G2018000143,6.116,0.07371,0.09512,0.01894
G2018000144,7.5247,0.08648,0.14217,0.02321
G2018000145,5.533,0.07814,0.08554,0.0259
G2018000146,6.0569,0.0611,0.08937,0.02738
G2018000147,5.648,0.05649,0.09385,0.02269
G2018000148,5.9438,0.06373,0.0911,0.0192
G2018000149,4.9009,0.04824,0.07537,0.03528
G2018000150,5.0737,0.06678,0.0833,0.01851
G2018000151,5.9473,0.04478,0.09055,0.03405
G2018000152,8.1392,0.10064,0.11583,0.02498
G2018000153,5.6014,0.07715,0.0909,0.02497
G2018000154,6.119,0.07033,0.08984,0.0267
G2018000155,7.661,0.08294,0.12404,0.0339
G2018000156,6.2989,0.07765,0.07214,0.02821
G2018000157,11.227,0.13105,0.2066,0.03288
G2018000158,7.1447,0.09818,0.11775,0.028
G2018000159,13.0414,0.12752,0.18311,0.02904
G2018000160,9.5391,0.09422,0.12501,0.02197
G2018000161,9.979,0.11279,0.15378,0.02781
G2018000162,5.1403,0.06936,0.06891,0.03567
G2018000163,4.7158,0.04527,0.0836,0.02976
G2018000164,7.9979,0.08894,0.12125,0.03589
G2018000165,5.9566,0.06692,0.10091,0.0191
G2018000166,10.1453,0.11402,0.14467,0.03217
G2018000167,9.3775,0.10147,0.15114,0.03345
G2018000168,5.9624,0.07052,0.09244,0.03302
G2018000169,10.5192,0.10764,0.1451,0.02926
G2018000170,6.2866,0.06346,0.08004,0.01846
G2018000171,13.0773,0.143,0.19806,0.0315
G2018000172,10.2226,0.12869,0.15053,0.02867
G2018000173,8.191,0.08982,0.11949,0.01939
G2018000174,5.6896,0.07547,0.08633,0.02929
G2018000175,5.4677,0.06295,0.07102,0.02566
G2018000176,6.182,0.04222,0.09761,0.01861
G2018000177,9.1289,0.10176,0.13814,0.03506
G2018000178,10.1595,0.10217,0.12254,0.03427
G2018000179,11.7479,0.14132,0.17379,0.02367
G2018000180,5.9945,0.04556,0.0762,0.02069
G2018000181,5.3811,0.06192,0.11405,0.03264
G2018000182,8.1632,0.08017,0.11024,0.03223
G2018000183,9.829,0.10481,0.13557,0.02612
G2018000184,8.9424,0.0976,0.13798,0.02449
G2018000185,6.4689,0.0552,0.11562,0.02927
G2018000186,5.6442,0.05643,0.07392,0.02963
G2018000187,5.9169,0.06794,0.10437,0.03246
G2018000188,9.3255,0.1041,0.14741,0.02116
G2018000189,7.413,0.07885,0.11396,0.02168
G2018000190,6.0936,0.07274,0.08664,0.03235
G2018000191,9.3584,0.09936,0.15851,0.0328
G2018000192,5.7878,0.06242,0.07972,0.03272
G2018000193,5.4876,0.06538,0.08365,0.01835
G2018000194,5.6251,0.05005,0.07449,0.03233
G2018000195,10.1031,0.10501,0.14368,0.02554
G2018000196,4.338,0.0618,0.08072,0.02021
G2018000197,5.6935,0.04751,0.08559,0.03583
G2018000198,9.0368,0.0724,0.12579,0.03157
G2018000199,6.496,0.05521,0.09172,0.02304
G2018000200,9.6115,0.11478,0.16049,0.03122
G2018000201,5.275,0.06215,0.06988,0.02202
G2018000202,5.3613,0.05176,0.07189,0.01908
G2018000203,9.9181,0.0903,0.15034,0.03536
G2018000204,5.1344,0.0637,0.08025,0.02643
G2018000205,9.7619,0.11929,0.14219,0.01864
G2018000206,10.2037,0.09688,0.14587,0.02881
G2018000207,10.2476,0.09908,0.15011,0.03089
G2018000208,4.8893,0.05854,0.07414,0.03198
G2018000209,8.1686,0.08418,0.13729,0.03498
G2018000210,8.7233,0.11486,0.16965,0.02377
G2018000211,9.0432,0.11364,0.14236,0.02168
G2018000212,6.325,0.06643,0.0876,0.02837
G2018000213,5.5563,0.05133,0.07555,0.03038
G2018000214,5.6567,0.0586,0.08071,0.03047
G2018000215,8.1534,0.08241,0.14392,0.02709
G2018000216,10.3029,0.09089,0.16024,0.03197
G2018000217,12.4294,0.13518,0.17811,0.03533
G2018000218,5.4188,0.05881,0.09046,0.02452
G2018000219,10.3665,0.09272,0.15136,0.03311
G2018000220,9.0442,0.07326,0.12628,0.02667
G2018000221,6.0395,0.06687,0.10004,0.01953
G2018000222,11.5487,0.13541,0.16345,0.02705
G2018000223,5.7016,0.05026,0.07007,0.03118
G2018000224,6.1971,0.05915,0.08022,0.02164
G2018000225,9.2327,0.12121,0.15567,0.02241
G2018000226,5.3871,0.07211,0.09247,0.02046
G2018000227,10.3183,0.10925,0.15081,0.03129
G2018000228,12.9961,0.13371,0.17933,0.01916
G2018000229,8.5725,0.10224,0.11566,0.02375
G2018000230,4.7096,0.07454,0.08944,0.01806
G2018000231,7.8312,0.08418,0.11749,0.03182
G2018000232,8.6678,0.08512,0.14913,0.01927
G2018000233,10.522,0.09346,0.14842,0.03278
G2018000234,9.3717,0.09928,0.14099,0.02932
G2018000235,8.0749,0.09418,0.10785,0.02716
G2018000236,7.5125,0.08909,0.11419,0.02348
G2018000237,6.1667,0.06965,0.0637,0.01912
G2018000238,4.6005,0.07132,0.09829,0.02718
G2018000239,9.594,0.10011,0.11936,0.02637
G2018000240,5.4589,0.06229,0.08216,0.02813
G2018000241,9.9008,0.10283,0.12744,0.02641
G2018000242,9.2433,0.08007,0.13345,0.02377
G2018000243,9.6695,0.09378,0.13247,0.03057
G2018000244,12.1074,0.14528,0.18302,0.02694
G2018000245,5.9157,0.06716,0.09114,0.02238
G2018000246,11.5888,0.1187,0.17437,0.03056
G2018000247,4.9979,0.05491,0.06805,0.01811
G2018000248,6.0592,0.06097,0.10698,0.02465
G2018000249,9.5316,0.10818,0.14359,0.03396
G2018000250,5.7111,0.04743,0.08242,0.02707
G2018000251,9.8907,0.11502,0.14874,0.02706
G2018000252,5.3348,0.07096,0.10288,0.03308
G2018000253,6.0426,0.05233,0.07252,0.03478
G2018000254,4.733,0.05211,0.08491,0.02691
G2018000255,5.5569,0.04994,0.09052,0.02888
G2018000256,5.6221,0.0732,0.08246,0.02634
G2018000257,8.1956,0.0812,0.13304,0.0228
G2018000258,5.4415,0.06286,0.07622,0.01846
G2018000259,7.8902,0.08793,0.12968,0.02266
G2018000260,5.4612,0.0501,0.0804,0.03107
G2018000261,7.9279,0.06095,0.13601,0.01955
G2018000262,5.5523,0.06239,0.10011,0.02443
G2018000263,9.7923,0.10963,0.15892,0.02701
G2018000264,8.1369,0.09218,0.11665,0.01872
G2018000265,9.0151,0.10876,0.13676,0.03379
G2018000266,5.552,0.06885,0.0793,0.0311
G2018000267,7.7659,0.07938,0.13312,0.02239
G2018000268,5.9528,0.05867,0.07565,0.01881
G2018000269,6.5289,0.04173,0.08422,0.03203
G2018000270,9.8045,0.10148,0.15856,0.02095
G2018000271,7.7618,0.07699,0.12927,0.02676
G2018000272,11.7953,0.14436,0.18871,0.01854
G2018000273,6.0392,0.05616,0.07859,0.02954
G2018000274,5.4228,0.06815,0.09577,0.02138
G2018000275,6.3069,0.04955,0.07902,0.02477
G2018000276,4.4935,0.06296,0.07775,0.02319
G2018000277,8.695,0.07276,0.09941,0.02129
G2018000278,5.9444,0.04352,0.10228,0.02633
G2018000279,12.8973,0.14717,0.17777,0.03534
G2018000280,5.4043,0.05916,0.08994,0.03276
G2018000281,5.8115,0.06124,0.0871,0.01876
G2018000282,5.464,0.07091,0.08072,0.0241
G2018000283,5.1355,0.04505,0.10726,0.02595
G2018000284,5.4128,0.06809,0.0732,0.03043
G2018000285,7.8876,0.08587,0.10117,0.02833
G2018000286,8.9467,0.09445,0.1439,0.02063
G2018000287,7.5328,0.05916,0.11545,0.03168
G2018000288,9.2934,0.09693,0.13993,0.03354
G2018000289,4.8074,0.07481,0.06471,0.03383
G2018000290,10.0751,0.09206,0.1337,0.03283
G2018000291,4.3642,0.05517,0.06843,0.02001
G2018000292,5.7471,0.07315,0.06765,0.0323
G2018000293,4.5105,0.072,0.08616,0.03214
G2018000294,10.0698,0.10953,0.13441,0.02371
G2018000295,6.0783,0.05723,0.08921,0.02728
G2018000296,5.7814,0.07301,0.09244,0.03118
G2018000297,5.9149,0.04297,0.09166,0.02495
G2018000298,4.8794,0.05712,0.08487,0.03104
G2018000299,9.9118,0.1018,0.1477,0.02354
G2018000300,6.3354,0.05092,0.08535,0.0239
G2018000301,4.6887,0.05103,0.09335,0.02815
G2018000302,6.4804,0.04215,0.08723,0.02683
G2018000303,5.5396,0.05169,0.0938,0.03555
G2018000304,9.216,0.10874,0.16456,0.01865
G2018000305,5.6743,0.05152,0.08211,0.0226
G2018000306,9.2469,0.09771,0.15606,0.02885
G2018000307,10.3088,0.11085,0.12461,0.01899
G2018000308,5.9426,0.07501,0.1013,0.02762
G2018000309,7.8243,0.07221,0.11465,0.03505
G2018000310,11.7303,0.12917,0.16493,0.02782
G2018000311,7.3939,0.06761,0.1204,0.02908
G2018000312,5.4454,0.06458,0.07903,0.02488
G2018000313,9.734,0.10901,0.14901,0.01976
G2018000314,9.66,0.1111,0.14194,0.01835
G2018000315,5.3154,0.06795,0.08003,0.02353
G2018000316,5.1118,0.07365,0.06937,0.02264
G2018000317,5.1943,0.06369,0.08735,0.0314
G2018000318,5.9195,0.05882,0.10496,0.01825
G2018000319,4.9788,0.07026,0.08522,0.02076
G2018000320,9.6085,0.1074,0.14113,0.03444
G2018000321,9.6918,0.10545,0.15887,0.02405
G2018000322,9.0917,0.10593,0.13872,0.02507
G2018000323,5.5643,0.07808,0.08103,0.0252
G2018000324,5.4353,0.07429,0.08256,0.03301
G2018000325,6.2959,0.063,0.07752,0.02024
G2018000326,6.3426,0.05315,0.08419,0.02087
G2018000327,5.7072,0.05967,0.07667,0.01925
G2018000328,10.1133,0.09709,0.12211,0.02119
G2018000329,9.6514,0.09576,0.16142,0.03272
G2018000330,10.0296,0.11074,0.13958,0.0192
G2018000331,9.666,0.11732,0.14509,0.022
G2018000332,7.165,0.06109,0.09256,0.03005
G2018000333,6.5508,0.05347,0.09227,0.03019
G2018000334,5.6183,0.06916,0.09656,0.02343
G2018000335,5.2343,0.0493,0.09239,0.02067
G2018000336,8.59,0.09255,0.1286,0.02085
G2018000337,5.3323,0.04724,0.08075,0.02231
G2018000338,9.7448,0.10596,0.14137,0.02236
G2018000339,5.6252,0.0706,0.07613,0.03225
G2018000340,5.2832,0.06947,0.10973,0.02033
G2018000341,4.8101,0.0526,0.08304,0.02978
G2018000342,9.8018,0.11037,0.17101,0.03082
G2018000343,7.2922,0.07091,0.11604,0.03582
G2018000344,5.9476,0.07059,0.08266,0.02508
G2018000345,12.3803,0.14785,0.18947,0.02798
G2018000346,9.4441,0.09577,0.16973,0.0206
G2018000347,8.0464,0.09218,0.13103,0.02912
G2018000348,9.9392,0.09889,0.15113,0.03554
G2018000349,5.5072,0.06771,0.07236,0.01889
G2018000350,9.7886,0.10768,0.14195,0.02322
G2018000351,4.5926,0.0426,0.08384,0.02589
G2018000352,9.5794,0.09203,0.13847,0.02885
G2018000353,5.2863,0.0648,0.11369,0.01917
G2018000354,5.1517,0.07007,0.06943,0.03127
G2018000355,9.6514,0.08963,0.17499,0.02574
G2018000356,6.0538,0.06555,0.07247,0.02308
G2018000357,7.899,0.07255,0.12285,0.03077
G2018000358,11.784,0.116,0.19284,0.02659
G2018000359,8.0047,0.08438,0.13751,0.02659
G2018000360,9.7926,0.11556,0.16876,0.02024
G2018000361,5.9538,0.06235,0.07867,0.02899
G2018000362,6.1429,0.04841,0.07779,0.02843
G2018000363,11.7601,0.14164,0.18901,0.02471
G2018000364,5.8855,0.06486,0.07639,0.02023
G2018000365,12.6618,0.13494,0.1796,0.03236
G2018000366,12.0265,0.13137,0.18761,0.02063
G2018000367,5.1943,0.05328,0.07412,0.02137
G2018000368,11.4367,0.12352,0.19755,0.02128
G2018000369,11.8752,0.11438,0.18978,0.0355
G2018000370,5.7606,0.06897,0.10518,0.02175
G2018000371,5.5665,0.04596,0.08048,0.03128
G2018000372,5.3821,0.07797,0.08549,0.02027
G2018000373,6.0851,0.0624,0.11032,0.03091
G2018000374,4.4499,0.05941,0.09679,0.0284
G2018000375,8.0481,0.08467,0.11791,0.01918
G2018000376,12.4537,0.12134,0.20346,0.03505
G2018000377,11.5111,0.14325,0.19147,0.03409
G2018000378,9.5552,0.10189,0.12464,0.03257
G2018000379,5.5753,0.05928,0.10552,0.02834
G2018000380,5.5101,0.05352,0.07247,0.01902
G2018000381,6.1024,0.06734,0.10847,0.03281
G2018000382,9.9504,0.10842,0.1358,0.03592
G2018000383,6.2493,0.05964,0.07477,0.031
G2018000384,8.9168,0.09442,0.15123,0.02872
G2018000385,7.9974,0.06853,0.11655,0.01834
G2018000386,9.5578,0.09582,0.11584,0.0352
G2018000387,5.1893,0.06361,0.10468,0.03351
G2018000388,6.0298,0.06999,0.10409,0.03086
G2018000389,5.8495,0.0688,0.09089,0.03573
G2018000390,5.8653,0.06062,0.09255,0.03011
G2018000391,5.968,0.05877,0.10597,0.0215
G2018000392,6.0562,0.05157,0.07536,0.02662
G2018000393,6.0553,0.04958,0.07757,0.02542
G2018000394,12.3761,0.12202,0.19559,0.0287
G2018000395,9.5907,0.10742,0.14461,0.02911
G2018000396,9.0907,0.11798,0.1407,0.02987
G2018000397,5.6825,0.06147,0.08835,0.02297
G2018000398,5.721,0.05848,0.07236,0.03036
G2018000399,6.149,0.06012,0.09515,0.02719
G2018000400,5.6806,0.04788,0.09435,0.02475
G2018000401,4.8162,0.04118,0.0834,0.03217
G2018000402,7.5794,0.08782,0.12828,0.02239
G2018000403,10.3086,0.10915,0.15836,0.03114
G2018000404,8.5387,0.08748,0.12076,0.02358
G2018000405,11.3888,0.12792,0.1898,0.02718
G2018000406,10.486,0.11371,0.15527,0.02106
G2018000407,5.9892,0.07373,0.05992,0.03086
G2018000408,7.3083,0.06191,0.06744,0.02098
G2018000409,8.4396,0.09136,0.13901,0.01842
G2018000410,12.0453,0.1281,0.17209,0.03453
G2018000411,5.6295,0.07804,0.08066,0.02807
G2018000412,7.8279,0.08536,0.11929,0.03296
G2018000413,9.8194,0.10491,0.13201,0.01918
G2018000414,5.071,0.06022,0.08271,0.02447
G2018000415,5.2174,0.06415,0.09348,0.02208
G2018000416,5.2126,0.06677,0.09032,0.03461
G2018000417,4.5919,0.05827,0.08753,0.01904
G2018000418,4.9848,0.0491,0.08864,0.03156
G2018000419,6.4479,0.04758,0.08705,0.0298
G2018000420,5.6845,0.07951,0.09776,0.02114
G2018000421,11.4521,0.12914,0.17578,0.01965
G2018000422,8.1229,0.08245,0.11988,0.03148
G2018000423,10.1925,0.10826,0.16369,0.02103
G2018000424,6.0235,0.06499,0.09905,0.03568
G2018000425,6.2574,0.05977,0.07689,0.03267
G2018000426,4.8175,0.06203,0.09129,0.02806
G2018000427,5.7379,0.0462,0.10017,0.02159
G2018000428,10.4184,0.11017,0.13832,0.02727
G2018000429,4.9591,0.08093,0.09409,0.02343
G2018000430,9.5164,0.11719,0.15286,0.03079
G2018000431,12.335,0.14456,0.1701,0.02166
G2018000432,5.0216,0.07206,0.10512,0.02408
G2018000433,5.9748,0.0782,0.07679,0.02574
G2018000434,7.7693,0.085,0.11947,0.03167
G2018000435,5.4919,0.07528,0.08184,0.03134
G2018000436,5.7129,0.05584,0.08134,0.02652
G2018000437,8.5991,0.09051,0.1216,0.02225
G2018000438,6.1106,0.0516,0.06239,0.02342
G2018000439,10.5624,0.10651,0.14832,0.032
G2018000440,5.3431,0.04821,0.09488,0.02017
G2018000441,12.3136,0.11426,0.18192,0.03457
G2018000442,12.4984,0.12972,0.19407,0.03371
G2018000443,5.4376,0.07698,0.07545,0.03388
G2018000444,5.228,0.07301,0.09013,0.02185
G2018000445,5.5353,0.05109,0.06887,0.03131
G2018000446,7.3418,0.09068,0.13326,0.02899
G2018000447,10.6227,0.11314,0.14155,0.02236
G2018000448,9.0414,0.10924,0.15589,0.0292
G2018000449,10.5745,0.11728,0.14361,0.0318
G2018000450,5.4844,0.05126,0.0696,0.03535
G2018000451,6.1722,0.05378,0.07505,0.03293
G2018000452,9.5879,0.11206,0.12989,0.03001
G2018000453,5.1335,0.05774,0.09523,0.02028
G2018000454,10.4014,0.11281,0.15566,0.02124
G2018000455,5.4884,0.05084,0.0957,0.03059
G2018000456,10.1832,0.10688,0.15038,0.02126
G2018000457,5.0676,0.06854,0.0995,0.02427
G2018000458,5.3291,0.06612,0.09593,0.03553
G2018000459,5.1467,0.05721,0.07836,0.0314
G2018000460,7.2474,0.0863,0.1152,0.0265
G2018000461,9.2117,0.091,0.12856,0.02511
G2018000462,5.7044,0.0634,0.05995,0.02148
G2018000463,8.4642,0.08389,0.12939,0.02572
G2018000464,5.3124,0.05053,0.08555,0.03457
G2018000465,6.0637,0.08133,0.09686,0.02035
G2018000466,5.5501,0.061,0.08914,0.02559
G2018000467,4.7706,0.06324,0.08619,0.03453
G2018000468,10.024,0.11346,0.14349,0.02577
G2018000469,10.517,0.11242,0.145,0.02229
G2018000470,9.6507,0.10041,0.14586,0.01834
G2018000471,9.1051,0.09055,0.13383,0.02467
G2018000472,5.4747,0.06146,0.09241,0.03055
G2018000473,6.6594,0.06251,0.09035,0.02908
G2018000474,6.5152,0.0493,0.07994,0.03214
G2018000475,5.6158,0.05345,0.08578,0.02215
G2018000476,5.689,0.06832,0.06843,0.02281
G2018000477,7.6887,0.07393,0.10938,0.02341
G2018000478,5.0957,0.056,0.09248,0.02208
G2018000479,5.9089,0.0448,0.09732,0.02131
G2018000480,6.1529,0.05551,0.09958,0.02955
G2018000481,6.4364,0.06386,0.10134,0.03298
G2018000482,5.7946,0.05962,0.08585,0.01805
G2018000483,8.4005,0.08244,0.11024,0.02449
G2018000484,9.255,0.09762,0.15582,0.02999
G2018000485,5.2622,0.07678,0.08197,0.0302
G2018000486,5.3859,0.04065,0.10028,0.02008
G2018000487,10.6594,0.08734,0.14732,0.02074
G2018000488,9.2168,0.08671,0.12596,0.02547
G2018000489,6.0927,0.05516,0.07497,0.02292
G2018000490,4.7566,0.05856,0.08373,0.03155
G2018000491,8.2405,0.08715,0.10163,0.02893
G2018000492,12.3167,0.12344,0.17314,0.02799
G2018000493,9.241,0.11821,0.12813,0.03197
G2018000494,5.415,0.06922,0.06854,0.02596
G2018000495,7.9006,0.08434,0.14025,0.02862
G2018000496,6.5959,0.04651,0.08913,0.0221
G2018000497,5.4269,0.06354,0.09607,0.03551
G2018000498,5.8267,0.06007,0.08261,0.02177
G2018000499,5.3215,0.07097,0.08894,0.02807
G2018000500,6.3213,0.06665,0.10703,0.02822
G2018000501,8.5851,0.10086,0.15446,0.01934
G2018000502,5.4056,0.05004,0.06374,0.02205
G2018000503,5.0589,0.05627,0.08768,0.01825
G2018000504,5.0794,0.05067,0.09818,0.02086
G2018000505,6.1128,0.04331,0.08723,0.02986
G2018000506,7.4116,0.0853,0.13167,0.01884
G2018000507,5.7398,0.06641,0.09025,0.03103
G2018000508,8.9212,0.11606,0.15209,0.01946
G2018000509,8.2468,0.08542,0.11309,0.03168
G2018000510,6.0212,0.06864,0.07774,0.0318
G2018000511,9.8468,0.1036,0.14124,0.02925
G2018000512,10.0577,0.09556,0.14816,0.02771
G2018000513,6.1362,0.0524,0.08124,0.03259
G2018000514,8.3666,0.08731,0.1374,0.02073
G2018000515,12.0312,0.13065,0.18455,0.02136
G2018000516,5.5809,0.05006,0.07688,0.01877
G2018000517,6.2129,0.06543,0.08485,0.02348
G2018000518,8.3698,0.08265,0.10887,0.02836
G2018000519,5.8195,0.05834,0.06997,0.02026
G2018000520,5.479,0.05634,0.09389,0.03221
G2018000521,5.6803,0.0771,0.06973,0.02602
G2018000522,5.2942,0.05515,0.07916,0.02733
G2018000523,7.1702,0.10305,0.13442,0.03264
G2018000524,11.781,0.12475,0.17819,0.03525
G2018000525,9.2153,0.10159,0.12008,0.03035
G2018000526,5.4419,0.05345,0.0791,0.03422
G2018000527,5.0106,0.0508,0.09354,0.02476
G2018000528,8.6717,0.07133,0.13624,0.02367
G2018000529,5.1989,0.06132,0.08106,0.0315
G2018000530,8.4771,0.08273,0.10604,0.02487
G2018000531,5.3428,0.06638,0.08499,0.02719
G2018000532,5.0413,0.05851,0.07493,0.02601
G2018000533,5.634,0.07026,0.09055,0.03481
G2018000534,5.6361,0.05735,0.08725,0.02108
G2018000535,7.0272,0.09219,0.13914,0.03235
G2018000536,10.4673,0.10685,0.141,0.02808
G2018000537,5.3119,0.06937,0.11451,0.0258
G2018000538,9.8738,0.10576,0.144,0.03262
G2018000539,9.7709,0.08234,0.16195,0.02415
G2018000540,5.8785,0.06421,0.10046,0.0307
G2018000541,10.1551,0.09023,0.13271,0.02441
G2018000542,9.6052,0.10681,0.14695,0.03567
G2018000543,6.8588,0.06502,0.08453,0.03043
G2018000544,9.7234,0.09221,0.15935,0.02637
G2018000545,7.581,0.08503,0.12143,0.02726
G2018000546,5.6155,0.05846,0.08309,0.02677
G2018000547,11.8763,0.13602,0.19858,0.03255
G2018000548,9.6774,0.0999,0.15498,0.02194
G2018000549,5.9345,0.05605,0.09083,0.03594
G2018000550,5.4414,0.06075,0.08321,0.02906
G2018000551,5.4694,0.05944,0.10588,0.0204
G2018000552,5.7132,0.05349,0.09298,0.02954
G2018000553,9.4628,0.11062,0.16296,0.02353
G2018000554,7.9487,0.09543,0.12937,0.03043
G2018000555,9.5011,0.11168,0.13337,0.02909
G2018000556,6.7667,0.04291,0.09427,0.02935
G2018000557,10.6252,0.10748,0.15105,0.03407
G2018000558,5.6217,0.06545,0.09339,0.02681
G2018000559,8.193,0.08363,0.12218,0.01864
G2018000560,5.5977,0.06239,0.08774,0.02484
G2018000561,10.4377,0.10481,0.14503,0.03168
G2018000562,9.5172,0.10134,0.15999,0.03157
G2018000563,5.3078,0.07299,0.09646,0.0194
G2018000564,5.6978,0.06019,0.09002,0.02967
G2018000565,5.9153,0.05559,0.08133,0.03144
G2018000566,5.3617,0.05979,0.08045,0.02561
G2018000567,4.3344,0.05168,0.09654,0.02853
G2018000568,5.3908,0.0769,0.10085,0.01858
G2018000569,5.9259,0.06971,0.09633,0.02532
G2018000570,5.736,0.0712,0.08152,0.02301
G2018000571,12.1145,0.11913,0.17764,0.03219
G2018000572,5.799,0.06322,0.10518,0.02958
G2018000573,4.5744,0.06541,0.11116,0.02245
G2018000574,8.3671,0.07556,0.11226,0.02185
G2018000575,5.6302,0.06753,0.07911,0.03465
G2018000576,9.5611,0.1094,0.16026,0.02164
G2018000577,12.5956,0.13575,0.19864,0.02766
G2018000578,9.9441,0.10588,0.14655,0.02457
G2018000579,5.1921,0.06061,0.08494,0.02403
G2018000580,5.7943,0.05768,0.0885,0.03083
G2018000581,5.8929,0.04854,0.08857,0.02093
G2018000582,10.4616,0.09263,0.14739,0.03362
G2018000583,7.985,0.08147,0.12445,0.0322
G2018000584,5.9641,0.06744,0.07879,0.035
G2018000585,9.3488,0.09761,0.15475,0.0296
G2018000586,5.3562,0.05984,0.08353,0.02322
G2018000587,12.1525,0.13063,0.19305,0.033
G2018000588,8.4757,0.08444,0.12052,0.03219
G2018000589,6.1245,0.04935,0.08865,0.03206
G2018000590,9.9433,0.11457,0.15393,0.02012
G2018000591,5.9334,0.05862,0.0665,0.01803
G2018000592,6.7147,0.06705,0.08695,0.03353
G2018000593,4.7914,0.05897,0.08812,0.03266
G2018000594,6.2661,0.06395,0.09317,0.02756
G2018000595,9.3817,0.10285,0.16064,0.01874
G2018000596,8.3154,0.09964,0.12191,0.03056
G2018000597,12.2695,0.13523,0.19042,0.02458
G2018000598,5.861,0.06174,0.07631,0.03241
G2018000599,9.4048,0.10746,0.13653,0.02033
G2018000600,6.0234,0.06101,0.09324,0.03419
G2018000601,7.7194,0.06811,0.1215,0.02686
G2018000602,10.1141,0.11802,0.11468,0.02406
G2018000603,10.8489,0.13326,0.17832,0.02453
G2018000604,5.6017,0.06063,0.09222,0.02255
G2018000605,10.0562,0.11425,0.14652,0.02387
G2018000606,9.9125,0.10992,0.15459,0.01977
G2018000607,12.4551,0.12789,0.16662,0.02552
G2018000608,6.3345,0.05891,0.08048,0.01861
G2018000609,9.3769,0.10094,0.15024,0.01848
G2018000610,10.0377,0.0967,0.12812,0.02668
G2018000611,4.875,0.05823,0.09069,0.02098
G2018000612,6.3347,0.06499,0.10082,0.02704
G2018000613,9.4459,0.09922,0.13505,0.0295
G2018000614,6.3197,0.05984,0.09409,0.02325
G2018000615,8.279,0.1021,0.12106,0.02112
G2018000616,12.5057,0.14208,0.17885,0.02989
G2018000617,5.1672,0.07491,0.0986,0.01971
G2018000618,6.0991,0.07444,0.06997,0.02443
G2018000619,5.1809,0.05793,0.10188,0.03067
G2018000620,6.7897,0.05762,0.07113,0.03114
G2018000621,9.0247,0.11752,0.162,0.02191
G2018000622,7.2014,0.08301,0.11305,0.024
G2018000623,5.1926,0.04974,0.09441,0.02001
G2018000624,5.5874,0.06195,0.07456,0.02565
G2018000625,5.6442,0.05917,0.08455,0.01847
G2018000626,7.6058,0.06968,0.14093,0.03468
G2018000627,9.1197,0.10726,0.13074,0.03415
G2018000628,4.0992,0.05521,0.0824,0.02736
G2018000629,6.1318,0.07016,0.09325,0.02642
G2018000630,9.2917,0.10095,0.14486,0.02739
G2018000631,11.4477,0.12322,0.19366,0.02501
G2018000632,9.8269,0.08735,0.15312,0.01865
G2018000633,4.951,0.06582,0.06601,0.02075
G2018000634,5.1001,0.04747,0.09716,0.02997
G2018000635,5.5891,0.06523,0.08928,0.02474
G2018000636,9.8059,0.09755,0.13334,0.03408
G2018000637,6.1461,0.0603,0.08283,0.02286
G2018000638,7.9921,0.07746,0.14241,0.02522
G2018000639,7.0405,0.06402,0.07383,0.02226
G2018000640,5.3838,0.04764,0.08811,0.01834
G2018000641,5.9616,0.05916,0.08031,0.0189
G2018000642,5.145,0.05389,0.08873,0.03598
G2018000643,6.0606,0.07178,0.08633,0.03465
G2018000644,6.2952,0.03397,0.09526,0.01887
G2018000645,5.9021,0.06997,0.07776,0.02755
G2018000646,5.7781,0.06747,0.08549,0.02567
G2018000647,5.3144,0.04663,0.07173,0.03371
G2018000648,9.3039,0.09848,0.15191,0.02934
G2018000649,7.5821,0.08104,0.11414,0.03476
G2018000650,5.8311,0.05822,0.07725,0.03412
G2018000651,5.8762,0.06204,0.08328,0.01843
G2018000652,4.6539,0.04418,0.07964,0.02683
G2018000653,5.5452,0.06621,0.08275,0.03215
G2018000654,4.7606,0.05012,0.08477,0.03163
G2018000655,9.7957,0.1109,0.13511,0.02634
G2018000656,5.5908,0.06903,0.09072,0.02685
G2018000657,9.5095,0.10009,0.14929,0.02121
G2018000658,5.6467,0.06205,0.08189,0.01946
G2018000659,8.1151,0.08843,0.1399,0.02464
G2018000660,5.9102,0.06563,0.07443,0.02691
G2018000661,9.1339,0.09829,0.16702,0.0323
G2018000662,7.0871,0.05869,0.10192,0.01866
G2018000663,5.3188,0.08163,0.08458,0.025
G2018000664,6.2717,0.05044,0.08762,0.0231
G2018000665,9.8361,0.10323,0.14509,0.03308
G2018000666,4.8637,0.07659,0.08102,0.02868
G2018000667,5.6274,0.08024,0.08941,0.02897
G2018000668,5.2882,0.05384,0.09035,0.02059
G2018000669,6.1018,0.05757,0.07149,0.03389
G2018000670,10.0869,0.10422,0.16355,0.02246
G2018000671,10.1715,0.08807,0.13028,0.03298
G2018000672,9.6739,0.09706,0.1414,0.02381
G2018000673,5.9823,0.05997,0.06637,0.02485
G2018000674,6.3221,0.06291,0.08787,0.02635
G2018000675,5.6217,0.07043,0.09946,0.02119
G2018000676,5.1615,0.05931,0.09587,0.02345
G2018000677,5.0803,0.06637,0.0821,0.02116
G2018000678,5.7108,0.06448,0.09206,0.02371
G2018000679,9.4511,0.10742,0.13273,0.01945
G2018000680,9.7762,0.11009,0.1534,0.03551
G2018000681,8.8856,0.10714,0.14311,0.02683
G2018000682,11.327,0.12523,0.17402,0.03336
G2018000683,5.4571,0.04932,0.09025,0.02123
G2018000684,9.9501,0.08934,0.1414,0.01968
G2018000685,8.5182,0.09666,0.15077,0.02684
G2018000686,6.6373,0.05415,0.0791,0.02354
G2018000687,8.5876,0.0876,0.13703,0.031
G2018000688,6.3127,0.05131,0.07249,0.03089
G2018000689,5.6939,0.06607,0.08971,0.03359
G2018000690,9.791,0.10977,0.14469,0.02513
G2018000691,12.6813,0.13049,0.18819,0.01848
G2018000692,5.0169,0.05714,0.08538,0.02983
G2018000693,12.1487,0.1339,0.19509,0.02838
G2018000694,5.8491,0.06635,0.08299,0.02199
G2018000695,6.0981,0.07243,0.07865,0.03396
G2018000696,9.5525,0.10948,0.14485,0.02102
G2018000697,5.9704,0.07529,0.08076,0.02431
G2018000698,9.8011,0.11396,0.14356,0.02896
G2018000699,8.2773,0.07346,0.13277,0.0266
G2018000700,5.0977,0.05604,0.06599,0.03518
G2018000701,12.6007,0.14415,0.19437,0.03035
G2018000702,5.6462,0.07995,0.08556,0.02175
G2018000703,10.4596,0.11255,0.14422,0.0273
G2018000704,5.6657,0.05702,0.09527,0.02845
G2018000705,8.2285,0.0921,0.11533,0.02836
G2018000706,5.9623,0.06177,0.0994,0.03042
G2018000707,10.2225,0.09416,0.15837,0.01819
G2018000708,11.0112,0.13628,0.19734,0.02498
G2018000709,6.051,0.05859,0.10079,0.03025
G2018000710,7.9303,0.08195,0.13565,0.0333
G2018000711,7.7521,0.10084,0.13608,0.03434
G2018000712,6.2022,0.07356,0.09234,0.02282
G2018000713,6.2594,0.0634,0.09471,0.01857
G2018000714,5.4375,0.04467,0.08943,0.02698
G2018000715,5.5797,0.06094,0.08118,0.03055
G2018000716,5.4945,0.0588,0.08885,0.02654
G2018000717,10.3325,0.11141,0.15433,0.01917
G2018000718,5.1907,0.04765,0.09714,0.01891
G2018000719,5.4272,0.05801,0.09294,0.01831
G2018000720,5.9652,0.0663,0.09555,0.0224
G2018000721,5.105,0.08174,0.08584,0.03482
G2018000722,6.3673,0.05619,0.07764,0.02303
G2018000723,5.09,0.06151,0.08306,0.03461
G2018000724,5.8939,0.06731,0.08076,0.02382
G2018000725,4.9055,0.05743,0.10426,0.02692
G2018000726,5.4171,0.0583,0.10135,0.02732
G2018000727,4.5894,0.06062,0.08512,0.02856
G2018000728,5.8785,0.06296,0.07371,0.02864
G2018000729,10.0357,0.11414,0.14602,0.03245
G2018000730,5.1031,0.06762,0.08435,0.03503
G2018000731,5.4251,0.06438,0.10282,0.02558
G2018000732,9.4804,0.10614,0.15575,0.03532
G2018000733,5.9177,0.06419,0.07982,0.03268
G2018000734,5.2253,0.05494,0.07859,0.03136
G2018000735,5.8327,0.06869,0.09451,0.03226
G2018000736,5.9146,0.04191,0.09308,0.02108
G2018000737,12.6397,0.12868,0.18505,0.03318
G2018000738,6.4399,0.05988,0.06696,0.03394
G2018000739,6.1458,0.05175,0.0854,0.03038
G2018000740,9.6011,0.11256,0.14852,0.02756
G2018000741,6.2404,0.05431,0.11304,0.01837
G2018000742,6.3138,0.05908,0.09761,0.02156
G2018000743,6.8273,0.06084,0.08843,0.03205
G2018000744,9.4422,0.104,0.14991,0.01862
G2018000745,9.3473,0.09395,0.1439,0.02599
G2018000746,7.9366,0.07616,0.09599,0.01966
G2018000747,9.5271,0.11818,0.15007,0.01862
G2018000748,5.4064,0.05035,0.0955,0.02078
G2018000749,9.3518,0.11081,0.14549,0.02426
G2018000750,5.1387,0.06705,0.08212,0.01966
G2018000751,5.3645,0.04682,0.08226,0.02426
G2018000752,5.6986,0.07477,0.07826,0.02773
G2018000753,5.7121,0.05555,0.09072,0.01922
G2018000754,5.7797,0.07922,0.08853,0.02018
G2018000755,6.0214,0.05175,0.08514,0.02236
G2018000756,5.7922,0.05574,0.08539,0.03398
G2018000757,6.1224,0.06487,0.08362,0.03402
G2018000758,6.0285,0.06566,0.09088,0.02431
G2018000759,5.7335,0.04014,0.06596,0.03343
G2018000760,4.5674,0.06345,0.0866,0.02474
G2018000761,9.2198,0.10466,0.12915,0.03254
G2018000762,7.42,0.08944,0.13203,0.0224
G2018000763,5.3063,0.06799,0.10293,0.03412
G2018000764,5.4303,0.06007,0.07497,0.02426
G2018000765,9.9523,0.11513,0.14296,0.03304
G2018000766,8.1187,0.10314,0.15598,0.02852
G2018000767,5.6357,0.07437,0.08333,0.03198
G2018000768,9.1347,0.12125,0.15537,0.03514
G2018000769,5.2262,0.05668,0.07409,0.01999
G2018000770,9.2125,0.11013,0.16483,0.0288
G2018000771,5.9931,0.05902,0.07898,0.02386
G2018000772,4.952,0.05826,0.08636,0.0322
G2018000773,9.149,0.10679,0.13343,0.02119
G2018000774,5.8517,0.0708,0.10061,0.01941
G2018000775,5.5628,0.0529,0.09033,0.03492
G2018000776,5.9299,0.06431,0.10984,0.02874
G2018000777,5.2746,0.06166,0.09573,0.02169
G2018000778,5.5256,0.06041,0.09034,0.02166
G2018000779,5.3458,0.06554,0.08581,0.03425
G2018000780,9.4966,0.10481,0.12824,0.02995
G2018000781,5.883,0.06116,0.08598,0.02499
G2018000782,9.9212,0.10394,0.15153,0.03421
G2018000783,9.4701,0.10269,0.16172,0.02189
G2018000784,8.3696,0.09255,0.12457,0.02093
G2018000785,5.3865,0.06405,0.07809,0.03309
G2018000786,7.8307,0.08862,0.09692,0.02925
G2018000787,5.989,0.05734,0.07876,0.02497
G2018000788,7.9426,0.08398,0.1332,0.01859
G2018000789,8.3573,0.07827,0.12823,0.0256
G2018000790,7.687,0.08726,0.12138,0.02032
G2018000791,5.734,0.06539,0.06628,0.02018
G2018000792,10.1747,0.10044,0.14615,0.03286
G2018000793,9.5534,0.10382,0.13973,0.03036
G2018000794,5.6924,0.0734,0.10275,0.0345
G2018000795,5.9164,0.04938,0.08839,0.0351
G2018000796,5.4332,0.0744,0.09558,0.02523
G2018000797,5.7206,0.06751,0.09143,0.02727
G2018000798,5.7211,0.06995,0.08303,0.01995
G2018000799,5.5947,0.06589,0.07237,0.03391
G2018000800,9.4631,0.11376,0.13374,0.03439
G2018000801,9.7102,0.09663,0.14844,0.02299
G2018000802,9.4166,0.0968,0.15287,0.02822
G2018000803,5.8532,0.06198,0.10052,0.02815
G2018000804,5.3481,0.06136,0.07964,0.03063
G2018000805,12.1058,0.12087,0.20276,0.02234
G2018000806,6.1229,0.06128,0.09532,0.02455
G2018000807,5.3163,0.06917,0.09221,0.01997
G2018000808,5.7968,0.07677,0.07181,0.02792
G2018000809,6.2224,0.05327,0.08363,0.02301
G2018000810,9.5724,0.11331,0.13648,0.02229
G2018000811,8.6879,0.09354,0.14695,0.02912
G2018000812,5.8997,0.05363,0.08117,0.02243
G2018000813,5.4272,0.05654,0.09659,0.02982
G2018000814,5.9825,0.07757,0.0934,0.0335
G2018000815,7.6762,0.08928,0.11885,0.02066
G2018000816,9.9502,0.10133,0.1558,0.02562
G2018000817,5.609,0.04321,0.09104,0.035
G2018000818,4.9148,0.061,0.08457,0.02491
G2018000819,5.1298,0.05847,0.08321,0.02329
G2018000820,7.8046,0.07636,0.11074,0.03422
G2018000821,4.8605,0.07956,0.08706,0.01844
G2018000822,8.0525,0.07417,0.14756,0.03484
G2018000823,5.7352,0.06039,0.08642,0.0226
G2018000824,6.0417,0.04631,0.1085,0.03486
G2018000825,7.9833,0.09836,0.12358,0.01953
G2018000826,6.3907,0.06477,0.08173,0.02902
G2018000827,11.8083,0.13754,0.17558,0.02244
G2018000828,5.758,0.0766,0.09266,0.03552
G2018000829,10.2141,0.09919,0.14494,0.02213
G2018000830,7.685,0.09637,0.12397,0.01843
G2018000831,8.152,0.09825,0.11669,0.01849
G2018000832,6.1245,0.06221,0.09354,0.0343
G2018000833,6.5272,0.06411,0.07538,0.01896
G2018000834,7.1867,0.07559,0.11979,0.02578
G2018000835,5.1692,0.06729,0.08474,0.02973
G2018000836,6.2219,0.076,0.09832,0.03132
G2018000837,5.6936,0.04754,0.08213,0.02579
G2018000838,5.32,0.06731,0.08387,0.01923
G2018000839,11.9094,0.12155,0.19955,0.03297
G2018000840,4.9548,0.04426,0.06329,0.0227
G2018000841,6.0358,0.06443,0.0763,0.01905
G2018000842,6.6717,0.05977,0.0874,0.03508
G2018000843,6.3506,0.06399,0.0828,0.02676
G2018000844,6.8882,0.06587,0.08371,0.02957
G2018000845,9.5693,0.10283,0.15395,0.02016
G2018000846,5.3288,0.05906,0.09113,0.0338
G2018000847,5.5771,0.0592,0.07738,0.02424
G2018000848,7.854,0.08635,0.11269,0.02058
G2018000849,5.7501,0.06343,0.09772,0.03203
G2018000850,6.0315,0.05698,0.10692,0.02111
G2018000851,9.6785,0.11623,0.13261,0.02061
G2018000852,5.9607,0.06684,0.08,0.03109
G2018000853,5.3329,0.06627,0.08119,0.02892
G2018000854,5.1049,0.0641,0.09201,0.02042
G2018000855,6.1991,0.06701,0.09887,0.03087
G2018000856,6.5084,0.04771,0.07953,0.02565
G2018000857,9.5299,0.10508,0.14294,0.02581
G2018000858,7.8879,0.08829,0.11349,0.03122
G2018000859,9.9052,0.09097,0.17099,0.02235
G2018000860,10.0062,0.11244,0.14548,0.03065
G2018000861,5.1795,0.05865,0.08259,0.02335
G2018000862,7.9831,0.09166,0.11218,0.03549
G2018000863,5.4089,0.06937,0.08382,0.02956
G2018000864,5.1556,0.04772,0.09367,0.01872
G2018000865,8.5937,0.08058,0.1324,0.02547
G2018000866,6.5028,0.05347,0.07506,0.02647
G2018000867,4.7689,0.07737,0.07625,0.02509
G2018000868,12.1532,0.13178,0.18105,0.03268
G2018000869,8.2969,0.06956,0.12276,0.0345
G2018000870,5.2355,0.0535,0.10134,0.02339
G2018000871,9.1481,0.10658,0.12332,0.02472
G2018000872,5.5874,0.05307,0.10554,0.02456
G2018000873,5.6101,0.06473,0.10186,0.03076
G2018000874,6.0731,0.05294,0.10766,0.02141
G2018000875,5.546,0.07012,0.08931,0.02106
G2018000876,8.5091,0.08564,0.13562,0.01824
G2018000877,8.6789,0.07361,0.12489,0.02944
G2018000878,8.1167,0.11445,0.12493,0.0202
G2018000879,8.1113,0.09013,0.12641,0.02317
G2018000880,4.9325,0.05841,0.09881,0.03482
G2018000881,8.9338,0.07976,0.1192,0.0252
G2018000882,6.1154,0.074,0.075,0.02911
G2018000883,6.1356,0.06718,0.08079,0.01871
G2018000884,12.3491,0.13694,0.17875,0.03061
G2018000885,5.6145,0.05602,0.09644,0.03264
G2018000886,8.3305,0.07851,0.12869,0.02061
G2018000887,11.718,0.14079,0.18841,0.0238
G2018000888,9.6337,0.09765,0.12021,0.03364
G2018000889,5.1794,0.05818,0.08198,0.03231
G2018000890,9.8236,0.08729,0.17097,0.03599
G2018000891,11.9775,0.12439,0.18005,0.02521
G2018000892,9.7498,0.0959,0.15268,0.02246
G2018000893,5.2334,0.05982,0.0736,0.03382
G2018000894,9.0808,0.10609,0.14395,0.02709
G2018000895,5.7234,0.0697,0.08526,0.03083
G2018000896,5.5514,0.06922,0.06913,0.03201
G2018000897,5.8885,0.06278,0.0717,0.02675
G2018000898,9.5119,0.11353,0.16012,0.02867
G2018000899,6.2525,0.06812,0.07445,0.01925
G2018000900,9.1609,0.11421,0.13499,0.02018
G2018000901,11.5172,0.12018,0.17113,0.03571
G2018000902,12.2842,0.1183,0.18876,0.02343
G2018000903,12.699,0.11779,0.17748,0.0262
G2018000904,9.9192,0.10553,0.16071,0.02687
G2018000905,6.2326,0.06754,0.08584,0.03149
G2018000906,9.7882,0.1175,0.13742,0.02856
G2018000907,5.2497,0.05911,0.07,0.03114
G2018000908,5.5823,0.071,0.07079,0.03007
G2018000909,5.1734,0.05955,0.09458,0.0258
G2018000910,4.905,0.0621,0.09977,0.0353
G2018000911,8.1271,0.07154,0.0989,0.02624
G2018000912,9.691,0.10217,0.1432,0.02621
G2018000913,5.7709,0.05762,0.07404,0.03501
G2018000914,11.944,0.13814,0.19477,0.02606
G2018000915,8.364,0.09115,0.13929,0.02391
G2018000916,5.3015,0.05393,0.07892,0.02993
G2018000917,9.276,0.10649,0.13825,0.02293
G2018000918,5.1099,0.07395,0.08884,0.02999
G2018000919,6.188,0.05918,0.08501,0.01812
G2018000920,4.4226,0.05809,0.07616,0.02008
G2018000921,4.8938,0.05194,0.07566,0.02311
G2018000922,5.166,0.05131,0.09251,0.02892
G2018000923,7.9102,0.09537,0.12916,0.02264
G2018000924,11.9503,0.13945,0.1855,0.01959
G2018000925,5.5977,0.05818,0.08878,0.02223
G2018000926,4.8491,0.05348,0.09799,0.03224
G2018000927,5.1809,0.05032,0.08549,0.02403
G2018000928,5.7946,0.06284,0.09047,0.02804
G2018000929,8.6182,0.07958,0.13793,0.02397
G2018000930,9.541,0.09253,0.12733,0.02179
G2018000931,9.5398,0.10558,0.13772,0.03407
G2018000932,5.4395,0.04695,0.08566,0.02991
G2018000933,7.3926,0.07463,0.12463,0.02246
G2018000934,11.3814,0.14011,0.18155,0.01914
G2018000935,5.3496,0.06772,0.07716,0.02312
G2018000936,8.9134,0.08027,0.12119,0.02787
G2018000937,9.7631,0.10189,0.14241,0.02493
G2018000938,6.0548,0.07073,0.07558,0.02759
G2018000939,5.8746,0.05612,0.07416,0.02946
G2018000940,9.4198,0.11601,0.13872,0.02436
G2018000941,8.661,0.10668,0.1466,0.0335
G2018000942,4.7196,0.06823,0.08425,0.01823
G2018000943,5.6108,0.06905,0.10217,0.03384
G2018000944,8.7584,0.11188,0.12631,0.02303
G2018000945,9.0078,0.11017,0.12873,0.0191
G2018000946,5.6105,0.05879,0.06162,0.01912
G2018000947,8.2704,0.07922,0.1181,0.03368
G2018000948,6.2039,0.0632,0.09221,0.02113
G2018000949,5.4699,0.0582,0.10931,0.02656
G2018000950,10.7162,0.10132,0.1445,0.02047
G2018000951,6.2383,0.05583,0.08694,0.03544
G2018000952,5.5646,0.06567,0.07785,0.01827
G2018000953,5.9181,0.05764,0.07641,0.02384
G2018000954,6.2688,0.06763,0.09071,0.03436
G2018000955,9.6347,0.11041,0.14722,0.03219
G2018000956,5.9111,0.06858,0.0679,0.02807
G2018000957,10.9949,0.10371,0.15301,0.0352
G2018000958,9.6785,0.10256,0.14019,0.03307
G2018000959,9.2684,0.09896,0.1407,0.03312
G2018000960,7.9727,0.09352,0.11556,0.0321
G2018000961,9.9659,0.11427,0.15565,0.02124
G2018000962,9.9325,0.09796,0.14227,0.0259
G2018000963,10.2592,0.12382,0.14801,0.02922
G2018000964,9.2227,0.11458,0.14612,0.02611
G2018000965,5.169,0.05466,0.09804,0.03363
G2018000966,5.6615,0.0616,0.07264,0.01825
G2018000967,5.0563,0.06559,0.06815,0.02844
G2018000968,9.5537,0.09452,0.14174,0.02448
G2018000969,7.5741,0.07566,0.11971,0.01928
G2018000970,5.4279,0.06332,0.06518,0.03292
G2018000971,5.8136,0.07194,0.07559,0.02223
G2018000972,5.1702,0.08524,0.10166,0.02763
G2018000973,7.0344,0.0857,0.10551,0.02831
G2018000974,5.3204,0.04995,0.11064,0.0312
G2018000975,9.4808,0.11077,0.13372,0.03391
G2018000976,8.1465,0.08554,0.10666,0.03168
G2018000977,5.5458,0.06822,0.08283,0.0272
G2018000978,8.2646,0.09377,0.11195,0.02007
G2018000979,5.1784,0.05998,0.07047,0.03438
G2018000980,6.1935,0.06018,0.10602,0.02252
G2018000981,9.1346,0.10852,0.15924,0.03431
G2018000982,6.1113,0.05929,0.09401,0.02683
G2018000983,10.3961,0.10836,0.15641,0.02697
G2018000984,12.4855,0.13266,0.17901,0.02624
G2018000985,5.3222,0.05627,0.07682,0.02404
G2018000986,12.155,0.14291,0.18033,0.02009
G2018000987,6.6866,0.05518,0.09106,0.02757
G2018000988,9.2594,0.08974,0.14834,0.02532
G2018000989,5.0114,0.0821,0.09428,0.02577
G2018000990,9.6758,0.11505,0.14518,0.02551
G2018000991,7.7219,0.09386,0.11034,0.03528
G2018000992,8.1744,0.09193,0.1287,0.03518
G2018000993,6.2196,0.06872,0.08331,0.03278
G2018000994,5.1145,0.07636,0.09738,0.01849
G2018000995,5.6663,0.05479,0.08593,0.02463
G2018000996,6.3704,0.05347,0.09865,0.02319
G2018000997,10.087,0.09175,0.13846,0.03365
G2018000998,12.0165,0.13087,0.16588,0.03369
G2018000999,9.5907,0.10141,0.15013,0.02671
G2018001000,5.9378,0.0677,0.08804,0.01936
G2018001001,9.5553,0.10188,0.1405,0.03287
G2018001002,6.0065,0.07021,0.08856,0.0331
G2018001003,5.3917,0.06862,0.09305,0.03102
G2018001004,8.033,0.08915,0.14709,0.01891
G2018001005,6.5694,0.05328,0.07554,0.02343
G2018001006,5.1492,0.05669,0.10408,0.03
G2018001007,5.9102,0.06552,0.07394,0.02403
G2018001008,7.9285,0.07316,0.12819,0.03139
G2018001009,4.9687,0.06589,0.0898,0.03278
G2018001010,5.4523,0.0674,0.06207,0.0247
G2018001011,4.5217,0.05552,0.08876,0.03469
G2018001012,4.9823,0.05281,0.08718,0.02394
G2018001013,5.0537,0.0658,0.07332,0.03583
G2018001014,9.4425,0.1111,0.14769,0.02719
G2018001015,7.8136,0.07405,0.12975,0.02992
G2018001016,12.5437,0.13433,0.18329,0.02155
G2018001017,10.2925,0.11532,0.15387,0.02562
G2018001018,5.8941,0.06469,0.0818,0.02992
G2018001019,6.1475,0.07374,0.07328,0.01986
G2018001020,6.0559,0.06885,0.08989,0.02145
G2018001021,9.6164,0.11496,0.15125,0.03304
G2018001022,6.2144,0.06866,0.07897,0.02317
G2018001023,8.4253,0.08836,0.12403,0.02841
G2018001024,5.0479,0.06069,0.08876,0.02057
G2018001025,7.7167,0.10571,0.14123,0.03332
G2018001026,8.1451,0.06561,0.14628,0.0257
G2018001027,9.9456,0.11459,0.14207,0.03434
G2018001028,6.7853,0.07072,0.09346,0.03118
G2018001029,6.8948,0.10049,0.11679,0.02406
G2018001030,10.4015,0.10995,0.14527,0.03178
G2018001031,12.2204,0.14309,0.18794,0.01976
G2018001032,10.0571,0.11707,0.13395,0.01907
G2018001033,6.3345,0.05295,0.08943,0.03249
G2018001034,8.2766,0.08068,0.12753,0.02591
G2018001035,4.9568,0.06326,0.08408,0.01995
G2018001036,9.4898,0.09416,0.16951,0.03189
G2018001037,9.7752,0.09998,0.14516,0.02248
G2018001038,6.1238,0.05236,0.09337,0.0279
G2018001039,8.643,0.09791,0.15372,0.02168
G2018001040,8.9825,0.07427,0.10834,0.03513
G2018001041,6.7279,0.05591,0.07111,0.02045
G2018001042,6.2467,0.05048,0.08417,0.03527
G2018001043,5.8516,0.05294,0.0859,0.03368
G2018001044,5.2176,0.06222,0.07563,0.02643
G2018001045,9.9572,0.10532,0.13012,0.02211
G2018001046,6.5233,0.06095,0.06481,0.02693
G2018001047,9.9761,0.11751,0.1355,0.02849
G2018001048,7.4884,0.07945,0.12079,0.03578
G2018001049,5.9717,0.05362,0.09206,0.03015
G2018001050,5.1682,0.08209,0.07783,0.02513
G2018001051,6.003,0.0466,0.09511,0.02443
G2018001052,10.1298,0.11432,0.14126,0.02443
G2018001053,5.7728,0.06389,0.08456,0.03172
G2018001054,9.5265,0.10602,0.16286,0.03203
G2018001055,9.0879,0.10599,0.15146,0.0189
G2018001056,5.4657,0.06286,0.07363,0.02882
G2018001057,5.4354,0.05869,0.08813,0.02461
G2018001058,5.258,0.07253,0.08312,0.02496
G2018001059,10.2438,0.10902,0.14408,0.02553
G2018001060,5.6025,0.06903,0.09929,0.02497
G2018001061,5.5026,0.05728,0.08522,0.02252
G2018001062,4.9646,0.08215,0.08593,0.02357
G2018001063,7.5,0.0909,0.10374,0.01994
G2018001064,5.4713,0.05843,0.07501,0.03171
G2018001065,5.2555,0.07357,0.09065,0.02709
G2018001066,5.4832,0.06991,0.07555,0.0225
G2018001067,9.8679,0.11862,0.13602,0.02773
G2018001068,4.6407,0.05609,0.07839,0.02537
G2018001069,5.4915,0.04627,0.08308,0.02247
G2018001070,9.4184,0.07807,0.12596,0.0189
G2018001071,6.1982,0.0517,0.08015,0.02974
G2018001072,12.5406,0.14485,0.1918,0.03122
G2018001073,7.8901,0.07939,0.13384,0.03522
G2018001074,5.2039,0.05095,0.08955,0.02862
G2018001075,5.7842,0.05724,0.06906,0.02839
G2018001076,5.8374,0.04956,0.08814,0.02219
G2018001077,11.1779,0.12631,0.20694,0.03085
G2018001078,7.5823,0.08155,0.13403,0.0246
G2018001079,6.0861,0.05245,0.07584,0.03374
G2018001080,5.923,0.06629,0.09711,0.02855
G2018001081,9.0968,0.10883,0.11653,0.02084
G2018001082,6.466,0.04362,0.09271,0.033
G2018001083,11.6066,0.10877,0.18206,0.03582
G2018001084,12.2371,0.1438,0.18695,0.02953
G2018001085,8.9171,0.08764,0.13104,0.0309
G2018001086,5.3036,0.05269,0.08473,0.02499
G2018001087,7.8483,0.08099,0.13692,0.03435
G2018001088,5.1706,0.05728,0.06807,0.03378
G2018001089,5.2999,0.05244,0.08901,0.02009
G2018001090,5.6976,0.05792,0.1037,0.02704
G2018001091,6.0007,0.0422,0.07837,0.02996
G2018001092,5.9663,0.0561,0.0972,0.02311
G2018001093,9.2714,0.09477,0.15333,0.03403
G2018001094,5.7223,0.07108,0.09261,0.02425
G2018001095,8.8115,0.10442,0.16887,0.02992
G2018001096,5.1477,0.08886,0.07747,0.02035
G2018001097,6.0341,0.06078,0.07341,0.02432
G2018001098,9.9365,0.08449,0.1323,0.03448
G2018001099,9.4909,0.11133,0.13964,0.03031
G2018001100,5.0593,0.06645,0.08132,0.02263
G2018001101,5.9281,0.06045,0.09722,0.03521
G2018001102,9.8417,0.10548,0.14691,0.03027
G2018001103,5.9159,0.068,0.08679,0.02197
G2018001104,4.68,0.06674,0.09864,0.02463
G2018001105,8.5157,0.08233,0.11118,0.02887
G2018001106,7.771,0.08346,0.12076,0.02373
G2018001107,5.028,0.06063,0.0814,0.02252
G2018001108,5.1261,0.0645,0.07356,0.03112
G2018001109,8.3282,0.09318,0.13645,0.03552
G2018001110,6.142,0.07183,0.09657,0.03042
G2018001111,5.3859,0.05559,0.08849,0.02365
G2018001112,4.9026,0.07971,0.09534,0.03492
G2018001113,6.3797,0.0604,0.09227,0.02722
G2018001114,9.0629,0.10869,0.14796,0.02907
G2018001115,4.7119,0.0669,0.09337,0.02261
G2018001116,5.1864,0.05283,0.08025,0.03262
G2018001117,5.7026,0.07314,0.08849,0.03322
G2018001118,10.5992,0.11719,0.15181,0.01941
G2018001119,5.318,0.04581,0.0876,0.0273
G2018001120,9.8534,0.0991,0.15377,0.02167
G2018001121,7.9348,0.0843,0.12006,0.03273
G2018001122,4.9312,0.06932,0.09783,0.03333
G2018001123,4.8315,0.05868,0.08337,0.03307
G2018001124,8.5034,0.09492,0.12575,0.02444
G2018001125,6.1907,0.08224,0.0726,0.02045
G2018001126,5.9385,0.07809,0.07441,0.0242
G2018001127,12.0418,0.12135,0.18819,0.02357
G2018001128,4.7527,0.06926,0.0759,0.02898
G2018001129,9.4256,0.10363,0.15343,0.03152
G2018001130,9.6517,0.11851,0.15971,0.03419
G2018001131,7.6039,0.09609,0.10792,0.03367
G2018001132,12.1146,0.14128,0.2017,0.02172
G2018001133,5.1409,0.05388,0.09794,0.0277
G2018001134,5.6191,0.05486,0.10632,0.03273
G2018001135,8.0243,0.09678,0.12066,0.02896
G2018001136,6.0999,0.05955,0.09081,0.0351
G2018001137,5.4135,0.05202,0.07928,0.0286
G2018001138,8.4568,0.0926,0.13888,0.02187
G2018001139,10.2542,0.09289,0.15098,0.01898
G2018001140,5.6516,0.05981,0.07032,0.01838
G2018001141,7.967,0.08226,0.11112,0.01927
G2018001142,12.1978,0.12683,0.20004,0.03087
G2018001143,5.085,0.06192,0.07227,0.02717
G2018001144,10.6,0.10748,0.15278,0.02471
G2018001145,11.7116,0.13371,0.18163,0.03166
G2018001146,5.9328,0.05707,0.0981,0.02712
G2018001147,4.8242,0.07436,0.07896,0.02491
G2018001148,5.7863,0.05039,0.07985,0.02694
G2018001149,9.4551,0.11712,0.15588,0.0187
G2018001150,5.8006,0.06862,0.05916,0.0217
G2018001151,5.5842,0.05805,0.0903,0.03154
G2018001152,6.215,0.06122,0.10045,0.03427
G2018001153,5.743,0.05428,0.07625,0.03196
G2018001154,5.5152,0.06222,0.09181,0.03502
G2018001155,6.1173,0.0597,0.09905,0.0298
G2018001156,10.167,0.1077,0.15498,0.027
G2018001157,10.3939,0.10865,0.15967,0.03006
G2018001158,5.7075,0.07022,0.08036,0.02905
G2018001159,8.3597,0.0734,0.13267,0.0203
G2018001160,8.3616,0.08388,0.13144,0.01876
G2018001161,5.6231,0.06572,0.07061,0.03562
G2018001162,10.5336,0.09814,0.14222,0.03364
G2018001163,6.1753,0.0701,0.08063,0.02662
G2018001164,8.6047,0.10168,0.1424,0.03153
G2018001165,5.7583,0.06293,0.09222,0.02747
G2018001166,8.9396,0.11891,0.13503,0.03148
G2018001167,7.4355,0.09648,0.13448,0.01898
G2018001168,9.4338,0.1097,0.15006,0.02842
G2018001169,5.4541,0.05934,0.0957,0.02802
G2018001170,9.509,0.1188,0.12734,0.02056
G2018001171,5.1058,0.05844,0.06642,0.02918
G2018001172,6.1146,0.05315,0.08352,0.03432
G2018001173,5.6921,0.05534,0.07289,0.02878
G2018001174,5.1061,0.05464,0.09217,0.0216
G2018001175,7.8124,0.09383,0.13088,0.03214
G2018001176,5.0556,0.05368,0.0846,0.03167
G2018001177,10.2889,0.095,0.14826,0.03587
G2018001178,8.1129,0.09046,0.13892,0.03528
G2018001179,9.2351,0.10963,0.1452,0.0227
G2018001180,9.3992,0.09608,0.14406,0.03346
G2018001181,9.5879,0.10296,0.13821,0.02226
G2018001182,6.0873,0.05623,0.07677,0.0339
G2018001183,5.6724,0.06152,0.08941,0.03159
G2018001184,5.303,0.0447,0.09787,0.0266
G2018001185,5.0598,0.03972,0.07852,0.02811
G2018001186,5.4371,0.05415,0.10865,0.02731
G2018001187,7.9921,0.07686,0.12952,0.02412
G2018001188,5.3137,0.06185,0.08891,0.0189
G2018001189,12.5073,0.14538,0.17696,0.01834
G2018001190,5.1395,0.06938,0.09644,0.03067
G2018001191,5.2039,0.05711,0.07954,0.02351
G2018001192,5.8185,0.03934,0.09354,0.03116
G2018001193,4.9878,0.04978,0.09532,0.03022
G2018001194,4.9686,0.06097,0.10262,0.02101
G2018001195,5.63,0.06259,0.09037,0.03231
G2018001196,6.152,0.06293,0.08589,0.01924
G2018001197,5.4598,0.05554,0.07921,0.0223
G2018001198,4.7797,0.0557,0.08845,0.02838
G2018001199,9.9559,0.10909,0.15082,0.02646
G2018001200,4.8655,0.05715,0.08463,0.02145
G2018001201,5.1796,0.07251,0.08608,0.01979
G2018001202,6.3883,0.05466,0.09026,0.03448
G2018001203,6.2168,0.06523,0.09629,0.01879
G2018001204,5.7242,0.069,0.08614,0.01826
G2018001205,5.0627,0.0521,0.09509,0.02293
G2018001206,6.5779,0.05851,0.07052,0.02915
G2018001207,7.9284,0.08998,0.13375,0.02935
G2018001208,5.2533,0.05279,0.08538,0.03046
G2018001209,9.739,0.09582,0.15155,0.02294
G2018001210,5.9384,0.06583,0.08368,0.0263
G2018001211,8.9653,0.08732,0.12904,0.02485
G2018001212,5.9793,0.05507,0.09778,0.03343
G2018001213,5.3915,0.06726,0.08436,0.03104
G2018001214,8.8617,0.10331,0.15232,0.0247
G2018001215,9.1303,0.07965,0.10334,0.02956
G2018001216,5.0032,0.05308,0.09416,0.02241
G2018001217,4.7765,0.06338,0.10062,0.02811
G2018001218,5.9792,0.0453,0.07908,0.03575
G2018001219,9.6023,0.11018,0.15059,0.03043
G2018001220,5.4777,0.07453,0.09155,0.02857
G2018001221,8.8413,0.09833,0.15754,0.02981
G2018001222,6.0619,0.07414,0.0984,0.0344
G2018001223,8.2769,0.08429,0.12337,0.0347
G2018001224,8.164,0.09958,0.12007,0.03387
G2018001225,5.6495,0.07485,0.08077,0.02541
G2018001226,6.3165,0.06316,0.09755,0.02232
G2018001227,5.3765,0.07508,0.09688,0.03233
G2018001228,5.2028,0.07206,0.09873,0.02914
G2018001229,6.4968,0.05669,0.0933,0.03008
G2018001230,5.1725,0.06154,0.07877,0.03381
G2018001231,5.3384,0.05721,0.09618,0.02399
G2018001232,5.5097,0.06011,0.08245,0.02647
G2018001233,4.9929,0.05566,0.09017,0.03438
G2018001234,10.1731,0.08923,0.13236,0.03389
G2018001235,9.9901,0.11352,0.15373,0.02103
G2018001236,6.568,0.05483,0.07507,0.02773
G2018001237,9.812,0.10661,0.15591,0.02083
G2018001238,5.6889,0.04879,0.07973,0.02316
G2018001239,5.8869,0.047,0.08043,0.0279
G2018001240,6.1198,0.07195,0.11348,0.02074
G2018001241,4.8499,0.08681,0.07414,0.018
G2018001242,5.3979,0.04954,0.07464,0.03212
G2018001243,5.3661,0.05278,0.08697,0.03097
G2018001244,9.9063,0.09541,0.13443,0.03181
G2018001245,12.8174,0.13028,0.20133,0.02271
G2018001246,8.891,0.0926,0.11398,0.03129
G2018001247,8.4758,0.08653,0.12085,0.02321
G2018001248,8.1992,0.07676,0.13643,0.02617
G2018001249,5.8912,0.06392,0.07821,0.03371
G2018001250,5.1257,0.05587,0.08262,0.02896
G2018001251,8.0425,0.09066,0.12691,0.0274
G2018001252,10.476,0.09636,0.15484,0.02342
G2018001253,5.1749,0.07191,0.09535,0.02772
G2018001254,7.6516,0.09488,0.10925,0.02685
G2018001255,11.3723,0.12699,0.17745,0.02181
G2018001256,6.2916,0.06318,0.08293,0.02388
G2018001257,4.7843,0.06094,0.07918,0.02701
G2018001258,5.2418,0.06492,0.10481,0.02592
G2018001259,9.6859,0.11729,0.13744,0.03365
G2018001260,4.9615,0.05758,0.07876,0.03331
G2018001261,11.9343,0.13447,0.19801,0.01975
G2018001262,5.0612,0.05849,0.08398,0.02966
G2018001263,5.5806,0.05951,0.09187,0.03599
G2018001264,5.2104,0.06085,0.10176,0.02992
G2018001265,4.6936,0.05692,0.08698,0.01913
G2018001266,5.8021,0.05808,0.0942,0.02146
G2018001267,9.8678,0.10413,0.15805,0.02897
G2018001268,5.105,0.06435,0.08088,0.02324
G2018001269,9.8874,0.0945,0.13263,0.02532
G2018001270,9.7462,0.10472,0.15999,0.03505
G2018001271,5.2105,0.04707,0.07059,0.02424
G2018001272,5.3807,0.05998,0.10391,0.02017
G2018001273,5.4121,0.05619,0.08128,0.02564
G2018001274,6.0975,0.05199,0.09094,0.03107
G2018001275,10.3004,0.10084,0.16585,0.02792
G2018001276,6.2627,0.0743,0.09458,0.02172
G2018001277,6.686,0.08246,0.09546,0.03368
G2018001278,4.8511,0.06663,0.09555,0.0305
G2018001279,5.2764,0.0502,0.10452,0.02279
G2018001280,9.881,0.10109,0.13752,0.02172
G2018001281,5.4826,0.05557,0.05717,0.03127
G2018001282,5.8855,0.06244,0.0848,0.02177
G2018001283,5.178,0.07174,0.07973,0.02524
G2018001284,5.5455,0.06885,0.07976,0.01933
G2018001285,7.9015,0.08375,0.11793,0.03232
G2018001286,6.4072,0.0766,0.07777,0.03331
G2018001287,5.192,0.05468,0.09754,0.02349
G2018001288,10.4397,0.11675,0.14855,0.0354
G2018001289,5.5203,0.05697,0.08548,0.02616
G2018001290,6.1919,0.06478,0.0945,0.03257
G2018001291,8.4833,0.0828,0.12105,0.03368
G2018001292,5.1766,0.07251,0.08931,0.02312
G2018001293,10.243,0.11715,0.14477,0.03425
G2018001294,5.8384,0.05869,0.07831,0.02454
G2018001295,5.3718,0.04777,0.07757,0.02606
G2018001296,5.6294,0.07557,0.08198,0.02107
G2018001297,13.3375,0.13433,0.20006,0.03542
G2018001298,10.181,0.09985,0.15436,0.02992
G2018001299,7.9123,0.09528,0.11142,0.0219
G2018001300,5.7157,0.0443,0.08747,0.02281
G2018001301,5.681,0.0609,0.10184,0.02724
G2018001302,9.1455,0.08534,0.13749,0.02436
G2018001303,7.3578,0.08551,0.11455,0.0278
G2018001304,5.2376,0.04992,0.07047,0.02532
G2018001305,6.4472,0.04703,0.08462,0.02211
G2018001306,9.5137,0.1121,0.14462,0.02482
G2018001307,7.0785,0.03877,0.0922,0.03128
G2018001308,6.438,0.06642,0.07951,0.02668
G2018001309,5.868,0.04416,0.079,0.02284
G2018001310,6.6243,0.05804,0.10516,0.03157
G2018001311,7.2546,0.08886,0.12489,0.02491
G2018001312,9.2589,0.10353,0.12863,0.03565
G2018001313,6.34,0.05246,0.08988,0.03382
G2018001314,9.6109,0.09991,0.16139,0.02178
G2018001315,9.7871,0.09675,0.16186,0.01863
G2018001316,5.1542,0.06896,0.10059,0.03114
G2018001317,12.6394,0.12492,0.21051,0.03473
G2018001318,5.4747,0.05942,0.06887,0.03267
G2018001319,5.3597,0.0662,0.0811,0.02573
G2018001320,5.3982,0.06177,0.09184,0.01932
G2018001321,11.936,0.13566,0.18539,0.0298
G2018001322,4.7564,0.06399,0.07812,0.02052
G2018001323,12.3926,0.13704,0.17659,0.02588
G2018001324,6.0801,0.03967,0.07748,0.03555
G2018001325,5.0814,0.06589,0.09298,0.02746
G2018001326,5.056,0.0621,0.06193,0.02391
G2018001327,8.72,0.08718,0.11389,0.02568
G2018001328,10.2622,0.10167,0.13233,0.02073
G2018001329,8.2449,0.07986,0.11322,0.02693
G2018001330,6.549,0.05606,0.07993,0.02747
G2018001331,5.3559,0.05876,0.08483,0.02665
G2018001332,5.6385,0.06107,0.06346,0.02648
G2018001333,5.7677,0.04428,0.09204,0.02416
G2018001334,5.9722,0.06253,0.09669,0.03165
G2018001335,8.5661,0.09123,0.12972,0.01983
G2018001336,7.5552,0.1016,0.12273,0.01803
G2018001337,12.1494,0.12225,0.19287,0.03005
G2018001338,5.6672,0.07474,0.10387,0.03585
G2018001339,9.7773,0.11642,0.15629,0.03323
G2018001340,7.5841,0.08863,0.10232,0.03496
G2018001341,6.0615,0.05535,0.09813,0.0257
G2018001342,5.7755,0.05048,0.09427,0.03183
G2018001343,5.7368,0.07557,0.08284,0.02893
G2018001344,9.3784,0.09942,0.14152,0.03232
G2018001345,4.699,0.06845,0.0888,0.01816
G2018001346,5.6075,0.07696,0.10936,0.02472
G2018001347,5.1076,0.0668,0.07414,0.03218
G2018001348,5.1952,0.05756,0.07683,0.03375
G2018001349,5.331,0.06057,0.09013,0.02394
G2018001350,6.3742,0.08253,0.09323,0.03549
G2018001351,4.8003,0.06642,0.08929,0.03347
G2018001352,9.5689,0.11323,0.15874,0.03291
G2018001353,9.5745,0.09769,0.16017,0.02129
G2018001354,6.0054,0.04856,0.09978,0.02043
G2018001355,10.3782,0.11709,0.14123,0.02003
G2018001356,7.5021,0.08393,0.10417,0.02593
G2018001357,8.4278,0.07995,0.11832,0.03349
G2018001358,4.6748,0.06789,0.10308,0.02162
G2018001359,6.0357,0.05851,0.07514,0.03515
G2018001360,5.4977,0.05666,0.08472,0.0189
G2018001361,9.546,0.10192,0.16123,0.02872
G2018001362,5.6864,0.05772,0.09813,0.02576
G2018001363,10.4965,0.09815,0.13768,0.02759
G2018001364,5.0739,0.06873,0.08145,0.02263
G2018001365,4.9764,0.07147,0.10345,0.01888
G2018001366,5.9574,0.05682,0.08749,0.03027
G2018001367,5.7381,0.06004,0.09361,0.03424
G2018001368,6.0031,0.0437,0.08471,0.03482
G2018001369,5.2488,0.05894,0.08173,0.02636
G2018001370,11.4865,0.12954,0.20182,0.01937
G2018001371,9.8751,0.10632,0.1331,0.01933
G2018001372,6.7043,0.06216,0.09034,0.01935
G2018001373,10.9134,0.10033,0.12216,0.03222
G2018001374,9.2521,0.11009,0.16269,0.01853
G2018001375,12.7873,0.13413,0.21193,0.02046
G2018001376,4.8559,0.06965,0.09744,0.02025
G2018001377,5.7023,0.0645,0.09368,0.02763
G2018001378,4.9982,0.04136,0.09016,0.01958
G2018001379,5.2455,0.0649,0.10305,0.02722
G2018001380,5.5141,0.07125,0.06885,0.02469
G2018001381,9.4736,0.0945,0.14678,0.02043
G2018001382,8.2298,0.0874,0.0978,0.01883
G2018001383,5.3522,0.04936,0.07297,0.03421
G2018001384,5.3388,0.0447,0.07317,0.02513
G2018001385,10.3657,0.10598,0.1521,0.0349
G2018001386,12.1314,0.13483,0.19122,0.02963
G2018001387,5.873,0.06304,0.08781,0.02695
G2018001388,5.2369,0.06548,0.07683,0.02303
G2018001389,5.7631,0.08012,0.08899,0.03471
G2018001390,10.0139,0.104,0.14178,0.03599
G2018001391,9.55,0.096,0.16381,0.0344
G2018001392,9.7721,0.10352,0.16463,0.02484
G2018001393,6.3643,0.06634,0.09215,0.03201
G2018001394,5.4854,0.08029,0.10026,0.01954
G2018001395,6.7519,0.05279,0.10742,0.02157
G2018001396,5.7547,0.0594,0.08192,0.03348
G2018001397,5.7597,0.05651,0.09486,0.01888
G2018001398,4.6355,0.05777,0.08455,0.02162
G2018001399,6.3369,0.05372,0.08624,0.02101
G2018001400,5.7241,0.05475,0.07247,0.02368
G2018001401,4.9373,0.05232,0.07572,0.03142
G2018001402,5.549,0.05884,0.09522,0.02715
G2018001403,9.4536,0.09444,0.14258,0.03355
G2018001404,5.8299,0.0667,0.09786,0.02485
G2018001405,9.081,0.07698,0.13492,0.03318
G2018001406,6.3424,0.04955,0.0739,0.02755
G2018001407,6.367,0.09548,0.12438,0.03025
G2018001408,10.6748,0.09542,0.13682,0.03487
G2018001409,6.1244,0.06139,0.08306,0.03107
G2018001410,9.57,0.11355,0.12821,0.0191
G2018001411,12.1895,0.14272,0.19433,0.02553
G2018001412,9.9947,0.08567,0.16136,0.02256
G2018001413,5.3963,0.06359,0.09656,0.03543
G2018001414,5.6562,0.05739,0.09751,0.02892
G2018001415,5.6942,0.06048,0.08281,0.02139
G2018001416,10.5376,0.10194,0.1605,0.03504
G2018001417,4.8836,0.06583,0.09426,0.02959
G2018001418,6.2134,0.06532,0.07753,0.02059
G2018001419,9.7219,0.08732,0.15486,0.02358
G2018001420,5.5173,0.05514,0.08038,0.02133
G2018001421,10.3189,0.09785,0.13293,0.02421
G2018001422,5.4227,0.05336,0.07598,0.02279
G2018001423,11.4525,0.12815,0.21235,0.0321
G2018001424,11.8165,0.11771,0.21021,0.0297
G2018001425,9.2385,0.08495,0.11933,0.0267
G2018001426,5.0261,0.0608,0.05448,0.02495
G2018001427,9.2066,0.12119,0.1489,0.03306
G2018001428,7.7135,0.08881,0.10908,0.03416
G2018001429,5.8921,0.06586,0.09063,0.02963
G2018001430,5.644,0.05679,0.10374,0.03549
G2018001431,8.5286,0.06576,0.11845,0.02776
G2018001432,5.3166,0.05554,0.09145,0.02684
G2018001433,7.7578,0.07634,0.11992,0.02702
G2018001434,8.0285,0.10861,0.13987,0.02754
G2018001435,9.505,0.09174,0.14884,0.03281
G2018001436,4.8399,0.07146,0.09402,0.03354
G2018001437,4.6481,0.05802,0.08305,0.03472
G2018001438,7.8637,0.08251,0.12119,0.03121
G2018001439,5.9022,0.03326,0.09678,0.02173
G2018001440,9.7843,0.11001,0.14621,0.02923
G2018001441,5.0163,0.05419,0.09467,0.02914
G2018001442,6.0218,0.04815,0.08961,0.0208
G2018001443,5.9201,0.06517,0.09613,0.02946
G2018001444,4.8101,0.0768,0.09316,0.0238
G2018001445,6.2313,0.06,0.09866,0.0294
G2018001446,10.3291,0.11548,0.14724,0.03098
G2018001447,5.3374,0.0629,0.08305,0.03461
G2018001448,11.5542,0.13987,0.1935,0.02639
G2018001449,6.0591,0.07399,0.07061,0.02444
G2018001450,10.2909,0.09859,0.13733,0.02862
G2018001451,5.7891,0.06865,0.10611,0.01845
G2018001452,5.3994,0.06994,0.07181,0.02522
G2018001453,8.5506,0.0847,0.09396,0.03189
G2018001454,10.9526,0.11626,0.14673,0.01813
G2018001455,9.5912,0.1026,0.15934,0.031
G2018001456,5.5346,0.05811,0.08663,0.03529
G2018001457,5.4931,0.06674,0.07402,0.031
G2018001458,9.5224,0.10816,0.16078,0.03147
G2018001459,6.349,0.05843,0.08342,0.03124
G2018001460,5.6255,0.05646,0.08765,0.03198
G2018001461,8.4367,0.08341,0.12138,0.03565
G2018001462,13.037,0.11594,0.20132,0.03256
G2018001463,5.8819,0.05881,0.09374,0.02145
G2018001464,5.1591,0.0704,0.1076,0.03563
G2018001465,9.6842,0.09743,0.1433,0.03013
G2018001466,9.6223,0.11106,0.15212,0.01981
G2018001467,7.0843,0.03646,0.05981,0.02633
G2018001468,5.132,0.07819,0.06688,0.02625
G2018001469,4.7071,0.06175,0.08896,0.01923
G2018001470,7.8428,0.08848,0.13095,0.02673
G2018001471,5.5123,0.08554,0.08106,0.0357
G2018001472,10.2965,0.10881,0.14118,0.03318
G2018001473,7.7739,0.07829,0.11052,0.03313
G2018001474,11.9134,0.13234,0.17301,0.03335
G2018001475,13.0663,0.11884,0.18919,0.03556
G2018001476,5.2693,0.07874,0.06908,0.02911
G2018001477,6.0354,0.06396,0.07697,0.02146
G2018001478,5.7115,0.05887,0.08497,0.02115
G2018001479,7.8131,0.09721,0.12164,0.03582
G2018001480,5.6118,0.051,0.07768,0.02734
G2018001481,9.5783,0.09968,0.12516,0.02442
G2018001482,8.1522,0.07322,0.11147,0.02293
G2018001483,5.9127,0.06337,0.09099,0.02314
G2018001484,9.8909,0.11918,0.14767,0.03264
G2018001485,11.6934,0.14209,0.17468,0.02304
G2018001486,5.4468,0.05894,0.09515,0.03275
G2018001487,5.3918,0.04602,0.09755,0.03498
G2018001488,13.0793,0.12972,0.18268,0.03173
G2018001489,9.6919,0.10414,0.14191,0.01993
G2018001490,8.7098,0.08024,0.11889,0.02008
G2018001491,5.794,0.05708,0.09248,0.02294
G2018001492,6.2527,0.05063,0.08635,0.01975
G2018001493,7.2888,0.06956,0.12921,0.02226
G2018001494,5.2685,0.04837,0.06746,0.02071
G2018001495,6.1645,0.06072,0.07346,0.02491
G2018001496,12.5726,0.11911,0.18725,0.02022
G2018001497,9.2381,0.1069,0.14681,0.01938
G2018001498,5.906,0.05684,0.07542,0.02886
G2018001499,5.1487,0.05643,0.07725,0.03578
